23:18:51 INFO  : Launching XSCT server: xsct.bat -n  -interactive C:\Users\Saad\Desktop\echo_Clone\new_echo-main\temp_xsdb_launch_script.tcl
23:18:51 INFO  : Registering command handlers for Vitis TCF services
23:18:51 INFO  : Platform repository initialization has completed.
23:18:53 INFO  : XSCT server has started successfully.
23:18:53 INFO  : plnx-install-location is set to ''
23:18:53 INFO  : Successfully done setting XSCT server connection channel  
23:18:54 INFO  : Successfully done setting workspace for the tool. 
23:18:54 INFO  : Successfully done query RDI_DATADIR 
23:22:00 INFO  : Result from executing command 'getProjects': pchdmi_hw
23:22:00 INFO  : Result from executing command 'getPlatforms': 
23:23:50 ERROR : (XSDB Server)rm: cannot lstat `*.o': Invalid argument

23:23:50 ERROR : (XSDB Server)make: *** [Makefile:42: clean] Error 1

23:24:54 INFO  : No changes in MSS file content so sources will not be generated.
23:28:17 INFO  : Launching XSCT server: xsct.bat -n  -interactive C:\Users\Saad\Desktop\echo_Clone\new_echo-main\temp_xsdb_launch_script.tcl
23:28:20 INFO  : Platform repository initialization has completed.
23:28:20 INFO  : XSCT server has started successfully.
23:28:20 INFO  : plnx-install-location is set to ''
23:28:20 INFO  : Successfully done setting XSCT server connection channel  
23:28:20 INFO  : Successfully done query RDI_DATADIR 
23:28:20 INFO  : Successfully done setting workspace for the tool. 
23:28:20 INFO  : Registering command handlers for Vitis TCF services
23:29:23 INFO  : Result from executing command 'getProjects': pchdmi_hw
23:29:23 INFO  : Result from executing command 'getPlatforms': pchdmi_hw|C:/Users/Saad/Desktop/echo_Clone/new_echo-main/pchdmi_hw/export/pchdmi_hw/pchdmi_hw.xpfm
23:29:40 INFO  : No changes in MSS file content so sources will not be generated.
23:30:40 INFO  : Result from executing command 'removePlatformRepo': 
23:33:29 INFO  : Result from executing command 'getProjects': pchdmi_hw
23:33:29 INFO  : Result from executing command 'getPlatforms': 
23:33:30 INFO  : Checking for BSP changes to sync application flags for project 'pchdmi'...
23:33:56 INFO  : Connected to target on host '127.0.0.1' and port '3121'.
23:33:57 INFO  : Jtag cable 'Digilent JTAG-SMT2 210251A08870' is selected.
23:33:57 INFO  : 'jtag frequency' command is executed.
23:33:57 INFO  : Context for 'APU' is selected.
23:33:57 INFO  : System reset is completed.
23:34:00 INFO  : 'after 3000' command is executed.
23:34:00 INFO  : 'targets -set -filter {jtag_cable_name =~ "Digilent JTAG-SMT2 210251A08870" && level==0 && jtag_device_ctx=="jsn-JTAG-SMT2-210251A08870-13722093-0"}' command is executed.
23:34:01 INFO  : Device configured successfully with "C:/Users/Saad/Desktop/echo_Clone/new_echo-main/pchdmi/_ide/bitstream/hdmipipeline.bit"
23:34:01 INFO  : Context for 'APU' is selected.
23:34:01 INFO  : Hardware design and registers information is loaded from 'C:/Users/Saad/Desktop/echo_Clone/new_echo-main/pchdmi_hw/export/pchdmi_hw/hw/hdmipipeline.xsa'.
23:34:01 INFO  : 'configparams force-mem-access 1' command is executed.
23:34:01 INFO  : Context for 'APU' is selected.
23:34:01 INFO  : Sourcing of 'C:/Users/Saad/Desktop/echo_Clone/new_echo-main/pchdmi/_ide/psinit/ps7_init.tcl' is done.
23:34:02 INFO  : 'ps7_init' command is executed.
23:34:03 INFO  : 'ps7_post_config' command is executed.
23:34:03 INFO  : Context for processor 'ps7_cortexa9_0' is selected.
23:34:03 INFO  : The application 'C:/Users/Saad/Desktop/echo_Clone/new_echo-main/pchdmi/Debug/pchdmi.elf' is downloaded to processor 'ps7_cortexa9_0'.
23:34:04 INFO  : 'configparams force-mem-access 0' command is executed.
23:34:04 INFO  : ----------------XSDB Script----------------
connect -url tcp:127.0.0.1:3121
targets -set -nocase -filter {name =~"APU*"}
rst -system
after 3000
targets -set -filter {jtag_cable_name =~ "Digilent JTAG-SMT2 210251A08870" && level==0 && jtag_device_ctx=="jsn-JTAG-SMT2-210251A08870-13722093-0"}
fpga -file C:/Users/Saad/Desktop/echo_Clone/new_echo-main/pchdmi/_ide/bitstream/hdmipipeline.bit
targets -set -nocase -filter {name =~"APU*"}
loadhw -hw C:/Users/Saad/Desktop/echo_Clone/new_echo-main/pchdmi_hw/export/pchdmi_hw/hw/hdmipipeline.xsa -mem-ranges [list {0x40000000 0xbfffffff}] -regs
configparams force-mem-access 1
targets -set -nocase -filter {name =~"APU*"}
source C:/Users/Saad/Desktop/echo_Clone/new_echo-main/pchdmi/_ide/psinit/ps7_init.tcl
ps7_init
ps7_post_config
targets -set -nocase -filter {name =~ "*A9*#0"}
dow C:/Users/Saad/Desktop/echo_Clone/new_echo-main/pchdmi/Debug/pchdmi.elf
configparams force-mem-access 0
----------------End of Script----------------

23:34:04 INFO  : Context for processor 'ps7_cortexa9_0' is selected.
23:34:04 INFO  : 'con' command is executed.
23:34:04 INFO  : ----------------XSDB Script (After Launch)----------------
targets -set -nocase -filter {name =~ "*A9*#0"}
con
----------------End of Script----------------

23:34:05 INFO  : Launch script is exported to file 'C:\Users\Saad\Desktop\echo_Clone\new_echo-main\pchdmi_system\_ide\scripts\systemdebugger_pchdmi_system_standalone.tcl'
23:35:47 INFO  : Checking for BSP changes to sync application flags for project 'pchdmi'...
23:36:05 INFO  : Disconnected from the channel tcfchan#5.
23:36:05 INFO  : Connected to target on host '127.0.0.1' and port '3121'.
23:36:05 INFO  : Jtag cable 'Digilent JTAG-SMT2 210251A08870' is selected.
23:36:05 INFO  : 'jtag frequency' command is executed.
23:36:05 INFO  : Context for 'APU' is selected.
23:36:05 INFO  : System reset is completed.
23:36:08 INFO  : 'after 3000' command is executed.
23:36:09 INFO  : 'targets -set -filter {jtag_cable_name =~ "Digilent JTAG-SMT2 210251A08870" && level==0 && jtag_device_ctx=="jsn-JTAG-SMT2-210251A08870-13722093-0"}' command is executed.
23:36:10 INFO  : Device configured successfully with "C:/Users/Saad/Desktop/echo_Clone/new_echo-main/pchdmi/_ide/bitstream/hdmipipeline.bit"
23:36:10 INFO  : Context for 'APU' is selected.
23:36:10 INFO  : Hardware design and registers information is loaded from 'C:/Users/Saad/Desktop/echo_Clone/new_echo-main/pchdmi_hw/export/pchdmi_hw/hw/hdmipipeline.xsa'.
23:36:10 INFO  : 'configparams force-mem-access 1' command is executed.
23:36:10 INFO  : Context for 'APU' is selected.
23:36:10 INFO  : Sourcing of 'C:/Users/Saad/Desktop/echo_Clone/new_echo-main/pchdmi/_ide/psinit/ps7_init.tcl' is done.
23:36:12 INFO  : 'ps7_init' command is executed.
23:36:12 INFO  : 'ps7_post_config' command is executed.
23:36:13 INFO  : Context for processor 'ps7_cortexa9_0' is selected.
23:36:13 INFO  : The application 'C:/Users/Saad/Desktop/echo_Clone/new_echo-main/pchdmi/Debug/pchdmi.elf' is downloaded to processor 'ps7_cortexa9_0'.
23:36:13 INFO  : 'configparams force-mem-access 0' command is executed.
23:36:13 INFO  : ----------------XSDB Script----------------
connect -url tcp:127.0.0.1:3121
targets -set -nocase -filter {name =~"APU*"}
rst -system
after 3000
targets -set -filter {jtag_cable_name =~ "Digilent JTAG-SMT2 210251A08870" && level==0 && jtag_device_ctx=="jsn-JTAG-SMT2-210251A08870-13722093-0"}
fpga -file C:/Users/Saad/Desktop/echo_Clone/new_echo-main/pchdmi/_ide/bitstream/hdmipipeline.bit
targets -set -nocase -filter {name =~"APU*"}
loadhw -hw C:/Users/Saad/Desktop/echo_Clone/new_echo-main/pchdmi_hw/export/pchdmi_hw/hw/hdmipipeline.xsa -mem-ranges [list {0x40000000 0xbfffffff}] -regs
configparams force-mem-access 1
targets -set -nocase -filter {name =~"APU*"}
source C:/Users/Saad/Desktop/echo_Clone/new_echo-main/pchdmi/_ide/psinit/ps7_init.tcl
ps7_init
ps7_post_config
targets -set -nocase -filter {name =~ "*A9*#0"}
dow C:/Users/Saad/Desktop/echo_Clone/new_echo-main/pchdmi/Debug/pchdmi.elf
configparams force-mem-access 0
----------------End of Script----------------

23:36:14 INFO  : Context for processor 'ps7_cortexa9_0' is selected.
23:36:14 INFO  : 'con' command is executed.
23:36:14 INFO  : ----------------XSDB Script (After Launch)----------------
targets -set -nocase -filter {name =~ "*A9*#0"}
con
----------------End of Script----------------

23:36:14 INFO  : Launch script is exported to file 'C:\Users\Saad\Desktop\echo_Clone\new_echo-main\pchdmi_system\_ide\scripts\systemdebugger_pchdmi_system_standalone.tcl'
23:36:35 INFO  : Checking for BSP changes to sync application flags for project 'pchdmi'...
23:37:23 INFO  : Result from executing command 'removePlatformRepo': 
23:38:01 INFO  : Result from executing command 'getProjects': pchdmi_hw
23:38:01 INFO  : Result from executing command 'getPlatforms': 
23:38:02 INFO  : Checking for BSP changes to sync application flags for project 'pchdmi'...
23:38:27 INFO  : Disconnected from the channel tcfchan#7.
23:38:27 INFO  : Connected to target on host '127.0.0.1' and port '3121'.
23:38:28 INFO  : Jtag cable 'Digilent JTAG-SMT2 210251A08870' is selected.
23:38:28 INFO  : 'jtag frequency' command is executed.
23:38:28 INFO  : Context for 'APU' is selected.
23:38:28 INFO  : System reset is completed.
23:38:31 INFO  : 'after 3000' command is executed.
23:38:31 INFO  : 'targets -set -filter {jtag_cable_name =~ "Digilent JTAG-SMT2 210251A08870" && level==0 && jtag_device_ctx=="jsn-JTAG-SMT2-210251A08870-13722093-0"}' command is executed.
23:38:32 INFO  : Device configured successfully with "C:/Users/Saad/Desktop/echo_Clone/new_echo-main/pchdmi/_ide/bitstream/hdmipipeline.bit"
23:38:32 INFO  : Context for 'APU' is selected.
23:38:32 INFO  : Hardware design and registers information is loaded from 'C:/Users/Saad/Desktop/echo_Clone/new_echo-main/pchdmi_hw/export/pchdmi_hw/hw/hdmipipeline.xsa'.
23:38:32 INFO  : 'configparams force-mem-access 1' command is executed.
23:38:32 INFO  : Context for 'APU' is selected.
23:38:32 INFO  : Sourcing of 'C:/Users/Saad/Desktop/echo_Clone/new_echo-main/pchdmi/_ide/psinit/ps7_init.tcl' is done.
23:38:33 INFO  : 'ps7_init' command is executed.
23:38:33 INFO  : 'ps7_post_config' command is executed.
23:38:33 INFO  : Context for processor 'ps7_cortexa9_0' is selected.
23:38:35 INFO  : The application 'C:/Users/Saad/Desktop/echo_Clone/new_echo-main/pchdmi/Debug/pchdmi.elf' is downloaded to processor 'ps7_cortexa9_0'.
23:38:35 INFO  : 'configparams force-mem-access 0' command is executed.
23:38:35 INFO  : ----------------XSDB Script----------------
connect -url tcp:127.0.0.1:3121
targets -set -nocase -filter {name =~"APU*"}
rst -system
after 3000
targets -set -filter {jtag_cable_name =~ "Digilent JTAG-SMT2 210251A08870" && level==0 && jtag_device_ctx=="jsn-JTAG-SMT2-210251A08870-13722093-0"}
fpga -file C:/Users/Saad/Desktop/echo_Clone/new_echo-main/pchdmi/_ide/bitstream/hdmipipeline.bit
targets -set -nocase -filter {name =~"APU*"}
loadhw -hw C:/Users/Saad/Desktop/echo_Clone/new_echo-main/pchdmi_hw/export/pchdmi_hw/hw/hdmipipeline.xsa -mem-ranges [list {0x40000000 0xbfffffff}] -regs
configparams force-mem-access 1
targets -set -nocase -filter {name =~"APU*"}
source C:/Users/Saad/Desktop/echo_Clone/new_echo-main/pchdmi/_ide/psinit/ps7_init.tcl
ps7_init
ps7_post_config
targets -set -nocase -filter {name =~ "*A9*#0"}
dow C:/Users/Saad/Desktop/echo_Clone/new_echo-main/pchdmi/Debug/pchdmi.elf
configparams force-mem-access 0
----------------End of Script----------------

23:38:35 INFO  : Context for processor 'ps7_cortexa9_0' is selected.
23:38:35 INFO  : 'con' command is executed.
23:38:35 INFO  : ----------------XSDB Script (After Launch)----------------
targets -set -nocase -filter {name =~ "*A9*#0"}
con
----------------End of Script----------------

23:38:35 INFO  : Launch script is exported to file 'C:\Users\Saad\Desktop\echo_Clone\new_echo-main\pchdmi_system\_ide\scripts\systemdebugger_pchdmi_system_standalone.tcl'
23:41:39 INFO  : Hardware specification for platform project 'pchdmi_hw' is updated.
23:41:56 INFO  : Result from executing command 'removePlatformRepo': 
23:42:34 INFO  : Result from executing command 'getProjects': pchdmi_hw
23:42:34 INFO  : Result from executing command 'getPlatforms': 
23:42:34 INFO  : Checking for BSP changes to sync application flags for project 'pchdmi'...
23:42:42 INFO  : The hardware specification used by project 'pchdmi' is out of sync with the platform. Resource files extracted from the hardware specification will be updated.
23:42:42 INFO  : The file 'C:\Users\Saad\Desktop\echo_Clone\new_echo-main\pchdmi\_ide\bitstream\hdmipipeline.bit' stored in project is removed.
23:42:42 INFO  : The updated bitstream files are copied from platform to folder 'C:\Users\Saad\Desktop\echo_Clone\new_echo-main\pchdmi\_ide\bitstream' in project 'pchdmi'.
23:42:42 INFO  : The file 'C:\Users\Saad\Desktop\echo_Clone\new_echo-main\pchdmi\_ide\psinit\ps7_init.tcl' stored in project is removed.
23:42:47 INFO  : The updated ps init files are copied from platform to folder 'C:\Users\Saad\Desktop\echo_Clone\new_echo-main\pchdmi\_ide\psinit' in project 'pchdmi'.
23:43:06 INFO  : Disconnected from the channel tcfchan#12.
23:43:06 INFO  : Connected to target on host '127.0.0.1' and port '3121'.
23:43:06 INFO  : Jtag cable 'Digilent JTAG-SMT2 210251A08870' is selected.
23:43:07 INFO  : 'jtag frequency' command is executed.
23:43:07 INFO  : Context for 'APU' is selected.
23:43:07 INFO  : System reset is completed.
23:43:10 INFO  : 'after 3000' command is executed.
23:43:10 INFO  : 'targets -set -filter {jtag_cable_name =~ "Digilent JTAG-SMT2 210251A08870" && level==0 && jtag_device_ctx=="jsn-JTAG-SMT2-210251A08870-13722093-0"}' command is executed.
23:43:11 INFO  : Device configured successfully with "C:/Users/Saad/Desktop/echo_Clone/new_echo-main/pchdmi/_ide/bitstream/100mhz_ethernet.bit"
23:43:11 INFO  : Context for 'APU' is selected.
23:43:11 INFO  : Hardware design and registers information is loaded from 'C:/Users/Saad/Desktop/echo_Clone/new_echo-main/pchdmi_hw/export/pchdmi_hw/hw/100mhz_ethernet.xsa'.
23:43:11 INFO  : 'configparams force-mem-access 1' command is executed.
23:43:11 INFO  : Context for 'APU' is selected.
23:43:11 INFO  : Sourcing of 'C:/Users/Saad/Desktop/echo_Clone/new_echo-main/pchdmi/_ide/psinit/ps7_init.tcl' is done.
23:43:13 INFO  : 'ps7_init' command is executed.
23:43:13 INFO  : 'ps7_post_config' command is executed.
23:43:13 INFO  : Context for processor 'ps7_cortexa9_0' is selected.
23:43:13 INFO  : The application 'C:/Users/Saad/Desktop/echo_Clone/new_echo-main/pchdmi/Debug/pchdmi.elf' is downloaded to processor 'ps7_cortexa9_0'.
23:43:14 INFO  : 'configparams force-mem-access 0' command is executed.
23:43:14 INFO  : ----------------XSDB Script----------------
connect -url tcp:127.0.0.1:3121
targets -set -nocase -filter {name =~"APU*"}
rst -system
after 3000
targets -set -filter {jtag_cable_name =~ "Digilent JTAG-SMT2 210251A08870" && level==0 && jtag_device_ctx=="jsn-JTAG-SMT2-210251A08870-13722093-0"}
fpga -file C:/Users/Saad/Desktop/echo_Clone/new_echo-main/pchdmi/_ide/bitstream/100mhz_ethernet.bit
targets -set -nocase -filter {name =~"APU*"}
loadhw -hw C:/Users/Saad/Desktop/echo_Clone/new_echo-main/pchdmi_hw/export/pchdmi_hw/hw/100mhz_ethernet.xsa -mem-ranges [list {0x40000000 0xbfffffff}] -regs
configparams force-mem-access 1
targets -set -nocase -filter {name =~"APU*"}
source C:/Users/Saad/Desktop/echo_Clone/new_echo-main/pchdmi/_ide/psinit/ps7_init.tcl
ps7_init
ps7_post_config
targets -set -nocase -filter {name =~ "*A9*#0"}
dow C:/Users/Saad/Desktop/echo_Clone/new_echo-main/pchdmi/Debug/pchdmi.elf
configparams force-mem-access 0
----------------End of Script----------------

23:43:14 INFO  : Context for processor 'ps7_cortexa9_0' is selected.
23:43:14 INFO  : 'con' command is executed.
23:43:14 INFO  : ----------------XSDB Script (After Launch)----------------
targets -set -nocase -filter {name =~ "*A9*#0"}
con
----------------End of Script----------------

23:43:14 INFO  : Launch script is exported to file 'C:\Users\Saad\Desktop\echo_Clone\new_echo-main\pchdmi_system\_ide\scripts\systemdebugger_pchdmi_system_standalone.tcl'
23:49:52 INFO  : Hardware specification for platform project 'pchdmi_hw' is updated.
23:50:18 INFO  : Result from executing command 'removePlatformRepo': 
23:50:57 INFO  : Result from executing command 'getProjects': pchdmi_hw
23:50:57 INFO  : Result from executing command 'getPlatforms': 
23:50:58 INFO  : Checking for BSP changes to sync application flags for project 'pchdmi'...
23:51:05 INFO  : The hardware specification used by project 'pchdmi' is out of sync with the platform. Resource files extracted from the hardware specification will be updated.
23:51:05 INFO  : The file 'C:\Users\Saad\Desktop\echo_Clone\new_echo-main\pchdmi\_ide\bitstream\100mhz_ethernet.bit' stored in project is removed.
23:51:05 INFO  : The updated bitstream files are copied from platform to folder 'C:\Users\Saad\Desktop\echo_Clone\new_echo-main\pchdmi\_ide\bitstream' in project 'pchdmi'.
23:51:05 INFO  : The file 'C:\Users\Saad\Desktop\echo_Clone\new_echo-main\pchdmi\_ide\psinit\ps7_init.tcl' stored in project is removed.
23:51:11 INFO  : The updated ps init files are copied from platform to folder 'C:\Users\Saad\Desktop\echo_Clone\new_echo-main\pchdmi\_ide\psinit' in project 'pchdmi'.
23:51:42 INFO  : Disconnected from the channel tcfchan#16.
23:51:42 INFO  : Connected to target on host '127.0.0.1' and port '3121'.
23:51:42 INFO  : Jtag cable 'Digilent JTAG-SMT2 210251A08870' is selected.
23:51:42 INFO  : 'jtag frequency' command is executed.
23:51:42 INFO  : Context for 'APU' is selected.
23:51:42 INFO  : System reset is completed.
23:51:45 INFO  : 'after 3000' command is executed.
23:51:45 INFO  : 'targets -set -filter {jtag_cable_name =~ "Digilent JTAG-SMT2 210251A08870" && level==0 && jtag_device_ctx=="jsn-JTAG-SMT2-210251A08870-13722093-0"}' command is executed.
23:51:47 INFO  : Device configured successfully with "C:/Users/Saad/Desktop/echo_Clone/new_echo-main/pchdmi/_ide/bitstream/original.bit"
23:51:47 INFO  : Context for 'APU' is selected.
23:51:47 INFO  : Hardware design and registers information is loaded from 'C:/Users/Saad/Desktop/echo_Clone/new_echo-main/pchdmi_hw/export/pchdmi_hw/hw/original.xsa'.
23:51:47 INFO  : 'configparams force-mem-access 1' command is executed.
23:51:47 INFO  : Context for 'APU' is selected.
23:51:47 INFO  : Sourcing of 'C:/Users/Saad/Desktop/echo_Clone/new_echo-main/pchdmi/_ide/psinit/ps7_init.tcl' is done.
23:51:49 INFO  : 'ps7_init' command is executed.
23:51:49 INFO  : 'ps7_post_config' command is executed.
23:51:49 INFO  : Context for processor 'ps7_cortexa9_0' is selected.
23:51:50 INFO  : The application 'C:/Users/Saad/Desktop/echo_Clone/new_echo-main/pchdmi/Debug/pchdmi.elf' is downloaded to processor 'ps7_cortexa9_0'.
23:51:50 INFO  : 'configparams force-mem-access 0' command is executed.
23:51:50 INFO  : ----------------XSDB Script----------------
connect -url tcp:127.0.0.1:3121
targets -set -nocase -filter {name =~"APU*"}
rst -system
after 3000
targets -set -filter {jtag_cable_name =~ "Digilent JTAG-SMT2 210251A08870" && level==0 && jtag_device_ctx=="jsn-JTAG-SMT2-210251A08870-13722093-0"}
fpga -file C:/Users/Saad/Desktop/echo_Clone/new_echo-main/pchdmi/_ide/bitstream/original.bit
targets -set -nocase -filter {name =~"APU*"}
loadhw -hw C:/Users/Saad/Desktop/echo_Clone/new_echo-main/pchdmi_hw/export/pchdmi_hw/hw/original.xsa -mem-ranges [list {0x40000000 0xbfffffff}] -regs
configparams force-mem-access 1
targets -set -nocase -filter {name =~"APU*"}
source C:/Users/Saad/Desktop/echo_Clone/new_echo-main/pchdmi/_ide/psinit/ps7_init.tcl
ps7_init
ps7_post_config
targets -set -nocase -filter {name =~ "*A9*#0"}
dow C:/Users/Saad/Desktop/echo_Clone/new_echo-main/pchdmi/Debug/pchdmi.elf
configparams force-mem-access 0
----------------End of Script----------------

23:51:50 INFO  : Context for processor 'ps7_cortexa9_0' is selected.
23:51:51 INFO  : 'con' command is executed.
23:51:51 INFO  : ----------------XSDB Script (After Launch)----------------
targets -set -nocase -filter {name =~ "*A9*#0"}
con
----------------End of Script----------------

23:51:51 INFO  : Launch script is exported to file 'C:\Users\Saad\Desktop\echo_Clone\new_echo-main\pchdmi_system\_ide\scripts\systemdebugger_pchdmi_system_standalone.tcl'
00:17:20 INFO  : Hardware specification for platform project 'pchdmi_hw' is updated.
00:17:52 INFO  : Result from executing command 'removePlatformRepo': 
00:18:32 INFO  : Result from executing command 'getProjects': pchdmi_hw
00:18:32 INFO  : Result from executing command 'getPlatforms': 
00:18:33 INFO  : Checking for BSP changes to sync application flags for project 'pchdmi'...
00:18:40 INFO  : The hardware specification used by project 'pchdmi' is out of sync with the platform. Resource files extracted from the hardware specification will be updated.
00:18:40 INFO  : The file 'C:\Users\Saad\Desktop\echo_Clone\new_echo-main\pchdmi\_ide\bitstream\original.bit' stored in project is removed.
00:18:40 INFO  : The updated bitstream files are copied from platform to folder 'C:\Users\Saad\Desktop\echo_Clone\new_echo-main\pchdmi\_ide\bitstream' in project 'pchdmi'.
00:18:40 INFO  : The file 'C:\Users\Saad\Desktop\echo_Clone\new_echo-main\pchdmi\_ide\psinit\ps7_init.tcl' stored in project is removed.
00:18:46 INFO  : The updated ps init files are copied from platform to folder 'C:\Users\Saad\Desktop\echo_Clone\new_echo-main\pchdmi\_ide\psinit' in project 'pchdmi'.
00:19:12 INFO  : Disconnected from the channel tcfchan#20.
00:19:12 INFO  : Connected to target on host '127.0.0.1' and port '3121'.
00:19:13 INFO  : Jtag cable 'Digilent JTAG-SMT2 210251A08870' is selected.
00:19:13 INFO  : 'jtag frequency' command is executed.
00:19:13 INFO  : Context for 'APU' is selected.
00:19:13 INFO  : System reset is completed.
00:19:16 INFO  : 'after 3000' command is executed.
00:19:16 INFO  : 'targets -set -filter {jtag_cable_name =~ "Digilent JTAG-SMT2 210251A08870" && level==0 && jtag_device_ctx=="jsn-JTAG-SMT2-210251A08870-13722093-0"}' command is executed.
00:19:17 INFO  : Device configured successfully with "C:/Users/Saad/Desktop/echo_Clone/new_echo-main/pchdmi/_ide/bitstream/ethhdmi_pipeline.bit"
00:19:17 INFO  : Context for 'APU' is selected.
00:19:18 INFO  : Hardware design and registers information is loaded from 'C:/Users/Saad/Desktop/echo_Clone/new_echo-main/pchdmi_hw/export/pchdmi_hw/hw/ethhdmi_pipeline.xsa'.
00:19:18 INFO  : 'configparams force-mem-access 1' command is executed.
00:19:18 INFO  : Context for 'APU' is selected.
00:19:18 INFO  : Sourcing of 'C:/Users/Saad/Desktop/echo_Clone/new_echo-main/pchdmi/_ide/psinit/ps7_init.tcl' is done.
00:19:19 INFO  : 'ps7_init' command is executed.
00:19:19 INFO  : 'ps7_post_config' command is executed.
00:19:19 INFO  : Context for processor 'ps7_cortexa9_0' is selected.
00:19:20 INFO  : The application 'C:/Users/Saad/Desktop/echo_Clone/new_echo-main/pchdmi/Debug/pchdmi.elf' is downloaded to processor 'ps7_cortexa9_0'.
00:19:20 INFO  : 'configparams force-mem-access 0' command is executed.
00:19:20 INFO  : ----------------XSDB Script----------------
connect -url tcp:127.0.0.1:3121
targets -set -nocase -filter {name =~"APU*"}
rst -system
after 3000
targets -set -filter {jtag_cable_name =~ "Digilent JTAG-SMT2 210251A08870" && level==0 && jtag_device_ctx=="jsn-JTAG-SMT2-210251A08870-13722093-0"}
fpga -file C:/Users/Saad/Desktop/echo_Clone/new_echo-main/pchdmi/_ide/bitstream/ethhdmi_pipeline.bit
targets -set -nocase -filter {name =~"APU*"}
loadhw -hw C:/Users/Saad/Desktop/echo_Clone/new_echo-main/pchdmi_hw/export/pchdmi_hw/hw/ethhdmi_pipeline.xsa -mem-ranges [list {0x40000000 0xbfffffff}] -regs
configparams force-mem-access 1
targets -set -nocase -filter {name =~"APU*"}
source C:/Users/Saad/Desktop/echo_Clone/new_echo-main/pchdmi/_ide/psinit/ps7_init.tcl
ps7_init
ps7_post_config
targets -set -nocase -filter {name =~ "*A9*#0"}
dow C:/Users/Saad/Desktop/echo_Clone/new_echo-main/pchdmi/Debug/pchdmi.elf
configparams force-mem-access 0
----------------End of Script----------------

00:19:20 INFO  : Context for processor 'ps7_cortexa9_0' is selected.
00:19:21 INFO  : 'con' command is executed.
00:19:21 INFO  : ----------------XSDB Script (After Launch)----------------
targets -set -nocase -filter {name =~ "*A9*#0"}
con
----------------End of Script----------------

00:19:21 INFO  : Launch script is exported to file 'C:\Users\Saad\Desktop\echo_Clone\new_echo-main\pchdmi_system\_ide\scripts\systemdebugger_pchdmi_system_standalone.tcl'
00:29:19 INFO  : Result from executing command 'removePlatformRepo': 
00:30:02 INFO  : Result from executing command 'getProjects': pchdmi_hw
00:30:02 INFO  : Result from executing command 'getPlatforms': 
00:30:02 INFO  : Checking for BSP changes to sync application flags for project 'pchdmi'...
00:30:25 INFO  : Disconnected from the channel tcfchan#24.
00:30:25 INFO  : Connected to target on host '127.0.0.1' and port '3121'.
00:30:25 INFO  : Jtag cable 'Digilent JTAG-SMT2 210251A08870' is selected.
00:30:25 INFO  : 'jtag frequency' command is executed.
00:30:26 INFO  : Context for 'APU' is selected.
00:30:26 INFO  : System reset is completed.
00:30:29 INFO  : 'after 3000' command is executed.
00:30:29 INFO  : 'targets -set -filter {jtag_cable_name =~ "Digilent JTAG-SMT2 210251A08870" && level==0 && jtag_device_ctx=="jsn-JTAG-SMT2-210251A08870-13722093-0"}' command is executed.
00:30:30 INFO  : Device configured successfully with "C:/Users/Saad/Desktop/echo_Clone/new_echo-main/pchdmi/_ide/bitstream/ethhdmi_pipeline.bit"
00:30:30 INFO  : Context for 'APU' is selected.
00:30:30 INFO  : Hardware design and registers information is loaded from 'C:/Users/Saad/Desktop/echo_Clone/new_echo-main/pchdmi_hw/export/pchdmi_hw/hw/ethhdmi_pipeline.xsa'.
00:30:30 INFO  : 'configparams force-mem-access 1' command is executed.
00:30:30 INFO  : Context for 'APU' is selected.
00:30:30 INFO  : Sourcing of 'C:/Users/Saad/Desktop/echo_Clone/new_echo-main/pchdmi/_ide/psinit/ps7_init.tcl' is done.
00:30:32 INFO  : 'ps7_init' command is executed.
00:30:32 INFO  : 'ps7_post_config' command is executed.
00:30:32 INFO  : Context for processor 'ps7_cortexa9_0' is selected.
00:30:33 INFO  : The application 'C:/Users/Saad/Desktop/echo_Clone/new_echo-main/pchdmi/Debug/pchdmi.elf' is downloaded to processor 'ps7_cortexa9_0'.
00:30:33 INFO  : 'configparams force-mem-access 0' command is executed.
00:30:33 INFO  : ----------------XSDB Script----------------
connect -url tcp:127.0.0.1:3121
targets -set -nocase -filter {name =~"APU*"}
rst -system
after 3000
targets -set -filter {jtag_cable_name =~ "Digilent JTAG-SMT2 210251A08870" && level==0 && jtag_device_ctx=="jsn-JTAG-SMT2-210251A08870-13722093-0"}
fpga -file C:/Users/Saad/Desktop/echo_Clone/new_echo-main/pchdmi/_ide/bitstream/ethhdmi_pipeline.bit
targets -set -nocase -filter {name =~"APU*"}
loadhw -hw C:/Users/Saad/Desktop/echo_Clone/new_echo-main/pchdmi_hw/export/pchdmi_hw/hw/ethhdmi_pipeline.xsa -mem-ranges [list {0x40000000 0xbfffffff}] -regs
configparams force-mem-access 1
targets -set -nocase -filter {name =~"APU*"}
source C:/Users/Saad/Desktop/echo_Clone/new_echo-main/pchdmi/_ide/psinit/ps7_init.tcl
ps7_init
ps7_post_config
targets -set -nocase -filter {name =~ "*A9*#0"}
dow C:/Users/Saad/Desktop/echo_Clone/new_echo-main/pchdmi/Debug/pchdmi.elf
configparams force-mem-access 0
----------------End of Script----------------

00:30:33 INFO  : Context for processor 'ps7_cortexa9_0' is selected.
00:30:34 INFO  : 'con' command is executed.
00:30:34 INFO  : ----------------XSDB Script (After Launch)----------------
targets -set -nocase -filter {name =~ "*A9*#0"}
con
----------------End of Script----------------

00:30:34 INFO  : Launch script is exported to file 'C:\Users\Saad\Desktop\echo_Clone\new_echo-main\pchdmi_system\_ide\scripts\systemdebugger_pchdmi_system_standalone.tcl'
01:13:52 INFO  : Hardware specification for platform project 'pchdmi_hw' is updated.
01:14:05 INFO  : Result from executing command 'removePlatformRepo': 
01:14:51 INFO  : Result from executing command 'getProjects': pchdmi_hw
01:14:51 INFO  : Result from executing command 'getPlatforms': 
01:14:51 INFO  : Checking for BSP changes to sync application flags for project 'pchdmi'...
01:14:59 INFO  : The hardware specification used by project 'pchdmi' is out of sync with the platform. Resource files extracted from the hardware specification will be updated.
01:14:59 INFO  : The file 'C:\Users\Saad\Desktop\echo_Clone\new_echo-main\pchdmi\_ide\bitstream\ethhdmi_pipeline.bit' stored in project is removed.
01:14:59 INFO  : The updated bitstream files are copied from platform to folder 'C:\Users\Saad\Desktop\echo_Clone\new_echo-main\pchdmi\_ide\bitstream' in project 'pchdmi'.
01:14:59 INFO  : The file 'C:\Users\Saad\Desktop\echo_Clone\new_echo-main\pchdmi\_ide\psinit\ps7_init.tcl' stored in project is removed.
01:15:05 INFO  : The updated ps init files are copied from platform to folder 'C:\Users\Saad\Desktop\echo_Clone\new_echo-main\pchdmi\_ide\psinit' in project 'pchdmi'.
01:16:05 INFO  : Disconnected from the channel tcfchan#28.
01:16:05 INFO  : Connected to target on host '127.0.0.1' and port '3121'.
01:16:06 INFO  : Jtag cable 'Digilent JTAG-SMT2 210251A08870' is selected.
01:16:06 INFO  : 'jtag frequency' command is executed.
01:16:06 INFO  : Context for 'APU' is selected.
01:16:06 INFO  : System reset is completed.
01:16:09 INFO  : 'after 3000' command is executed.
01:16:09 INFO  : 'targets -set -filter {jtag_cable_name =~ "Digilent JTAG-SMT2 210251A08870" && level==0 && jtag_device_ctx=="jsn-JTAG-SMT2-210251A08870-13722093-0"}' command is executed.
01:16:10 INFO  : Device configured successfully with "C:/Users/Saad/Desktop/echo_Clone/new_echo-main/pchdmi/_ide/bitstream/ethhdmi(1).bit"
01:16:10 INFO  : Context for 'APU' is selected.
01:16:10 INFO  : Hardware design and registers information is loaded from 'C:/Users/Saad/Desktop/echo_Clone/new_echo-main/pchdmi_hw/export/pchdmi_hw/hw/ethhdmi(1).xsa'.
01:16:10 INFO  : 'configparams force-mem-access 1' command is executed.
01:16:10 INFO  : Context for 'APU' is selected.
01:16:10 INFO  : Sourcing of 'C:/Users/Saad/Desktop/echo_Clone/new_echo-main/pchdmi/_ide/psinit/ps7_init.tcl' is done.
01:16:12 INFO  : 'ps7_init' command is executed.
01:16:12 INFO  : 'ps7_post_config' command is executed.
01:16:12 INFO  : Context for processor 'ps7_cortexa9_0' is selected.
01:16:13 INFO  : The application 'C:/Users/Saad/Desktop/echo_Clone/new_echo-main/pchdmi/Debug/pchdmi.elf' is downloaded to processor 'ps7_cortexa9_0'.
01:16:13 INFO  : 'configparams force-mem-access 0' command is executed.
01:16:13 INFO  : ----------------XSDB Script----------------
connect -url tcp:127.0.0.1:3121
targets -set -nocase -filter {name =~"APU*"}
rst -system
after 3000
targets -set -filter {jtag_cable_name =~ "Digilent JTAG-SMT2 210251A08870" && level==0 && jtag_device_ctx=="jsn-JTAG-SMT2-210251A08870-13722093-0"}
fpga -file C:/Users/Saad/Desktop/echo_Clone/new_echo-main/pchdmi/_ide/bitstream/ethhdmi(1).bit
targets -set -nocase -filter {name =~"APU*"}
loadhw -hw C:/Users/Saad/Desktop/echo_Clone/new_echo-main/pchdmi_hw/export/pchdmi_hw/hw/ethhdmi(1).xsa -mem-ranges [list {0x40000000 0xbfffffff}] -regs
configparams force-mem-access 1
targets -set -nocase -filter {name =~"APU*"}
source C:/Users/Saad/Desktop/echo_Clone/new_echo-main/pchdmi/_ide/psinit/ps7_init.tcl
ps7_init
ps7_post_config
targets -set -nocase -filter {name =~ "*A9*#0"}
dow C:/Users/Saad/Desktop/echo_Clone/new_echo-main/pchdmi/Debug/pchdmi.elf
configparams force-mem-access 0
----------------End of Script----------------

01:16:14 INFO  : Context for processor 'ps7_cortexa9_0' is selected.
01:16:14 INFO  : 'con' command is executed.
01:16:14 INFO  : ----------------XSDB Script (After Launch)----------------
targets -set -nocase -filter {name =~ "*A9*#0"}
con
----------------End of Script----------------

01:16:14 INFO  : Launch script is exported to file 'C:\Users\Saad\Desktop\echo_Clone\new_echo-main\pchdmi_system\_ide\scripts\systemdebugger_pchdmi_system_standalone.tcl'
01:16:36 INFO  : Disconnected from the channel tcfchan#32.
01:16:36 INFO  : Connected to target on host '127.0.0.1' and port '3121'.
01:16:37 INFO  : Jtag cable 'Digilent JTAG-SMT2 210251A08870' is selected.
01:16:37 INFO  : 'jtag frequency' command is executed.
01:16:37 INFO  : Context for 'APU' is selected.
01:16:37 INFO  : System reset is completed.
01:16:40 INFO  : 'after 3000' command is executed.
01:16:40 INFO  : 'targets -set -filter {jtag_cable_name =~ "Digilent JTAG-SMT2 210251A08870" && level==0 && jtag_device_ctx=="jsn-JTAG-SMT2-210251A08870-13722093-0"}' command is executed.
01:16:41 INFO  : Device configured successfully with "C:/Users/Saad/Desktop/echo_Clone/new_echo-main/pchdmi/_ide/bitstream/ethhdmi(1).bit"
01:16:41 INFO  : Context for 'APU' is selected.
01:16:41 INFO  : Hardware design and registers information is loaded from 'C:/Users/Saad/Desktop/echo_Clone/new_echo-main/pchdmi_hw/export/pchdmi_hw/hw/ethhdmi(1).xsa'.
01:16:41 INFO  : 'configparams force-mem-access 1' command is executed.
01:16:41 INFO  : Context for 'APU' is selected.
01:16:41 INFO  : Sourcing of 'C:/Users/Saad/Desktop/echo_Clone/new_echo-main/pchdmi/_ide/psinit/ps7_init.tcl' is done.
01:16:43 INFO  : 'ps7_init' command is executed.
01:16:43 INFO  : 'ps7_post_config' command is executed.
01:16:43 INFO  : Context for processor 'ps7_cortexa9_0' is selected.
01:16:44 INFO  : The application 'C:/Users/Saad/Desktop/echo_Clone/new_echo-main/pchdmi/Debug/pchdmi.elf' is downloaded to processor 'ps7_cortexa9_0'.
01:16:44 INFO  : 'configparams force-mem-access 0' command is executed.
01:16:44 INFO  : ----------------XSDB Script----------------
connect -url tcp:127.0.0.1:3121
targets -set -nocase -filter {name =~"APU*"}
rst -system
after 3000
targets -set -filter {jtag_cable_name =~ "Digilent JTAG-SMT2 210251A08870" && level==0 && jtag_device_ctx=="jsn-JTAG-SMT2-210251A08870-13722093-0"}
fpga -file C:/Users/Saad/Desktop/echo_Clone/new_echo-main/pchdmi/_ide/bitstream/ethhdmi(1).bit
targets -set -nocase -filter {name =~"APU*"}
loadhw -hw C:/Users/Saad/Desktop/echo_Clone/new_echo-main/pchdmi_hw/export/pchdmi_hw/hw/ethhdmi(1).xsa -mem-ranges [list {0x40000000 0xbfffffff}] -regs
configparams force-mem-access 1
targets -set -nocase -filter {name =~"APU*"}
source C:/Users/Saad/Desktop/echo_Clone/new_echo-main/pchdmi/_ide/psinit/ps7_init.tcl
ps7_init
ps7_post_config
targets -set -nocase -filter {name =~ "*A9*#0"}
dow C:/Users/Saad/Desktop/echo_Clone/new_echo-main/pchdmi/Debug/pchdmi.elf
configparams force-mem-access 0
----------------End of Script----------------

01:16:44 INFO  : Context for processor 'ps7_cortexa9_0' is selected.
01:16:45 INFO  : 'con' command is executed.
01:16:45 INFO  : ----------------XSDB Script (After Launch)----------------
targets -set -nocase -filter {name =~ "*A9*#0"}
con
----------------End of Script----------------

01:16:45 INFO  : Launch script is exported to file 'C:\Users\Saad\Desktop\echo_Clone\new_echo-main\pchdmi_system\_ide\scripts\systemdebugger_pchdmi_system_standalone.tcl'
01:21:33 INFO  : Result from executing command 'removePlatformRepo': 
01:22:14 INFO  : Result from executing command 'getProjects': pchdmi_hw
01:22:14 INFO  : Result from executing command 'getPlatforms': 
01:22:14 INFO  : Checking for BSP changes to sync application flags for project 'pchdmi'...
01:22:36 INFO  : Disconnected from the channel tcfchan#33.
01:22:36 INFO  : Connected to target on host '127.0.0.1' and port '3121'.
01:22:36 INFO  : Jtag cable 'Digilent JTAG-SMT2 210251A08870' is selected.
01:22:36 INFO  : 'jtag frequency' command is executed.
01:22:36 INFO  : Context for 'APU' is selected.
01:22:36 INFO  : System reset is completed.
01:22:39 INFO  : 'after 3000' command is executed.
01:22:39 INFO  : 'targets -set -filter {jtag_cable_name =~ "Digilent JTAG-SMT2 210251A08870" && level==0 && jtag_device_ctx=="jsn-JTAG-SMT2-210251A08870-13722093-0"}' command is executed.
01:22:41 INFO  : Device configured successfully with "C:/Users/Saad/Desktop/echo_Clone/new_echo-main/pchdmi/_ide/bitstream/ethhdmi(1).bit"
01:22:41 INFO  : Context for 'APU' is selected.
01:22:41 INFO  : Hardware design and registers information is loaded from 'C:/Users/Saad/Desktop/echo_Clone/new_echo-main/pchdmi_hw/export/pchdmi_hw/hw/ethhdmi(1).xsa'.
01:22:41 INFO  : 'configparams force-mem-access 1' command is executed.
01:22:41 INFO  : Context for 'APU' is selected.
01:22:41 INFO  : Sourcing of 'C:/Users/Saad/Desktop/echo_Clone/new_echo-main/pchdmi/_ide/psinit/ps7_init.tcl' is done.
01:22:42 INFO  : 'ps7_init' command is executed.
01:22:42 INFO  : 'ps7_post_config' command is executed.
01:22:42 INFO  : Context for processor 'ps7_cortexa9_0' is selected.
01:22:43 INFO  : The application 'C:/Users/Saad/Desktop/echo_Clone/new_echo-main/pchdmi/Debug/pchdmi.elf' is downloaded to processor 'ps7_cortexa9_0'.
01:22:43 INFO  : 'configparams force-mem-access 0' command is executed.
01:22:43 INFO  : ----------------XSDB Script----------------
connect -url tcp:127.0.0.1:3121
targets -set -nocase -filter {name =~"APU*"}
rst -system
after 3000
targets -set -filter {jtag_cable_name =~ "Digilent JTAG-SMT2 210251A08870" && level==0 && jtag_device_ctx=="jsn-JTAG-SMT2-210251A08870-13722093-0"}
fpga -file C:/Users/Saad/Desktop/echo_Clone/new_echo-main/pchdmi/_ide/bitstream/ethhdmi(1).bit
targets -set -nocase -filter {name =~"APU*"}
loadhw -hw C:/Users/Saad/Desktop/echo_Clone/new_echo-main/pchdmi_hw/export/pchdmi_hw/hw/ethhdmi(1).xsa -mem-ranges [list {0x40000000 0xbfffffff}] -regs
configparams force-mem-access 1
targets -set -nocase -filter {name =~"APU*"}
source C:/Users/Saad/Desktop/echo_Clone/new_echo-main/pchdmi/_ide/psinit/ps7_init.tcl
ps7_init
ps7_post_config
targets -set -nocase -filter {name =~ "*A9*#0"}
dow C:/Users/Saad/Desktop/echo_Clone/new_echo-main/pchdmi/Debug/pchdmi.elf
configparams force-mem-access 0
----------------End of Script----------------

01:22:44 INFO  : Context for processor 'ps7_cortexa9_0' is selected.
01:22:44 INFO  : 'con' command is executed.
01:22:44 INFO  : ----------------XSDB Script (After Launch)----------------
targets -set -nocase -filter {name =~ "*A9*#0"}
con
----------------End of Script----------------

01:22:44 INFO  : Launch script is exported to file 'C:\Users\Saad\Desktop\echo_Clone\new_echo-main\pchdmi_system\_ide\scripts\systemdebugger_pchdmi_system_standalone.tcl'
01:28:20 INFO  : Result from executing command 'removePlatformRepo': 
01:29:01 INFO  : Result from executing command 'getProjects': pchdmi_hw
01:29:01 INFO  : Result from executing command 'getPlatforms': 
01:29:01 INFO  : Checking for BSP changes to sync application flags for project 'pchdmi'...
01:29:22 INFO  : Disconnected from the channel tcfchan#37.
01:29:22 INFO  : Connected to target on host '127.0.0.1' and port '3121'.
01:29:22 INFO  : Jtag cable 'Digilent JTAG-SMT2 210251A08870' is selected.
01:29:22 INFO  : 'jtag frequency' command is executed.
01:29:22 INFO  : Context for 'APU' is selected.
01:29:23 INFO  : System reset is completed.
01:29:26 INFO  : 'after 3000' command is executed.
01:29:26 INFO  : 'targets -set -filter {jtag_cable_name =~ "Digilent JTAG-SMT2 210251A08870" && level==0 && jtag_device_ctx=="jsn-JTAG-SMT2-210251A08870-13722093-0"}' command is executed.
01:29:27 INFO  : Device configured successfully with "C:/Users/Saad/Desktop/echo_Clone/new_echo-main/pchdmi/_ide/bitstream/ethhdmi(1).bit"
01:29:27 INFO  : Context for 'APU' is selected.
01:29:27 INFO  : Hardware design and registers information is loaded from 'C:/Users/Saad/Desktop/echo_Clone/new_echo-main/pchdmi_hw/export/pchdmi_hw/hw/ethhdmi(1).xsa'.
01:29:27 INFO  : 'configparams force-mem-access 1' command is executed.
01:29:27 INFO  : Context for 'APU' is selected.
01:29:27 INFO  : Sourcing of 'C:/Users/Saad/Desktop/echo_Clone/new_echo-main/pchdmi/_ide/psinit/ps7_init.tcl' is done.
01:29:30 INFO  : 'ps7_init' command is executed.
01:29:30 INFO  : 'ps7_post_config' command is executed.
01:29:30 INFO  : Context for processor 'ps7_cortexa9_0' is selected.
01:29:30 INFO  : The application 'C:/Users/Saad/Desktop/echo_Clone/new_echo-main/pchdmi/Debug/pchdmi.elf' is downloaded to processor 'ps7_cortexa9_0'.
01:29:31 INFO  : 'configparams force-mem-access 0' command is executed.
01:29:31 INFO  : ----------------XSDB Script----------------
connect -url tcp:127.0.0.1:3121
targets -set -nocase -filter {name =~"APU*"}
rst -system
after 3000
targets -set -filter {jtag_cable_name =~ "Digilent JTAG-SMT2 210251A08870" && level==0 && jtag_device_ctx=="jsn-JTAG-SMT2-210251A08870-13722093-0"}
fpga -file C:/Users/Saad/Desktop/echo_Clone/new_echo-main/pchdmi/_ide/bitstream/ethhdmi(1).bit
targets -set -nocase -filter {name =~"APU*"}
loadhw -hw C:/Users/Saad/Desktop/echo_Clone/new_echo-main/pchdmi_hw/export/pchdmi_hw/hw/ethhdmi(1).xsa -mem-ranges [list {0x40000000 0xbfffffff}] -regs
configparams force-mem-access 1
targets -set -nocase -filter {name =~"APU*"}
source C:/Users/Saad/Desktop/echo_Clone/new_echo-main/pchdmi/_ide/psinit/ps7_init.tcl
ps7_init
ps7_post_config
targets -set -nocase -filter {name =~ "*A9*#0"}
dow C:/Users/Saad/Desktop/echo_Clone/new_echo-main/pchdmi/Debug/pchdmi.elf
configparams force-mem-access 0
----------------End of Script----------------

01:29:31 INFO  : Context for processor 'ps7_cortexa9_0' is selected.
01:29:31 INFO  : 'con' command is executed.
01:29:31 INFO  : ----------------XSDB Script (After Launch)----------------
targets -set -nocase -filter {name =~ "*A9*#0"}
con
----------------End of Script----------------

01:29:31 INFO  : Launch script is exported to file 'C:\Users\Saad\Desktop\echo_Clone\new_echo-main\pchdmi_system\_ide\scripts\systemdebugger_pchdmi_system_standalone.tcl'
01:44:08 INFO  : Hardware specification for platform project 'pchdmi_hw' is updated.
01:44:34 INFO  : Result from executing command 'removePlatformRepo': 
01:45:15 INFO  : Result from executing command 'getProjects': pchdmi_hw
01:45:15 INFO  : Result from executing command 'getPlatforms': 
01:45:15 INFO  : Checking for BSP changes to sync application flags for project 'pchdmi'...
01:45:23 INFO  : The hardware specification used by project 'pchdmi' is out of sync with the platform. Resource files extracted from the hardware specification will be updated.
01:45:23 INFO  : The file 'C:\Users\Saad\Desktop\echo_Clone\new_echo-main\pchdmi\_ide\bitstream\ethhdmi(1).bit' stored in project is removed.
01:45:23 INFO  : The updated bitstream files are copied from platform to folder 'C:\Users\Saad\Desktop\echo_Clone\new_echo-main\pchdmi\_ide\bitstream' in project 'pchdmi'.
01:45:23 INFO  : The file 'C:\Users\Saad\Desktop\echo_Clone\new_echo-main\pchdmi\_ide\psinit\ps7_init.tcl' stored in project is removed.
01:45:28 INFO  : The updated ps init files are copied from platform to folder 'C:\Users\Saad\Desktop\echo_Clone\new_echo-main\pchdmi\_ide\psinit' in project 'pchdmi'.
01:45:44 INFO  : Disconnected from the channel tcfchan#41.
01:45:44 INFO  : Connected to target on host '127.0.0.1' and port '3121'.
01:45:44 INFO  : Jtag cable 'Digilent JTAG-SMT2 210251A08870' is selected.
01:45:44 INFO  : 'jtag frequency' command is executed.
01:45:45 INFO  : Context for 'APU' is selected.
01:45:45 INFO  : System reset is completed.
01:45:48 INFO  : 'after 3000' command is executed.
01:45:48 INFO  : 'targets -set -filter {jtag_cable_name =~ "Digilent JTAG-SMT2 210251A08870" && level==0 && jtag_device_ctx=="jsn-JTAG-SMT2-210251A08870-13722093-0"}' command is executed.
01:45:49 INFO  : Device configured successfully with "C:/Users/Saad/Desktop/echo_Clone/new_echo-main/pchdmi/_ide/bitstream/ETHHDMI(MODIFIED).bit"
01:45:49 INFO  : Context for 'APU' is selected.
01:45:49 INFO  : Hardware design and registers information is loaded from 'C:/Users/Saad/Desktop/echo_Clone/new_echo-main/pchdmi_hw/export/pchdmi_hw/hw/ETHHDMI(MODIFIED).xsa'.
01:45:49 INFO  : 'configparams force-mem-access 1' command is executed.
01:45:49 INFO  : Context for 'APU' is selected.
01:45:49 INFO  : Sourcing of 'C:/Users/Saad/Desktop/echo_Clone/new_echo-main/pchdmi/_ide/psinit/ps7_init.tcl' is done.
01:45:52 INFO  : 'ps7_init' command is executed.
01:45:52 INFO  : 'ps7_post_config' command is executed.
01:45:52 INFO  : Context for processor 'ps7_cortexa9_0' is selected.
01:45:52 INFO  : The application 'C:/Users/Saad/Desktop/echo_Clone/new_echo-main/pchdmi/Debug/pchdmi.elf' is downloaded to processor 'ps7_cortexa9_0'.
01:45:52 INFO  : 'configparams force-mem-access 0' command is executed.
01:45:52 INFO  : ----------------XSDB Script----------------
connect -url tcp:127.0.0.1:3121
targets -set -nocase -filter {name =~"APU*"}
rst -system
after 3000
targets -set -filter {jtag_cable_name =~ "Digilent JTAG-SMT2 210251A08870" && level==0 && jtag_device_ctx=="jsn-JTAG-SMT2-210251A08870-13722093-0"}
fpga -file C:/Users/Saad/Desktop/echo_Clone/new_echo-main/pchdmi/_ide/bitstream/ETHHDMI(MODIFIED).bit
targets -set -nocase -filter {name =~"APU*"}
loadhw -hw C:/Users/Saad/Desktop/echo_Clone/new_echo-main/pchdmi_hw/export/pchdmi_hw/hw/ETHHDMI(MODIFIED).xsa -mem-ranges [list {0x40000000 0xbfffffff}] -regs
configparams force-mem-access 1
targets -set -nocase -filter {name =~"APU*"}
source C:/Users/Saad/Desktop/echo_Clone/new_echo-main/pchdmi/_ide/psinit/ps7_init.tcl
ps7_init
ps7_post_config
targets -set -nocase -filter {name =~ "*A9*#0"}
dow C:/Users/Saad/Desktop/echo_Clone/new_echo-main/pchdmi/Debug/pchdmi.elf
configparams force-mem-access 0
----------------End of Script----------------

01:45:53 INFO  : Context for processor 'ps7_cortexa9_0' is selected.
01:45:53 INFO  : 'con' command is executed.
01:45:53 INFO  : ----------------XSDB Script (After Launch)----------------
targets -set -nocase -filter {name =~ "*A9*#0"}
con
----------------End of Script----------------

01:45:53 INFO  : Launch script is exported to file 'C:\Users\Saad\Desktop\echo_Clone\new_echo-main\pchdmi_system\_ide\scripts\systemdebugger_pchdmi_system_standalone.tcl'
03:31:56 INFO  : Hardware specification for platform project 'pchdmi_hw' is updated.
03:32:12 INFO  : Result from executing command 'removePlatformRepo': 
03:32:53 INFO  : Result from executing command 'getProjects': pchdmi_hw
03:32:53 INFO  : Result from executing command 'getPlatforms': 
03:32:53 INFO  : Checking for BSP changes to sync application flags for project 'pchdmi'...
03:33:01 INFO  : The hardware specification used by project 'pchdmi' is out of sync with the platform. Resource files extracted from the hardware specification will be updated.
03:33:01 INFO  : The file 'C:\Users\Saad\Desktop\echo_Clone\new_echo-main\pchdmi\_ide\bitstream\ETHHDMI(MODIFIED).bit' stored in project is removed.
03:33:01 INFO  : The updated bitstream files are copied from platform to folder 'C:\Users\Saad\Desktop\echo_Clone\new_echo-main\pchdmi\_ide\bitstream' in project 'pchdmi'.
03:33:01 INFO  : The file 'C:\Users\Saad\Desktop\echo_Clone\new_echo-main\pchdmi\_ide\psinit\ps7_init.tcl' stored in project is removed.
03:33:07 INFO  : The updated ps init files are copied from platform to folder 'C:\Users\Saad\Desktop\echo_Clone\new_echo-main\pchdmi\_ide\psinit' in project 'pchdmi'.
03:33:15 INFO  : Disconnected from the channel tcfchan#45.
03:33:15 INFO  : Connected to target on host '127.0.0.1' and port '3121'.
03:33:15 INFO  : Jtag cable 'Digilent JTAG-SMT2 210251A08870' is selected.
03:33:15 INFO  : 'jtag frequency' command is executed.
03:33:15 INFO  : Context for 'APU' is selected.
03:33:15 INFO  : System reset is completed.
03:33:18 INFO  : 'after 3000' command is executed.
03:33:18 INFO  : 'targets -set -filter {jtag_cable_name =~ "Digilent JTAG-SMT2 210251A08870" && level==0 && jtag_device_ctx=="jsn-JTAG-SMT2-210251A08870-13722093-0"}' command is executed.
03:33:20 INFO  : Device configured successfully with "C:/Users/Saad/Desktop/echo_Clone/new_echo-main/pchdmi/_ide/bitstream/ETHHDMI(MODIFIED1).bit"
03:33:20 INFO  : Context for 'APU' is selected.
03:33:20 INFO  : Hardware design and registers information is loaded from 'C:/Users/Saad/Desktop/echo_Clone/new_echo-main/pchdmi_hw/export/pchdmi_hw/hw/ETHHDMI(MODIFIED1).xsa'.
03:33:20 INFO  : 'configparams force-mem-access 1' command is executed.
03:33:20 INFO  : Context for 'APU' is selected.
03:33:20 INFO  : Sourcing of 'C:/Users/Saad/Desktop/echo_Clone/new_echo-main/pchdmi/_ide/psinit/ps7_init.tcl' is done.
03:33:21 INFO  : 'ps7_init' command is executed.
03:33:21 INFO  : 'ps7_post_config' command is executed.
03:33:21 INFO  : Context for processor 'ps7_cortexa9_0' is selected.
03:33:22 INFO  : The application 'C:/Users/Saad/Desktop/echo_Clone/new_echo-main/pchdmi/Debug/pchdmi.elf' is downloaded to processor 'ps7_cortexa9_0'.
03:33:23 INFO  : 'configparams force-mem-access 0' command is executed.
03:33:23 INFO  : ----------------XSDB Script----------------
connect -url tcp:127.0.0.1:3121
targets -set -nocase -filter {name =~"APU*"}
rst -system
after 3000
targets -set -filter {jtag_cable_name =~ "Digilent JTAG-SMT2 210251A08870" && level==0 && jtag_device_ctx=="jsn-JTAG-SMT2-210251A08870-13722093-0"}
fpga -file C:/Users/Saad/Desktop/echo_Clone/new_echo-main/pchdmi/_ide/bitstream/ETHHDMI(MODIFIED1).bit
targets -set -nocase -filter {name =~"APU*"}
loadhw -hw C:/Users/Saad/Desktop/echo_Clone/new_echo-main/pchdmi_hw/export/pchdmi_hw/hw/ETHHDMI(MODIFIED1).xsa -mem-ranges [list {0x40000000 0xbfffffff}] -regs
configparams force-mem-access 1
targets -set -nocase -filter {name =~"APU*"}
source C:/Users/Saad/Desktop/echo_Clone/new_echo-main/pchdmi/_ide/psinit/ps7_init.tcl
ps7_init
ps7_post_config
targets -set -nocase -filter {name =~ "*A9*#0"}
dow C:/Users/Saad/Desktop/echo_Clone/new_echo-main/pchdmi/Debug/pchdmi.elf
configparams force-mem-access 0
----------------End of Script----------------

03:33:23 INFO  : Context for processor 'ps7_cortexa9_0' is selected.
03:33:23 INFO  : 'con' command is executed.
03:33:23 INFO  : ----------------XSDB Script (After Launch)----------------
targets -set -nocase -filter {name =~ "*A9*#0"}
con
----------------End of Script----------------

03:33:23 INFO  : Launch script is exported to file 'C:\Users\Saad\Desktop\echo_Clone\new_echo-main\pchdmi_system\_ide\scripts\systemdebugger_pchdmi_system_standalone.tcl'
03:44:10 INFO  : Hardware specification for platform project 'pchdmi_hw' is updated.
03:44:28 INFO  : Result from executing command 'removePlatformRepo': 
03:45:07 INFO  : Result from executing command 'getProjects': pchdmi_hw
03:45:07 INFO  : Result from executing command 'getPlatforms': 
03:45:07 INFO  : Checking for BSP changes to sync application flags for project 'pchdmi'...
03:45:15 INFO  : The hardware specification used by project 'pchdmi' is out of sync with the platform. Resource files extracted from the hardware specification will be updated.
03:45:15 INFO  : The file 'C:\Users\Saad\Desktop\echo_Clone\new_echo-main\pchdmi\_ide\bitstream\ETHHDMI(MODIFIED1).bit' stored in project is removed.
03:45:15 INFO  : The updated bitstream files are copied from platform to folder 'C:\Users\Saad\Desktop\echo_Clone\new_echo-main\pchdmi\_ide\bitstream' in project 'pchdmi'.
03:45:15 INFO  : The file 'C:\Users\Saad\Desktop\echo_Clone\new_echo-main\pchdmi\_ide\psinit\ps7_init.tcl' stored in project is removed.
03:45:20 INFO  : The updated ps init files are copied from platform to folder 'C:\Users\Saad\Desktop\echo_Clone\new_echo-main\pchdmi\_ide\psinit' in project 'pchdmi'.
03:46:03 INFO  : Disconnected from the channel tcfchan#49.
03:46:03 INFO  : Connected to target on host '127.0.0.1' and port '3121'.
03:46:03 INFO  : Jtag cable 'Digilent JTAG-SMT2 210251A08870' is selected.
03:46:03 INFO  : 'jtag frequency' command is executed.
03:46:03 INFO  : Context for 'APU' is selected.
03:46:03 INFO  : System reset is completed.
03:46:06 INFO  : 'after 3000' command is executed.
03:46:06 INFO  : 'targets -set -filter {jtag_cable_name =~ "Digilent JTAG-SMT2 210251A08870" && level==0 && jtag_device_ctx=="jsn-JTAG-SMT2-210251A08870-13722093-0"}' command is executed.
03:46:08 INFO  : Device configured successfully with "C:/Users/Saad/Desktop/echo_Clone/new_echo-main/pchdmi/_ide/bitstream/ETHHDMI(MODIFIED1).bit"
03:46:08 INFO  : Context for 'APU' is selected.
03:46:08 INFO  : Hardware design and registers information is loaded from 'C:/Users/Saad/Desktop/echo_Clone/new_echo-main/pchdmi_hw/export/pchdmi_hw/hw/ETHHDMI(MODIFIED1).xsa'.
03:46:08 INFO  : 'configparams force-mem-access 1' command is executed.
03:46:08 INFO  : Context for 'APU' is selected.
03:46:08 INFO  : Sourcing of 'C:/Users/Saad/Desktop/echo_Clone/new_echo-main/pchdmi/_ide/psinit/ps7_init.tcl' is done.
03:46:10 INFO  : 'ps7_init' command is executed.
03:46:10 INFO  : 'ps7_post_config' command is executed.
03:46:10 INFO  : Context for processor 'ps7_cortexa9_0' is selected.
03:46:11 INFO  : The application 'C:/Users/Saad/Desktop/echo_Clone/new_echo-main/pchdmi/Debug/pchdmi.elf' is downloaded to processor 'ps7_cortexa9_0'.
03:46:11 INFO  : 'configparams force-mem-access 0' command is executed.
03:46:11 INFO  : ----------------XSDB Script----------------
connect -url tcp:127.0.0.1:3121
targets -set -nocase -filter {name =~"APU*"}
rst -system
after 3000
targets -set -filter {jtag_cable_name =~ "Digilent JTAG-SMT2 210251A08870" && level==0 && jtag_device_ctx=="jsn-JTAG-SMT2-210251A08870-13722093-0"}
fpga -file C:/Users/Saad/Desktop/echo_Clone/new_echo-main/pchdmi/_ide/bitstream/ETHHDMI(MODIFIED1).bit
targets -set -nocase -filter {name =~"APU*"}
loadhw -hw C:/Users/Saad/Desktop/echo_Clone/new_echo-main/pchdmi_hw/export/pchdmi_hw/hw/ETHHDMI(MODIFIED1).xsa -mem-ranges [list {0x40000000 0xbfffffff}] -regs
configparams force-mem-access 1
targets -set -nocase -filter {name =~"APU*"}
source C:/Users/Saad/Desktop/echo_Clone/new_echo-main/pchdmi/_ide/psinit/ps7_init.tcl
ps7_init
ps7_post_config
targets -set -nocase -filter {name =~ "*A9*#0"}
dow C:/Users/Saad/Desktop/echo_Clone/new_echo-main/pchdmi/Debug/pchdmi.elf
configparams force-mem-access 0
----------------End of Script----------------

03:46:11 INFO  : Context for processor 'ps7_cortexa9_0' is selected.
03:46:11 INFO  : 'con' command is executed.
03:46:11 INFO  : ----------------XSDB Script (After Launch)----------------
targets -set -nocase -filter {name =~ "*A9*#0"}
con
----------------End of Script----------------

03:46:11 INFO  : Launch script is exported to file 'C:\Users\Saad\Desktop\echo_Clone\new_echo-main\pchdmi_system\_ide\scripts\systemdebugger_pchdmi_system_standalone.tcl'
03:55:48 INFO  : Hardware specification for platform project 'pchdmi_hw' is updated.
03:55:59 INFO  : Result from executing command 'removePlatformRepo': 
03:56:37 INFO  : Result from executing command 'getProjects': pchdmi_hw
03:56:37 INFO  : Result from executing command 'getPlatforms': 
03:56:38 INFO  : Checking for BSP changes to sync application flags for project 'pchdmi'...
03:56:45 INFO  : The hardware specification used by project 'pchdmi' is out of sync with the platform. Resource files extracted from the hardware specification will be updated.
03:56:45 INFO  : The file 'C:\Users\Saad\Desktop\echo_Clone\new_echo-main\pchdmi\_ide\bitstream\ETHHDMI(MODIFIED1).bit' stored in project is removed.
03:56:45 INFO  : The updated bitstream files are copied from platform to folder 'C:\Users\Saad\Desktop\echo_Clone\new_echo-main\pchdmi\_ide\bitstream' in project 'pchdmi'.
03:56:45 INFO  : The file 'C:\Users\Saad\Desktop\echo_Clone\new_echo-main\pchdmi\_ide\psinit\ps7_init.tcl' stored in project is removed.
03:56:50 INFO  : The updated ps init files are copied from platform to folder 'C:\Users\Saad\Desktop\echo_Clone\new_echo-main\pchdmi\_ide\psinit' in project 'pchdmi'.
03:56:59 INFO  : Disconnected from the channel tcfchan#53.
03:56:59 INFO  : Connected to target on host '127.0.0.1' and port '3121'.
03:57:00 INFO  : Jtag cable 'Digilent JTAG-SMT2 210251A08870' is selected.
03:57:00 INFO  : 'jtag frequency' command is executed.
03:57:00 INFO  : Context for 'APU' is selected.
03:57:00 INFO  : System reset is completed.
03:57:03 INFO  : 'after 3000' command is executed.
03:57:03 INFO  : 'targets -set -filter {jtag_cable_name =~ "Digilent JTAG-SMT2 210251A08870" && level==0 && jtag_device_ctx=="jsn-JTAG-SMT2-210251A08870-13722093-0"}' command is executed.
03:57:04 INFO  : Device configured successfully with "C:/Users/Saad/Desktop/echo_Clone/new_echo-main/pchdmi/_ide/bitstream/ETHHDMI(MODIFIED11).bit"
03:57:04 INFO  : Context for 'APU' is selected.
03:57:04 INFO  : Hardware design and registers information is loaded from 'C:/Users/Saad/Desktop/echo_Clone/new_echo-main/pchdmi_hw/export/pchdmi_hw/hw/ETHHDMI(MODIFIED11).xsa'.
03:57:04 INFO  : 'configparams force-mem-access 1' command is executed.
03:57:04 INFO  : Context for 'APU' is selected.
03:57:04 INFO  : Sourcing of 'C:/Users/Saad/Desktop/echo_Clone/new_echo-main/pchdmi/_ide/psinit/ps7_init.tcl' is done.
03:57:07 INFO  : 'ps7_init' command is executed.
03:57:07 INFO  : 'ps7_post_config' command is executed.
03:57:07 INFO  : Context for processor 'ps7_cortexa9_0' is selected.
03:57:07 INFO  : The application 'C:/Users/Saad/Desktop/echo_Clone/new_echo-main/pchdmi/Debug/pchdmi.elf' is downloaded to processor 'ps7_cortexa9_0'.
03:57:08 INFO  : 'configparams force-mem-access 0' command is executed.
03:57:08 INFO  : ----------------XSDB Script----------------
connect -url tcp:127.0.0.1:3121
targets -set -nocase -filter {name =~"APU*"}
rst -system
after 3000
targets -set -filter {jtag_cable_name =~ "Digilent JTAG-SMT2 210251A08870" && level==0 && jtag_device_ctx=="jsn-JTAG-SMT2-210251A08870-13722093-0"}
fpga -file C:/Users/Saad/Desktop/echo_Clone/new_echo-main/pchdmi/_ide/bitstream/ETHHDMI(MODIFIED11).bit
targets -set -nocase -filter {name =~"APU*"}
loadhw -hw C:/Users/Saad/Desktop/echo_Clone/new_echo-main/pchdmi_hw/export/pchdmi_hw/hw/ETHHDMI(MODIFIED11).xsa -mem-ranges [list {0x40000000 0xbfffffff}] -regs
configparams force-mem-access 1
targets -set -nocase -filter {name =~"APU*"}
source C:/Users/Saad/Desktop/echo_Clone/new_echo-main/pchdmi/_ide/psinit/ps7_init.tcl
ps7_init
ps7_post_config
targets -set -nocase -filter {name =~ "*A9*#0"}
dow C:/Users/Saad/Desktop/echo_Clone/new_echo-main/pchdmi/Debug/pchdmi.elf
configparams force-mem-access 0
----------------End of Script----------------

03:57:08 INFO  : Context for processor 'ps7_cortexa9_0' is selected.
03:57:08 INFO  : 'con' command is executed.
03:57:08 INFO  : ----------------XSDB Script (After Launch)----------------
targets -set -nocase -filter {name =~ "*A9*#0"}
con
----------------End of Script----------------

03:57:08 INFO  : Launch script is exported to file 'C:\Users\Saad\Desktop\echo_Clone\new_echo-main\pchdmi_system\_ide\scripts\systemdebugger_pchdmi_system_standalone.tcl'
03:59:58 INFO  : Hardware specification for platform project 'pchdmi_hw' is updated.
04:00:09 INFO  : Result from executing command 'getProjects': pchdmi_hw
04:00:09 INFO  : Result from executing command 'getPlatforms': pchdmi_hw|C:/Users/Saad/Desktop/echo_Clone/new_echo-main/pchdmi_hw/export/pchdmi_hw/pchdmi_hw.xpfm
04:00:14 INFO  : Disconnected from the channel tcfchan#57.
04:00:14 INFO  : The hardware specification used by project 'pchdmi' is out of sync with the platform. Resource files extracted from the hardware specification will be updated.
04:00:14 INFO  : The file 'C:\Users\Saad\Desktop\echo_Clone\new_echo-main\pchdmi\_ide\bitstream\ETHHDMI(MODIFIED11).bit' stored in project is removed.
04:00:14 INFO  : The updated bitstream files are copied from platform to folder 'C:\Users\Saad\Desktop\echo_Clone\new_echo-main\pchdmi\_ide\bitstream' in project 'pchdmi'.
04:00:14 INFO  : The file 'C:\Users\Saad\Desktop\echo_Clone\new_echo-main\pchdmi\_ide\psinit\ps7_init.tcl' stored in project is removed.
04:00:19 INFO  : The updated ps init files are copied from platform to folder 'C:\Users\Saad\Desktop\echo_Clone\new_echo-main\pchdmi\_ide\psinit' in project 'pchdmi'.
04:00:19 INFO  : Connected to target on host '127.0.0.1' and port '3121'.
04:00:20 INFO  : Jtag cable 'Digilent JTAG-SMT2 210251A08870' is selected.
04:00:20 INFO  : 'jtag frequency' command is executed.
04:00:20 INFO  : Context for 'APU' is selected.
04:00:20 INFO  : System reset is completed.
04:00:23 INFO  : 'after 3000' command is executed.
04:00:23 INFO  : 'targets -set -filter {jtag_cable_name =~ "Digilent JTAG-SMT2 210251A08870" && level==0 && jtag_device_ctx=="jsn-JTAG-SMT2-210251A08870-13722093-0"}' command is executed.
04:00:23 ERROR : couldn't open "C:/Users/Saad/Desktop/echo_Clone/new_echo-main/pchdmi/_ide/bitstream/ETHHDMI(MODIFIED11).bit": no such file or directory
04:00:23 ERROR : Exception occured while running Program Device.
java.lang.RuntimeException: couldn't open "C:/Users/Saad/Desktop/echo_Clone/new_echo-main/pchdmi/_ide/bitstream/ETHHDMI(MODIFIED11).bit": no such file or directory
04:00:23 INFO  : ----------------XSDB Script----------------
connect -url tcp:127.0.0.1:3121
targets -set -nocase -filter {name =~"APU*"}
rst -system
after 3000
----------------End of Script----------------

04:00:23 ERROR : couldn't open "C:/Users/Saad/Desktop/echo_Clone/new_echo-main/pchdmi/_ide/bitstream/ETHHDMI(MODIFIED11).bit": no such file or directory
04:00:30 INFO  : Connected to target on host '127.0.0.1' and port '3121'.
04:00:30 INFO  : Jtag cable 'Digilent JTAG-SMT2 210251A08870' is selected.
04:00:30 INFO  : 'jtag frequency' command is executed.
04:00:30 INFO  : Context for 'APU' is selected.
04:00:30 INFO  : System reset is completed.
04:00:33 INFO  : 'after 3000' command is executed.
04:00:33 INFO  : 'targets -set -filter {jtag_cable_name =~ "Digilent JTAG-SMT2 210251A08870" && level==0 && jtag_device_ctx=="jsn-JTAG-SMT2-210251A08870-13722093-0"}' command is executed.
04:00:34 INFO  : Device configured successfully with "C:/Users/Saad/Desktop/echo_Clone/new_echo-main/pchdmi/_ide/bitstream/ethhdmi(1).bit"
04:00:34 INFO  : Context for 'APU' is selected.
04:00:35 INFO  : Hardware design and registers information is loaded from 'C:/Users/Saad/Desktop/echo_Clone/new_echo-main/pchdmi_hw/export/pchdmi_hw/hw/ethhdmi(1).xsa'.
04:00:35 INFO  : 'configparams force-mem-access 1' command is executed.
04:00:35 INFO  : Context for 'APU' is selected.
04:00:35 INFO  : Sourcing of 'C:/Users/Saad/Desktop/echo_Clone/new_echo-main/pchdmi/_ide/psinit/ps7_init.tcl' is done.
04:00:36 INFO  : 'ps7_init' command is executed.
04:00:37 INFO  : 'ps7_post_config' command is executed.
04:00:37 INFO  : Context for processor 'ps7_cortexa9_0' is selected.
04:00:37 INFO  : The application 'C:/Users/Saad/Desktop/echo_Clone/new_echo-main/pchdmi/Debug/pchdmi.elf' is downloaded to processor 'ps7_cortexa9_0'.
04:00:38 INFO  : 'configparams force-mem-access 0' command is executed.
04:00:38 INFO  : ----------------XSDB Script----------------
connect -url tcp:127.0.0.1:3121
targets -set -nocase -filter {name =~"APU*"}
rst -system
after 3000
targets -set -filter {jtag_cable_name =~ "Digilent JTAG-SMT2 210251A08870" && level==0 && jtag_device_ctx=="jsn-JTAG-SMT2-210251A08870-13722093-0"}
fpga -file C:/Users/Saad/Desktop/echo_Clone/new_echo-main/pchdmi/_ide/bitstream/ethhdmi(1).bit
targets -set -nocase -filter {name =~"APU*"}
loadhw -hw C:/Users/Saad/Desktop/echo_Clone/new_echo-main/pchdmi_hw/export/pchdmi_hw/hw/ethhdmi(1).xsa -mem-ranges [list {0x40000000 0xbfffffff}] -regs
configparams force-mem-access 1
targets -set -nocase -filter {name =~"APU*"}
source C:/Users/Saad/Desktop/echo_Clone/new_echo-main/pchdmi/_ide/psinit/ps7_init.tcl
ps7_init
ps7_post_config
targets -set -nocase -filter {name =~ "*A9*#0"}
dow C:/Users/Saad/Desktop/echo_Clone/new_echo-main/pchdmi/Debug/pchdmi.elf
configparams force-mem-access 0
----------------End of Script----------------

04:00:38 INFO  : Context for processor 'ps7_cortexa9_0' is selected.
04:00:38 INFO  : 'con' command is executed.
04:00:38 INFO  : ----------------XSDB Script (After Launch)----------------
targets -set -nocase -filter {name =~ "*A9*#0"}
con
----------------End of Script----------------

04:00:38 INFO  : Launch script is exported to file 'C:\Users\Saad\Desktop\echo_Clone\new_echo-main\pchdmi_system\_ide\scripts\systemdebugger_pchdmi_system_standalone.tcl'
04:22:35 INFO  : Hardware specification for platform project 'pchdmi_hw' is updated.
04:22:44 INFO  : Result from executing command 'getProjects': pchdmi_hw
04:22:44 INFO  : Result from executing command 'getPlatforms': pchdmi_hw|C:/Users/Saad/Desktop/echo_Clone/new_echo-main/pchdmi_hw/export/pchdmi_hw/pchdmi_hw.xpfm
04:22:53 ERROR : XSCT server calls should not be made from TCF thread.
java.lang.RuntimeException: XSCT server calls should not be made from TCF thread.
	at com.xilinx.sdk.xsdb.XSDBCommandManager.issueAndWait(XSDBCommandManager.java:391)
	at com.xilinx.sdk.xsdb.XsdbCommandUtils.executeAndRespond(XsdbCommandUtils.java:325)
	at com.xilinx.sdk.hw.internal.HwPlatform.openHw(HwPlatform.java:372)
	at com.xilinx.sdk.hw.internal.HwPlatform.<init>(HwPlatform.java:359)
	at com.xilinx.sdk.hw.internal.HwSpecFactory.createHwSpec(HwSpecFactory.java:56)
	at com.xilinx.sdx.sdsoc.debug.ui.SdsLaunchConfigUtil.createHwPlatform(SdsLaunchConfigUtil.java:57)
	at com.xilinx.sdx.sdsoc.debug.ui.SdsLaunchConfigModel.iniHwPlatform(SdsLaunchConfigModel.java:187)
	at com.xilinx.sdk.tcf.internal.debug.ui.common.BaseLaunchConfigModel.getHwPlatform(BaseLaunchConfigModel.java:577)
	at com.xilinx.sdk.tcf.internal.debug.ui.common.BaseLaunchConfigModel.readCrossTriggerModel(BaseLaunchConfigModel.java:173)
	at com.xilinx.sdk.tcf.internal.debug.ui.common.BaseLaunchConfigModel.readAndSetAttributes(BaseLaunchConfigModel.java:156)
	at com.xilinx.sdx.sdsoc.debug.ui.SdsLaunchConfigModel.newInstance(SdsLaunchConfigModel.java:109)
	at com.xilinx.sdx.sdsoc.debug.launch.SdsTcfLaunchDelegate.createConfigModel(SdsTcfLaunchDelegate.java:85)
	at com.xilinx.sdx.sdsoc.debug.launch.SdsTcfLaunchDelegate.generateReports(SdsTcfLaunchDelegate.java:641)
	at com.xilinx.sdx.sdsoc.debug.launch.SdsTcfLaunchDelegate.onDisconnected(SdsTcfLaunchDelegate.java:615)
	at org.eclipse.tcf.internal.debug.ui.model.TCFModelManager$1.onDisconnected(TCFModelManager.java:79)
	at org.eclipse.tcf.internal.debug.model.TCFLaunch.onDisconnected(TCFLaunch.java:532)
	at org.eclipse.tcf.internal.debug.model.TCFLaunch$43.onChannelClosed(TCFLaunch.java:1643)
	at org.eclipse.tcf.core.AbstractChannel$9.run(AbstractChannel.java:858)
	at org.eclipse.tcf.EventQueue.run(EventQueue.java:98)
	at java.base/java.lang.Thread.run(Thread.java:829)
04:22:53 INFO  : Disconnected from the channel tcfchan#59.
04:22:55 INFO  : The hardware specification used by project 'pchdmi' is out of sync with the platform. Resource files extracted from the hardware specification will be updated.
04:22:55 INFO  : The file 'C:\Users\Saad\Desktop\echo_Clone\new_echo-main\pchdmi\_ide\bitstream\ethhdmi(1).bit' stored in project is removed.
04:22:56 INFO  : The updated bitstream files are copied from platform to folder 'C:\Users\Saad\Desktop\echo_Clone\new_echo-main\pchdmi\_ide\bitstream' in project 'pchdmi'.
04:22:56 INFO  : The file 'C:\Users\Saad\Desktop\echo_Clone\new_echo-main\pchdmi\_ide\psinit\ps7_init.tcl' stored in project is removed.
04:23:00 INFO  : The updated ps init files are copied from platform to folder 'C:\Users\Saad\Desktop\echo_Clone\new_echo-main\pchdmi\_ide\psinit' in project 'pchdmi'.
04:23:01 INFO  : Connected to target on host '127.0.0.1' and port '3121'.
04:23:01 INFO  : Jtag cable 'Digilent JTAG-SMT2 210251A08870' is selected.
04:23:01 INFO  : 'jtag frequency' command is executed.
04:23:01 INFO  : Context for 'APU' is selected.
04:23:01 INFO  : System reset is completed.
04:23:04 INFO  : 'after 3000' command is executed.
04:23:04 INFO  : 'targets -set -filter {jtag_cable_name =~ "Digilent JTAG-SMT2 210251A08870" && level==0 && jtag_device_ctx=="jsn-JTAG-SMT2-210251A08870-13722093-0"}' command is executed.
04:23:04 ERROR : couldn't open "C:/Users/Saad/Desktop/echo_Clone/new_echo-main/pchdmi/_ide/bitstream/ethhdmi(1).bit": no such file or directory
04:23:04 ERROR : Exception occured while running Program Device.
java.lang.RuntimeException: couldn't open "C:/Users/Saad/Desktop/echo_Clone/new_echo-main/pchdmi/_ide/bitstream/ethhdmi(1).bit": no such file or directory
04:23:04 INFO  : ----------------XSDB Script----------------
connect -url tcp:127.0.0.1:3121
targets -set -nocase -filter {name =~"APU*"}
rst -system
after 3000
----------------End of Script----------------

04:23:04 ERROR : couldn't open "C:/Users/Saad/Desktop/echo_Clone/new_echo-main/pchdmi/_ide/bitstream/ethhdmi(1).bit": no such file or directory
04:23:10 INFO  : Connected to target on host '127.0.0.1' and port '3121'.
04:23:10 INFO  : Jtag cable 'Digilent JTAG-SMT2 210251A08870' is selected.
04:23:10 INFO  : 'jtag frequency' command is executed.
04:23:10 INFO  : Context for 'APU' is selected.
04:23:10 INFO  : System reset is completed.
04:23:13 INFO  : 'after 3000' command is executed.
04:23:13 INFO  : 'targets -set -filter {jtag_cable_name =~ "Digilent JTAG-SMT2 210251A08870" && level==0 && jtag_device_ctx=="jsn-JTAG-SMT2-210251A08870-13722093-0"}' command is executed.
04:23:14 INFO  : Device configured successfully with "C:/Users/Saad/Desktop/echo_Clone/new_echo-main/pchdmi/_ide/bitstream/ethhdmi2.bit"
04:23:14 INFO  : Context for 'APU' is selected.
04:23:15 INFO  : Hardware design and registers information is loaded from 'C:/Users/Saad/Desktop/echo_Clone/new_echo-main/pchdmi_hw/export/pchdmi_hw/hw/ethhdmi2.xsa'.
04:23:15 INFO  : 'configparams force-mem-access 1' command is executed.
04:23:15 INFO  : Context for 'APU' is selected.
04:23:15 INFO  : Sourcing of 'C:/Users/Saad/Desktop/echo_Clone/new_echo-main/pchdmi/_ide/psinit/ps7_init.tcl' is done.
04:23:17 INFO  : 'ps7_init' command is executed.
04:23:17 INFO  : 'ps7_post_config' command is executed.
04:23:17 INFO  : Context for processor 'ps7_cortexa9_0' is selected.
04:23:18 INFO  : The application 'C:/Users/Saad/Desktop/echo_Clone/new_echo-main/pchdmi/Debug/pchdmi.elf' is downloaded to processor 'ps7_cortexa9_0'.
04:23:18 INFO  : 'configparams force-mem-access 0' command is executed.
04:23:18 INFO  : ----------------XSDB Script----------------
connect -url tcp:127.0.0.1:3121
targets -set -nocase -filter {name =~"APU*"}
rst -system
after 3000
targets -set -filter {jtag_cable_name =~ "Digilent JTAG-SMT2 210251A08870" && level==0 && jtag_device_ctx=="jsn-JTAG-SMT2-210251A08870-13722093-0"}
fpga -file C:/Users/Saad/Desktop/echo_Clone/new_echo-main/pchdmi/_ide/bitstream/ethhdmi2.bit
targets -set -nocase -filter {name =~"APU*"}
loadhw -hw C:/Users/Saad/Desktop/echo_Clone/new_echo-main/pchdmi_hw/export/pchdmi_hw/hw/ethhdmi2.xsa -mem-ranges [list {0x40000000 0xbfffffff}] -regs
configparams force-mem-access 1
targets -set -nocase -filter {name =~"APU*"}
source C:/Users/Saad/Desktop/echo_Clone/new_echo-main/pchdmi/_ide/psinit/ps7_init.tcl
ps7_init
ps7_post_config
targets -set -nocase -filter {name =~ "*A9*#0"}
dow C:/Users/Saad/Desktop/echo_Clone/new_echo-main/pchdmi/Debug/pchdmi.elf
configparams force-mem-access 0
----------------End of Script----------------

04:23:18 INFO  : Context for processor 'ps7_cortexa9_0' is selected.
04:23:19 INFO  : 'con' command is executed.
04:23:19 INFO  : ----------------XSDB Script (After Launch)----------------
targets -set -nocase -filter {name =~ "*A9*#0"}
con
----------------End of Script----------------

04:23:19 INFO  : Launch script is exported to file 'C:\Users\Saad\Desktop\echo_Clone\new_echo-main\pchdmi_system\_ide\scripts\systemdebugger_pchdmi_system_standalone.tcl'
04:36:11 INFO  : Checking for BSP changes to sync application flags for project 'pchdmi'...
04:37:40 INFO  : Checking for BSP changes to sync application flags for project 'pchdmi'...
04:37:54 INFO  : Disconnected from the channel tcfchan#61.
04:37:54 INFO  : Connected to target on host '127.0.0.1' and port '3121'.
04:37:54 INFO  : Jtag cable 'Digilent JTAG-SMT2 210251A08870' is selected.
04:37:54 INFO  : 'jtag frequency' command is executed.
04:37:54 INFO  : Context for 'APU' is selected.
04:37:54 INFO  : System reset is completed.
04:37:57 INFO  : 'after 3000' command is executed.
04:37:57 INFO  : 'targets -set -filter {jtag_cable_name =~ "Digilent JTAG-SMT2 210251A08870" && level==0 && jtag_device_ctx=="jsn-JTAG-SMT2-210251A08870-13722093-0"}' command is executed.
04:37:59 INFO  : Device configured successfully with "C:/Users/Saad/Desktop/echo_Clone/new_echo-main/pchdmi/_ide/bitstream/ethhdmi2.bit"
04:37:59 INFO  : Context for 'APU' is selected.
04:37:59 INFO  : Hardware design and registers information is loaded from 'C:/Users/Saad/Desktop/echo_Clone/new_echo-main/pchdmi_hw/export/pchdmi_hw/hw/ethhdmi2.xsa'.
04:37:59 INFO  : 'configparams force-mem-access 1' command is executed.
04:37:59 INFO  : Context for 'APU' is selected.
04:37:59 INFO  : Sourcing of 'C:/Users/Saad/Desktop/echo_Clone/new_echo-main/pchdmi/_ide/psinit/ps7_init.tcl' is done.
04:38:01 INFO  : 'ps7_init' command is executed.
04:38:01 INFO  : 'ps7_post_config' command is executed.
04:38:01 INFO  : Context for processor 'ps7_cortexa9_0' is selected.
04:38:02 INFO  : The application 'C:/Users/Saad/Desktop/echo_Clone/new_echo-main/pchdmi/Debug/pchdmi.elf' is downloaded to processor 'ps7_cortexa9_0'.
04:38:02 INFO  : 'configparams force-mem-access 0' command is executed.
04:38:02 INFO  : ----------------XSDB Script----------------
connect -url tcp:127.0.0.1:3121
targets -set -nocase -filter {name =~"APU*"}
rst -system
after 3000
targets -set -filter {jtag_cable_name =~ "Digilent JTAG-SMT2 210251A08870" && level==0 && jtag_device_ctx=="jsn-JTAG-SMT2-210251A08870-13722093-0"}
fpga -file C:/Users/Saad/Desktop/echo_Clone/new_echo-main/pchdmi/_ide/bitstream/ethhdmi2.bit
targets -set -nocase -filter {name =~"APU*"}
loadhw -hw C:/Users/Saad/Desktop/echo_Clone/new_echo-main/pchdmi_hw/export/pchdmi_hw/hw/ethhdmi2.xsa -mem-ranges [list {0x40000000 0xbfffffff}] -regs
configparams force-mem-access 1
targets -set -nocase -filter {name =~"APU*"}
source C:/Users/Saad/Desktop/echo_Clone/new_echo-main/pchdmi/_ide/psinit/ps7_init.tcl
ps7_init
ps7_post_config
targets -set -nocase -filter {name =~ "*A9*#0"}
dow C:/Users/Saad/Desktop/echo_Clone/new_echo-main/pchdmi/Debug/pchdmi.elf
configparams force-mem-access 0
----------------End of Script----------------

04:38:03 INFO  : Context for processor 'ps7_cortexa9_0' is selected.
04:38:03 INFO  : 'con' command is executed.
04:38:03 INFO  : ----------------XSDB Script (After Launch)----------------
targets -set -nocase -filter {name =~ "*A9*#0"}
con
----------------End of Script----------------

04:38:03 INFO  : Launch script is exported to file 'C:\Users\Saad\Desktop\echo_Clone\new_echo-main\pchdmi_system\_ide\scripts\systemdebugger_pchdmi_system_standalone.tcl'
04:51:18 INFO  : Checking for BSP changes to sync application flags for project 'pchdmi'...
04:51:32 INFO  : Disconnected from the channel tcfchan#63.
04:51:32 INFO  : Connected to target on host '127.0.0.1' and port '3121'.
04:51:32 INFO  : Jtag cable 'Digilent JTAG-SMT2 210251A08870' is selected.
04:51:32 INFO  : 'jtag frequency' command is executed.
04:51:32 INFO  : Context for 'APU' is selected.
04:51:32 INFO  : System reset is completed.
04:51:35 INFO  : 'after 3000' command is executed.
04:51:35 INFO  : 'targets -set -filter {jtag_cable_name =~ "Digilent JTAG-SMT2 210251A08870" && level==0 && jtag_device_ctx=="jsn-JTAG-SMT2-210251A08870-13722093-0"}' command is executed.
04:51:36 INFO  : Device configured successfully with "C:/Users/Saad/Desktop/echo_Clone/new_echo-main/pchdmi/_ide/bitstream/ethhdmi2.bit"
04:51:36 INFO  : Context for 'APU' is selected.
04:51:37 INFO  : Hardware design and registers information is loaded from 'C:/Users/Saad/Desktop/echo_Clone/new_echo-main/pchdmi_hw/export/pchdmi_hw/hw/ethhdmi2.xsa'.
04:51:37 INFO  : 'configparams force-mem-access 1' command is executed.
04:51:37 INFO  : Context for 'APU' is selected.
04:51:37 INFO  : Sourcing of 'C:/Users/Saad/Desktop/echo_Clone/new_echo-main/pchdmi/_ide/psinit/ps7_init.tcl' is done.
04:51:39 INFO  : 'ps7_init' command is executed.
04:51:39 INFO  : 'ps7_post_config' command is executed.
04:51:39 INFO  : Context for processor 'ps7_cortexa9_0' is selected.
04:51:39 INFO  : The application 'C:/Users/Saad/Desktop/echo_Clone/new_echo-main/pchdmi/Debug/pchdmi.elf' is downloaded to processor 'ps7_cortexa9_0'.
04:51:40 INFO  : 'configparams force-mem-access 0' command is executed.
04:51:40 INFO  : ----------------XSDB Script----------------
connect -url tcp:127.0.0.1:3121
targets -set -nocase -filter {name =~"APU*"}
rst -system
after 3000
targets -set -filter {jtag_cable_name =~ "Digilent JTAG-SMT2 210251A08870" && level==0 && jtag_device_ctx=="jsn-JTAG-SMT2-210251A08870-13722093-0"}
fpga -file C:/Users/Saad/Desktop/echo_Clone/new_echo-main/pchdmi/_ide/bitstream/ethhdmi2.bit
targets -set -nocase -filter {name =~"APU*"}
loadhw -hw C:/Users/Saad/Desktop/echo_Clone/new_echo-main/pchdmi_hw/export/pchdmi_hw/hw/ethhdmi2.xsa -mem-ranges [list {0x40000000 0xbfffffff}] -regs
configparams force-mem-access 1
targets -set -nocase -filter {name =~"APU*"}
source C:/Users/Saad/Desktop/echo_Clone/new_echo-main/pchdmi/_ide/psinit/ps7_init.tcl
ps7_init
ps7_post_config
targets -set -nocase -filter {name =~ "*A9*#0"}
dow C:/Users/Saad/Desktop/echo_Clone/new_echo-main/pchdmi/Debug/pchdmi.elf
configparams force-mem-access 0
----------------End of Script----------------

04:51:40 INFO  : Context for processor 'ps7_cortexa9_0' is selected.
04:51:40 INFO  : 'con' command is executed.
04:51:40 INFO  : ----------------XSDB Script (After Launch)----------------
targets -set -nocase -filter {name =~ "*A9*#0"}
con
----------------End of Script----------------

04:51:40 INFO  : Launch script is exported to file 'C:\Users\Saad\Desktop\echo_Clone\new_echo-main\pchdmi_system\_ide\scripts\systemdebugger_pchdmi_system_standalone.tcl'
04:56:05 WARN  : channel "tcfchan#65" closed
15:38:42 INFO  : Launching XSCT server: xsct.bat -n  -interactive C:\Users\Saad\Desktop\echo_Clone\new_echo-main\temp_xsdb_launch_script.tcl
15:38:46 INFO  : Platform repository initialization has completed.
15:38:46 INFO  : Registering command handlers for Vitis TCF services
15:38:46 INFO  : XSCT server has started successfully.
15:38:51 INFO  : Successfully done setting XSCT server connection channel  
15:38:51 INFO  : plnx-install-location is set to ''
15:38:51 INFO  : Successfully done query RDI_DATADIR 
15:38:51 INFO  : Successfully done setting workspace for the tool. 
15:39:27 INFO  : Hardware specification for platform project 'pchdmi_hw' is updated.
15:40:09 INFO  : Result from executing command 'getProjects': pchdmi_hw
15:40:09 INFO  : Result from executing command 'getPlatforms': pchdmi_hw|C:/Users/Saad/Desktop/echo_Clone/new_echo-main/pchdmi_hw/export/pchdmi_hw/pchdmi_hw.xpfm
15:40:09 INFO  : Checking for BSP changes to sync application flags for project 'pchdmi'...
15:40:15 INFO  : The hardware specification used by project 'pchdmi' is out of sync with the platform. Resource files extracted from the hardware specification will be updated.
15:40:15 INFO  : The file 'C:\Users\Saad\Desktop\echo_Clone\new_echo-main\pchdmi\_ide\bitstream\ethhdmi2.bit' stored in project is removed.
15:40:15 INFO  : The updated bitstream files are copied from platform to folder 'C:\Users\Saad\Desktop\echo_Clone\new_echo-main\pchdmi\_ide\bitstream' in project 'pchdmi'.
15:40:15 INFO  : The file 'C:\Users\Saad\Desktop\echo_Clone\new_echo-main\pchdmi\_ide\psinit\ps7_init.tcl' stored in project is removed.
15:40:21 INFO  : The updated ps init files are copied from platform to folder 'C:\Users\Saad\Desktop\echo_Clone\new_echo-main\pchdmi\_ide\psinit' in project 'pchdmi'.
15:47:59 INFO  : Checking for BSP changes to sync application flags for project 'pchdmi'...
15:52:23 INFO  : Connected to target on host '127.0.0.1' and port '3121'.
15:52:27 INFO  : Jtag cable 'Digilent JTAG-SMT2 210251A08870' is selected.
15:52:29 INFO  : 'jtag frequency' command is executed.
15:52:29 INFO  : Context for 'APU' is selected.
15:52:29 INFO  : System reset is completed.
15:52:32 INFO  : 'after 3000' command is executed.
15:52:35 INFO  : 'targets -set -filter {jtag_cable_name =~ "Digilent JTAG-SMT2 210251A08870" && level==0 && jtag_device_ctx=="jsn-JTAG-SMT2-210251A08870-13722093-0"}' command is executed.
15:52:36 INFO  : Device configured successfully with "C:/Users/Saad/Desktop/echo_Clone/new_echo-main/pchdmi/_ide/bitstream/hdmieth3.bit"
15:52:36 INFO  : Context for 'APU' is selected.
15:52:39 INFO  : Hardware design and registers information is loaded from 'C:/Users/Saad/Desktop/echo_Clone/new_echo-main/pchdmi_hw/export/pchdmi_hw/hw/hdmieth3.xsa'.
15:52:39 INFO  : 'configparams force-mem-access 1' command is executed.
15:52:39 INFO  : Context for 'APU' is selected.
15:52:39 INFO  : Sourcing of 'C:/Users/Saad/Desktop/echo_Clone/new_echo-main/pchdmi/_ide/psinit/ps7_init.tcl' is done.
15:53:02 INFO  : 'ps7_init' command is executed.
15:53:05 INFO  : 'ps7_post_config' command is executed.
15:53:05 INFO  : Context for processor 'ps7_cortexa9_0' is selected.
15:53:14 INFO  : The application 'C:/Users/Saad/Desktop/echo_Clone/new_echo-main/pchdmi/Debug/pchdmi.elf' is downloaded to processor 'ps7_cortexa9_0'.
15:53:16 INFO  : 'configparams force-mem-access 0' command is executed.
15:53:16 INFO  : ----------------XSDB Script----------------
connect -url tcp:127.0.0.1:3121
targets -set -nocase -filter {name =~"APU*"}
rst -system
after 3000
targets -set -filter {jtag_cable_name =~ "Digilent JTAG-SMT2 210251A08870" && level==0 && jtag_device_ctx=="jsn-JTAG-SMT2-210251A08870-13722093-0"}
fpga -file C:/Users/Saad/Desktop/echo_Clone/new_echo-main/pchdmi/_ide/bitstream/hdmieth3.bit
targets -set -nocase -filter {name =~"APU*"}
loadhw -hw C:/Users/Saad/Desktop/echo_Clone/new_echo-main/pchdmi_hw/export/pchdmi_hw/hw/hdmieth3.xsa -mem-ranges [list {0x40000000 0xbfffffff}] -regs
configparams force-mem-access 1
targets -set -nocase -filter {name =~"APU*"}
source C:/Users/Saad/Desktop/echo_Clone/new_echo-main/pchdmi/_ide/psinit/ps7_init.tcl
ps7_init
ps7_post_config
targets -set -nocase -filter {name =~ "*A9*#0"}
dow C:/Users/Saad/Desktop/echo_Clone/new_echo-main/pchdmi/Debug/pchdmi.elf
configparams force-mem-access 0
----------------End of Script----------------

15:53:25 INFO  : Context for processor 'ps7_cortexa9_0' is selected.
15:53:28 INFO  : 'con' command is executed.
15:53:28 INFO  : ----------------XSDB Script (After Launch)----------------
targets -set -nocase -filter {name =~ "*A9*#0"}
con
----------------End of Script----------------

15:53:28 INFO  : Launch script is exported to file 'C:\Users\Saad\Desktop\echo_Clone\new_echo-main\pchdmi_system\_ide\scripts\systemdebugger_pchdmi_system_standalone.tcl'
15:53:53 INFO  : Disconnected from the channel tcfchan#4.
15:53:53 INFO  : Connected to target on host '127.0.0.1' and port '3121'.
15:53:53 INFO  : Jtag cable 'Digilent JTAG-SMT2 210251A08870' is selected.
15:53:56 INFO  : 'jtag frequency' command is executed.
15:53:56 INFO  : Context for 'APU' is selected.
15:53:56 INFO  : System reset is completed.
15:53:59 INFO  : 'after 3000' command is executed.
15:54:02 INFO  : 'targets -set -filter {jtag_cable_name =~ "Digilent JTAG-SMT2 210251A08870" && level==0 && jtag_device_ctx=="jsn-JTAG-SMT2-210251A08870-13722093-0"}' command is executed.
15:54:03 INFO  : Device configured successfully with "C:/Users/Saad/Desktop/echo_Clone/new_echo-main/pchdmi/_ide/bitstream/hdmieth3.bit"
15:54:03 INFO  : Context for 'APU' is selected.
15:54:06 INFO  : Hardware design and registers information is loaded from 'C:/Users/Saad/Desktop/echo_Clone/new_echo-main/pchdmi_hw/export/pchdmi_hw/hw/hdmieth3.xsa'.
15:54:06 INFO  : 'configparams force-mem-access 1' command is executed.
15:54:06 INFO  : Context for 'APU' is selected.
15:54:06 INFO  : Sourcing of 'C:/Users/Saad/Desktop/echo_Clone/new_echo-main/pchdmi/_ide/psinit/ps7_init.tcl' is done.
15:54:26 INFO  : 'ps7_init' command is executed.
15:54:26 INFO  : 'ps7_post_config' command is executed.
15:54:29 INFO  : Context for processor 'ps7_cortexa9_0' is selected.
15:54:32 INFO  : The application 'C:/Users/Saad/Desktop/echo_Clone/new_echo-main/pchdmi/Debug/pchdmi.elf' is downloaded to processor 'ps7_cortexa9_0'.
15:54:35 INFO  : 'configparams force-mem-access 0' command is executed.
15:54:35 INFO  : ----------------XSDB Script----------------
connect -url tcp:127.0.0.1:3121
targets -set -nocase -filter {name =~"APU*"}
rst -system
after 3000
targets -set -filter {jtag_cable_name =~ "Digilent JTAG-SMT2 210251A08870" && level==0 && jtag_device_ctx=="jsn-JTAG-SMT2-210251A08870-13722093-0"}
fpga -file C:/Users/Saad/Desktop/echo_Clone/new_echo-main/pchdmi/_ide/bitstream/hdmieth3.bit
targets -set -nocase -filter {name =~"APU*"}
loadhw -hw C:/Users/Saad/Desktop/echo_Clone/new_echo-main/pchdmi_hw/export/pchdmi_hw/hw/hdmieth3.xsa -mem-ranges [list {0x40000000 0xbfffffff}] -regs
configparams force-mem-access 1
targets -set -nocase -filter {name =~"APU*"}
source C:/Users/Saad/Desktop/echo_Clone/new_echo-main/pchdmi/_ide/psinit/ps7_init.tcl
ps7_init
ps7_post_config
targets -set -nocase -filter {name =~ "*A9*#0"}
dow C:/Users/Saad/Desktop/echo_Clone/new_echo-main/pchdmi/Debug/pchdmi.elf
configparams force-mem-access 0
----------------End of Script----------------

15:54:37 INFO  : Context for processor 'ps7_cortexa9_0' is selected.
15:54:40 INFO  : 'con' command is executed.
15:54:40 INFO  : ----------------XSDB Script (After Launch)----------------
targets -set -nocase -filter {name =~ "*A9*#0"}
con
----------------End of Script----------------

15:54:40 INFO  : Launch script is exported to file 'C:\Users\Saad\Desktop\echo_Clone\new_echo-main\pchdmi_system\_ide\scripts\systemdebugger_pchdmi_system_standalone.tcl'
15:56:11 INFO  : Checking for BSP changes to sync application flags for project 'pchdmi'...
15:56:52 INFO  : Checking for BSP changes to sync application flags for project 'pchdmi'...
15:57:08 INFO  : Disconnected from the channel tcfchan#5.
15:57:11 INFO  : Connected to target on host '127.0.0.1' and port '3121'.
15:57:11 INFO  : Jtag cable 'Digilent JTAG-SMT2 210251A08870' is selected.
15:57:14 INFO  : 'jtag frequency' command is executed.
15:57:17 ERROR : no targets found with "name =~"APU*"". available targets: none
15:57:17 INFO  : ----------------XSDB Script----------------
connect -url tcp:127.0.0.1:3121
targets -set -nocase -filter {name =~"APU*"}
----------------End of Script----------------

15:57:17 ERROR : no targets found with "name =~"APU*"". available targets: none
15:57:32 INFO  : Connected to target on host '127.0.0.1' and port '3121'.
15:57:34 INFO  : Jtag cable 'Digilent JTAG-SMT2 210251A08870' is selected.
15:57:37 INFO  : 'jtag frequency' command is executed.
15:57:37 INFO  : Context for 'APU' is selected.
15:57:37 INFO  : System reset is completed.
15:57:40 INFO  : 'after 3000' command is executed.
15:57:43 INFO  : 'targets -set -filter {jtag_cable_name =~ "Digilent JTAG-SMT2 210251A08870" && level==0 && jtag_device_ctx=="jsn-JTAG-SMT2-210251A08870-13722093-0"}' command is executed.
15:57:44 INFO  : Device configured successfully with "C:/Users/Saad/Desktop/echo_Clone/new_echo-main/pchdmi/_ide/bitstream/hdmieth3.bit"
15:57:44 INFO  : Context for 'APU' is selected.
15:57:47 INFO  : Hardware design and registers information is loaded from 'C:/Users/Saad/Desktop/echo_Clone/new_echo-main/pchdmi_hw/export/pchdmi_hw/hw/hdmieth3.xsa'.
15:57:47 INFO  : 'configparams force-mem-access 1' command is executed.
15:57:47 INFO  : Context for 'APU' is selected.
15:57:47 INFO  : Sourcing of 'C:/Users/Saad/Desktop/echo_Clone/new_echo-main/pchdmi/_ide/psinit/ps7_init.tcl' is done.
15:58:09 INFO  : 'ps7_init' command is executed.
15:58:09 INFO  : 'ps7_post_config' command is executed.
15:58:09 INFO  : Context for processor 'ps7_cortexa9_0' is selected.
15:58:15 INFO  : The application 'C:/Users/Saad/Desktop/echo_Clone/new_echo-main/pchdmi/Debug/pchdmi.elf' is downloaded to processor 'ps7_cortexa9_0'.
15:58:18 INFO  : 'configparams force-mem-access 0' command is executed.
15:58:18 INFO  : ----------------XSDB Script----------------
connect -url tcp:127.0.0.1:3121
targets -set -nocase -filter {name =~"APU*"}
rst -system
after 3000
targets -set -filter {jtag_cable_name =~ "Digilent JTAG-SMT2 210251A08870" && level==0 && jtag_device_ctx=="jsn-JTAG-SMT2-210251A08870-13722093-0"}
fpga -file C:/Users/Saad/Desktop/echo_Clone/new_echo-main/pchdmi/_ide/bitstream/hdmieth3.bit
targets -set -nocase -filter {name =~"APU*"}
loadhw -hw C:/Users/Saad/Desktop/echo_Clone/new_echo-main/pchdmi_hw/export/pchdmi_hw/hw/hdmieth3.xsa -mem-ranges [list {0x40000000 0xbfffffff}] -regs
configparams force-mem-access 1
targets -set -nocase -filter {name =~"APU*"}
source C:/Users/Saad/Desktop/echo_Clone/new_echo-main/pchdmi/_ide/psinit/ps7_init.tcl
ps7_init
ps7_post_config
targets -set -nocase -filter {name =~ "*A9*#0"}
dow C:/Users/Saad/Desktop/echo_Clone/new_echo-main/pchdmi/Debug/pchdmi.elf
configparams force-mem-access 0
----------------End of Script----------------

15:58:21 INFO  : Context for processor 'ps7_cortexa9_0' is selected.
15:58:24 INFO  : 'con' command is executed.
15:58:24 INFO  : ----------------XSDB Script (After Launch)----------------
targets -set -nocase -filter {name =~ "*A9*#0"}
con
----------------End of Script----------------

15:58:24 INFO  : Launch script is exported to file 'C:\Users\Saad\Desktop\echo_Clone\new_echo-main\pchdmi_system\_ide\scripts\systemdebugger_pchdmi_system_standalone.tcl'
15:59:55 INFO  : Hardware specification for platform project 'pchdmi_hw' is updated.
16:00:03 INFO  : Result from executing command 'getProjects': pchdmi_hw
16:00:03 INFO  : Result from executing command 'getPlatforms': pchdmi_hw|C:/Users/Saad/Desktop/echo_Clone/new_echo-main/pchdmi_hw/export/pchdmi_hw/pchdmi_hw.xpfm
16:00:03 INFO  : Checking for BSP changes to sync application flags for project 'pchdmi'...
16:00:07 INFO  : The hardware specification used by project 'pchdmi' is out of sync with the platform. Resource files extracted from the hardware specification will be updated.
16:00:07 INFO  : The file 'C:\Users\Saad\Desktop\echo_Clone\new_echo-main\pchdmi\_ide\bitstream\hdmieth3.bit' stored in project is removed.
16:00:07 INFO  : The updated bitstream files are copied from platform to folder 'C:\Users\Saad\Desktop\echo_Clone\new_echo-main\pchdmi\_ide\bitstream' in project 'pchdmi'.
16:00:07 INFO  : The file 'C:\Users\Saad\Desktop\echo_Clone\new_echo-main\pchdmi\_ide\psinit\ps7_init.tcl' stored in project is removed.
16:00:13 INFO  : The updated ps init files are copied from platform to folder 'C:\Users\Saad\Desktop\echo_Clone\new_echo-main\pchdmi\_ide\psinit' in project 'pchdmi'.
16:00:20 INFO  : Disconnected from the channel tcfchan#8.
16:00:23 INFO  : Connected to target on host '127.0.0.1' and port '3121'.
16:00:23 INFO  : Jtag cable 'Digilent JTAG-SMT2 210251A08870' is selected.
16:00:26 INFO  : 'jtag frequency' command is executed.
16:00:29 ERROR : no targets found with "name =~"APU*"". available targets: none
16:00:29 INFO  : ----------------XSDB Script----------------
connect -url tcp:127.0.0.1:3121
targets -set -nocase -filter {name =~"APU*"}
----------------End of Script----------------

16:00:29 ERROR : no targets found with "name =~"APU*"". available targets: none
16:03:39 INFO  : Connected to target on host '127.0.0.1' and port '3121'.
16:03:40 INFO  : Jtag cable 'Digilent JTAG-SMT2 210251A08870' is selected.
16:03:43 INFO  : 'jtag frequency' command is executed.
16:03:43 INFO  : Context for 'APU' is selected.
16:03:43 INFO  : System reset is completed.
16:03:46 INFO  : 'after 3000' command is executed.
16:03:48 INFO  : 'targets -set -filter {jtag_cable_name =~ "Digilent JTAG-SMT2 210251A08870" && level==0 && jtag_device_ctx=="jsn-JTAG-SMT2-210251A08870-13722093-0"}' command is executed.
16:03:52 INFO  : Device configured successfully with "C:/Users/Saad/Desktop/echo_Clone/new_echo-main/pchdmi/_ide/bitstream/ethhdmi2.bit"
16:03:52 INFO  : Context for 'APU' is selected.
16:03:55 INFO  : Hardware design and registers information is loaded from 'C:/Users/Saad/Desktop/echo_Clone/new_echo-main/pchdmi_hw/export/pchdmi_hw/hw/ethhdmi2.xsa'.
16:03:55 INFO  : 'configparams force-mem-access 1' command is executed.
16:03:55 INFO  : Context for 'APU' is selected.
16:03:55 INFO  : Sourcing of 'C:/Users/Saad/Desktop/echo_Clone/new_echo-main/pchdmi/_ide/psinit/ps7_init.tcl' is done.
16:04:15 INFO  : 'ps7_init' command is executed.
16:04:18 INFO  : 'ps7_post_config' command is executed.
16:04:18 INFO  : Context for processor 'ps7_cortexa9_0' is selected.
16:04:24 INFO  : The application 'C:/Users/Saad/Desktop/echo_Clone/new_echo-main/pchdmi/Debug/pchdmi.elf' is downloaded to processor 'ps7_cortexa9_0'.
16:04:27 INFO  : 'configparams force-mem-access 0' command is executed.
16:04:27 INFO  : ----------------XSDB Script----------------
connect -url tcp:127.0.0.1:3121
targets -set -nocase -filter {name =~"APU*"}
rst -system
after 3000
targets -set -filter {jtag_cable_name =~ "Digilent JTAG-SMT2 210251A08870" && level==0 && jtag_device_ctx=="jsn-JTAG-SMT2-210251A08870-13722093-0"}
fpga -file C:/Users/Saad/Desktop/echo_Clone/new_echo-main/pchdmi/_ide/bitstream/ethhdmi2.bit
targets -set -nocase -filter {name =~"APU*"}
loadhw -hw C:/Users/Saad/Desktop/echo_Clone/new_echo-main/pchdmi_hw/export/pchdmi_hw/hw/ethhdmi2.xsa -mem-ranges [list {0x40000000 0xbfffffff}] -regs
configparams force-mem-access 1
targets -set -nocase -filter {name =~"APU*"}
source C:/Users/Saad/Desktop/echo_Clone/new_echo-main/pchdmi/_ide/psinit/ps7_init.tcl
ps7_init
ps7_post_config
targets -set -nocase -filter {name =~ "*A9*#0"}
dow C:/Users/Saad/Desktop/echo_Clone/new_echo-main/pchdmi/Debug/pchdmi.elf
configparams force-mem-access 0
----------------End of Script----------------

16:04:30 INFO  : Context for processor 'ps7_cortexa9_0' is selected.
16:04:32 INFO  : 'con' command is executed.
16:04:32 INFO  : ----------------XSDB Script (After Launch)----------------
targets -set -nocase -filter {name =~ "*A9*#0"}
con
----------------End of Script----------------

16:04:32 INFO  : Launch script is exported to file 'C:\Users\Saad\Desktop\echo_Clone\new_echo-main\pchdmi_system\_ide\scripts\systemdebugger_pchdmi_system_standalone.tcl'
16:15:43 INFO  : Hardware specification for platform project 'pchdmi_hw' is updated.
16:18:43 INFO  : Hardware specification for platform project 'pchdmi_hw' is updated.
16:18:57 INFO  : Result from executing command 'getProjects': pchdmi_hw
16:18:57 INFO  : Result from executing command 'getPlatforms': pchdmi_hw|C:/Users/Saad/Desktop/echo_Clone/new_echo-main/pchdmi_hw/export/pchdmi_hw/pchdmi_hw.xpfm
16:18:58 INFO  : Checking for BSP changes to sync application flags for project 'pchdmi'...
16:19:03 INFO  : The hardware specification used by project 'pchdmi' is out of sync with the platform. Resource files extracted from the hardware specification will be updated.
16:19:03 INFO  : The file 'C:\Users\Saad\Desktop\echo_Clone\new_echo-main\pchdmi\_ide\bitstream\ethhdmi2.bit' stored in project is removed.
16:19:03 INFO  : The updated bitstream files are copied from platform to folder 'C:\Users\Saad\Desktop\echo_Clone\new_echo-main\pchdmi\_ide\bitstream' in project 'pchdmi'.
16:19:03 INFO  : The file 'C:\Users\Saad\Desktop\echo_Clone\new_echo-main\pchdmi\_ide\psinit\ps7_init.tcl' stored in project is removed.
16:19:10 INFO  : The updated ps init files are copied from platform to folder 'C:\Users\Saad\Desktop\echo_Clone\new_echo-main\pchdmi\_ide\psinit' in project 'pchdmi'.
16:20:21 INFO  : Disconnected from the channel tcfchan#11.
16:20:21 INFO  : Connected to target on host '127.0.0.1' and port '3121'.
16:20:21 INFO  : Jtag cable 'Digilent JTAG-SMT2 210251A08870' is selected.
16:20:24 INFO  : 'jtag frequency' command is executed.
16:20:24 INFO  : Context for 'APU' is selected.
16:20:24 INFO  : System reset is completed.
16:20:27 INFO  : 'after 3000' command is executed.
16:20:30 INFO  : 'targets -set -filter {jtag_cable_name =~ "Digilent JTAG-SMT2 210251A08870" && level==0 && jtag_device_ctx=="jsn-JTAG-SMT2-210251A08870-13722093-0"}' command is executed.
16:20:31 INFO  : Device configured successfully with "C:/Users/Saad/Desktop/echo_Clone/new_echo-main/pchdmi/_ide/bitstream/hdmieth3.bit"
16:20:31 INFO  : Context for 'APU' is selected.
16:20:31 INFO  : Hardware design and registers information is loaded from 'C:/Users/Saad/Desktop/echo_Clone/new_echo-main/pchdmi_hw/export/pchdmi_hw/hw/hdmieth3.xsa'.
16:20:31 INFO  : 'configparams force-mem-access 1' command is executed.
16:20:31 INFO  : Context for 'APU' is selected.
16:20:31 INFO  : Sourcing of 'C:/Users/Saad/Desktop/echo_Clone/new_echo-main/pchdmi/_ide/psinit/ps7_init.tcl' is done.
16:20:51 INFO  : 'ps7_init' command is executed.
16:20:51 INFO  : 'ps7_post_config' command is executed.
16:20:51 INFO  : Context for processor 'ps7_cortexa9_0' is selected.
16:20:57 INFO  : The application 'C:/Users/Saad/Desktop/echo_Clone/new_echo-main/pchdmi/Debug/pchdmi.elf' is downloaded to processor 'ps7_cortexa9_0'.
16:21:00 INFO  : 'configparams force-mem-access 0' command is executed.
16:21:00 INFO  : ----------------XSDB Script----------------
connect -url tcp:127.0.0.1:3121
targets -set -nocase -filter {name =~"APU*"}
rst -system
after 3000
targets -set -filter {jtag_cable_name =~ "Digilent JTAG-SMT2 210251A08870" && level==0 && jtag_device_ctx=="jsn-JTAG-SMT2-210251A08870-13722093-0"}
fpga -file C:/Users/Saad/Desktop/echo_Clone/new_echo-main/pchdmi/_ide/bitstream/hdmieth3.bit
targets -set -nocase -filter {name =~"APU*"}
loadhw -hw C:/Users/Saad/Desktop/echo_Clone/new_echo-main/pchdmi_hw/export/pchdmi_hw/hw/hdmieth3.xsa -mem-ranges [list {0x40000000 0xbfffffff}] -regs
configparams force-mem-access 1
targets -set -nocase -filter {name =~"APU*"}
source C:/Users/Saad/Desktop/echo_Clone/new_echo-main/pchdmi/_ide/psinit/ps7_init.tcl
ps7_init
ps7_post_config
targets -set -nocase -filter {name =~ "*A9*#0"}
dow C:/Users/Saad/Desktop/echo_Clone/new_echo-main/pchdmi/Debug/pchdmi.elf
configparams force-mem-access 0
----------------End of Script----------------

16:21:02 INFO  : Context for processor 'ps7_cortexa9_0' is selected.
16:21:05 INFO  : 'con' command is executed.
16:21:05 INFO  : ----------------XSDB Script (After Launch)----------------
targets -set -nocase -filter {name =~ "*A9*#0"}
con
----------------End of Script----------------

16:21:05 INFO  : Launch script is exported to file 'C:\Users\Saad\Desktop\echo_Clone\new_echo-main\pchdmi_system\_ide\scripts\systemdebugger_pchdmi_system_standalone.tcl'
16:27:07 INFO  : Checking for BSP changes to sync application flags for project 'pchdmi'...
16:29:22 INFO  : Checking for BSP changes to sync application flags for project 'pchdmi'...
16:29:49 INFO  : Disconnected from the channel tcfchan#14.
16:29:52 INFO  : Connected to target on host '127.0.0.1' and port '3121'.
16:29:52 INFO  : Jtag cable 'Digilent JTAG-SMT2 210251A08870' is selected.
16:29:55 INFO  : 'jtag frequency' command is executed.
16:29:58 ERROR : no targets found with "name =~"APU*"". available targets: none
16:29:58 INFO  : ----------------XSDB Script----------------
connect -url tcp:127.0.0.1:3121
targets -set -nocase -filter {name =~"APU*"}
----------------End of Script----------------

16:29:58 ERROR : no targets found with "name =~"APU*"". available targets: none
16:30:10 INFO  : Connected to target on host '127.0.0.1' and port '3121'.
16:30:12 INFO  : Jtag cable 'Digilent JTAG-SMT2 210251A08870' is selected.
16:30:15 INFO  : 'jtag frequency' command is executed.
16:30:15 INFO  : Context for 'APU' is selected.
16:30:15 INFO  : System reset is completed.
16:30:18 INFO  : 'after 3000' command is executed.
16:30:21 INFO  : 'targets -set -filter {jtag_cable_name =~ "Digilent JTAG-SMT2 210251A08870" && level==0 && jtag_device_ctx=="jsn-JTAG-SMT2-210251A08870-13722093-0"}' command is executed.
16:30:25 INFO  : Device configured successfully with "C:/Users/Saad/Desktop/echo_Clone/new_echo-main/pchdmi/_ide/bitstream/hdmieth3.bit"
16:30:25 INFO  : Context for 'APU' is selected.
16:30:28 INFO  : Hardware design and registers information is loaded from 'C:/Users/Saad/Desktop/echo_Clone/new_echo-main/pchdmi_hw/export/pchdmi_hw/hw/hdmieth3.xsa'.
16:30:28 INFO  : 'configparams force-mem-access 1' command is executed.
16:30:28 INFO  : Context for 'APU' is selected.
16:30:28 INFO  : Sourcing of 'C:/Users/Saad/Desktop/echo_Clone/new_echo-main/pchdmi/_ide/psinit/ps7_init.tcl' is done.
16:30:42 INFO  : 'ps7_init' command is executed.
16:30:45 INFO  : 'ps7_post_config' command is executed.
16:30:45 INFO  : Context for processor 'ps7_cortexa9_0' is selected.
16:30:51 INFO  : The application 'C:/Users/Saad/Desktop/echo_Clone/new_echo-main/pchdmi/Debug/pchdmi.elf' is downloaded to processor 'ps7_cortexa9_0'.
16:30:54 INFO  : 'configparams force-mem-access 0' command is executed.
16:30:54 INFO  : ----------------XSDB Script----------------
connect -url tcp:127.0.0.1:3121
targets -set -nocase -filter {name =~"APU*"}
rst -system
after 3000
targets -set -filter {jtag_cable_name =~ "Digilent JTAG-SMT2 210251A08870" && level==0 && jtag_device_ctx=="jsn-JTAG-SMT2-210251A08870-13722093-0"}
fpga -file C:/Users/Saad/Desktop/echo_Clone/new_echo-main/pchdmi/_ide/bitstream/hdmieth3.bit
targets -set -nocase -filter {name =~"APU*"}
loadhw -hw C:/Users/Saad/Desktop/echo_Clone/new_echo-main/pchdmi_hw/export/pchdmi_hw/hw/hdmieth3.xsa -mem-ranges [list {0x40000000 0xbfffffff}] -regs
configparams force-mem-access 1
targets -set -nocase -filter {name =~"APU*"}
source C:/Users/Saad/Desktop/echo_Clone/new_echo-main/pchdmi/_ide/psinit/ps7_init.tcl
ps7_init
ps7_post_config
targets -set -nocase -filter {name =~ "*A9*#0"}
dow C:/Users/Saad/Desktop/echo_Clone/new_echo-main/pchdmi/Debug/pchdmi.elf
configparams force-mem-access 0
----------------End of Script----------------

16:30:56 INFO  : Context for processor 'ps7_cortexa9_0' is selected.
16:30:59 INFO  : 'con' command is executed.
16:30:59 INFO  : ----------------XSDB Script (After Launch)----------------
targets -set -nocase -filter {name =~ "*A9*#0"}
con
----------------End of Script----------------

16:30:59 INFO  : Launch script is exported to file 'C:\Users\Saad\Desktop\echo_Clone\new_echo-main\pchdmi_system\_ide\scripts\systemdebugger_pchdmi_system_standalone.tcl'
16:43:24 INFO  : Checking for BSP changes to sync application flags for project 'pchdmi'...
16:44:20 INFO  : Disconnected from the channel tcfchan#16.
16:44:23 INFO  : Connected to target on host '127.0.0.1' and port '3121'.
16:44:23 INFO  : Jtag cable 'Digilent JTAG-SMT2 210251A08870' is selected.
16:44:25 INFO  : 'jtag frequency' command is executed.
16:44:28 ERROR : no targets found with "name =~"APU*"". available targets: none
16:44:28 INFO  : ----------------XSDB Script----------------
connect -url tcp:127.0.0.1:3121
targets -set -nocase -filter {name =~"APU*"}
----------------End of Script----------------

16:44:28 ERROR : no targets found with "name =~"APU*"". available targets: none
16:44:38 INFO  : Connected to target on host '127.0.0.1' and port '3121'.
16:44:40 INFO  : Jtag cable 'Digilent JTAG-SMT2 210251A08870' is selected.
16:44:43 INFO  : 'jtag frequency' command is executed.
16:44:43 INFO  : Context for 'APU' is selected.
16:44:43 INFO  : System reset is completed.
16:44:46 INFO  : 'after 3000' command is executed.
16:44:48 INFO  : 'targets -set -filter {jtag_cable_name =~ "Digilent JTAG-SMT2 210251A08870" && level==0 && jtag_device_ctx=="jsn-JTAG-SMT2-210251A08870-13722093-0"}' command is executed.
16:44:50 INFO  : Device configured successfully with "C:/Users/Saad/Desktop/echo_Clone/new_echo-main/pchdmi/_ide/bitstream/hdmieth3.bit"
16:44:50 INFO  : Context for 'APU' is selected.
16:44:50 INFO  : Hardware design and registers information is loaded from 'C:/Users/Saad/Desktop/echo_Clone/new_echo-main/pchdmi_hw/export/pchdmi_hw/hw/hdmieth3.xsa'.
16:44:50 INFO  : 'configparams force-mem-access 1' command is executed.
16:44:50 INFO  : Context for 'APU' is selected.
16:44:50 INFO  : Sourcing of 'C:/Users/Saad/Desktop/echo_Clone/new_echo-main/pchdmi/_ide/psinit/ps7_init.tcl' is done.
16:45:01 INFO  : 'ps7_init' command is executed.
16:45:01 INFO  : 'ps7_post_config' command is executed.
16:45:04 INFO  : Context for processor 'ps7_cortexa9_0' is selected.
16:45:10 INFO  : The application 'C:/Users/Saad/Desktop/echo_Clone/new_echo-main/pchdmi/Debug/pchdmi.elf' is downloaded to processor 'ps7_cortexa9_0'.
16:45:13 INFO  : 'configparams force-mem-access 0' command is executed.
16:45:13 INFO  : ----------------XSDB Script----------------
connect -url tcp:127.0.0.1:3121
targets -set -nocase -filter {name =~"APU*"}
rst -system
after 3000
targets -set -filter {jtag_cable_name =~ "Digilent JTAG-SMT2 210251A08870" && level==0 && jtag_device_ctx=="jsn-JTAG-SMT2-210251A08870-13722093-0"}
fpga -file C:/Users/Saad/Desktop/echo_Clone/new_echo-main/pchdmi/_ide/bitstream/hdmieth3.bit
targets -set -nocase -filter {name =~"APU*"}
loadhw -hw C:/Users/Saad/Desktop/echo_Clone/new_echo-main/pchdmi_hw/export/pchdmi_hw/hw/hdmieth3.xsa -mem-ranges [list {0x40000000 0xbfffffff}] -regs
configparams force-mem-access 1
targets -set -nocase -filter {name =~"APU*"}
source C:/Users/Saad/Desktop/echo_Clone/new_echo-main/pchdmi/_ide/psinit/ps7_init.tcl
ps7_init
ps7_post_config
targets -set -nocase -filter {name =~ "*A9*#0"}
dow C:/Users/Saad/Desktop/echo_Clone/new_echo-main/pchdmi/Debug/pchdmi.elf
configparams force-mem-access 0
----------------End of Script----------------

16:45:16 INFO  : Context for processor 'ps7_cortexa9_0' is selected.
16:45:18 INFO  : 'con' command is executed.
16:45:18 INFO  : ----------------XSDB Script (After Launch)----------------
targets -set -nocase -filter {name =~ "*A9*#0"}
con
----------------End of Script----------------

16:45:18 INFO  : Launch script is exported to file 'C:\Users\Saad\Desktop\echo_Clone\new_echo-main\pchdmi_system\_ide\scripts\systemdebugger_pchdmi_system_standalone.tcl'
16:55:23 INFO  : Checking for BSP changes to sync application flags for project 'pchdmi'...
16:55:51 INFO  : Disconnected from the channel tcfchan#18.
16:55:51 INFO  : Connected to target on host '127.0.0.1' and port '3121'.
16:55:51 INFO  : Jtag cable 'Digilent JTAG-SMT2 210251A08870' is selected.
16:55:54 INFO  : 'jtag frequency' command is executed.
16:55:54 INFO  : Context for 'APU' is selected.
16:55:54 INFO  : System reset is completed.
16:55:57 INFO  : 'after 3000' command is executed.
16:55:59 INFO  : 'targets -set -filter {jtag_cable_name =~ "Digilent JTAG-SMT2 210251A08870" && level==0 && jtag_device_ctx=="jsn-JTAG-SMT2-210251A08870-13722093-0"}' command is executed.
16:56:01 INFO  : Device configured successfully with "C:/Users/Saad/Desktop/echo_Clone/new_echo-main/pchdmi/_ide/bitstream/hdmieth3.bit"
16:56:01 INFO  : Context for 'APU' is selected.
16:56:04 INFO  : Hardware design and registers information is loaded from 'C:/Users/Saad/Desktop/echo_Clone/new_echo-main/pchdmi_hw/export/pchdmi_hw/hw/hdmieth3.xsa'.
16:56:04 INFO  : 'configparams force-mem-access 1' command is executed.
16:56:04 INFO  : Context for 'APU' is selected.
16:56:04 INFO  : Sourcing of 'C:/Users/Saad/Desktop/echo_Clone/new_echo-main/pchdmi/_ide/psinit/ps7_init.tcl' is done.
16:56:21 INFO  : 'ps7_init' command is executed.
16:56:21 INFO  : 'ps7_post_config' command is executed.
16:56:21 INFO  : Context for processor 'ps7_cortexa9_0' is selected.
16:56:24 INFO  : The application 'C:/Users/Saad/Desktop/echo_Clone/new_echo-main/pchdmi/Debug/pchdmi.elf' is downloaded to processor 'ps7_cortexa9_0'.
16:56:27 INFO  : 'configparams force-mem-access 0' command is executed.
16:56:27 INFO  : ----------------XSDB Script----------------
connect -url tcp:127.0.0.1:3121
targets -set -nocase -filter {name =~"APU*"}
rst -system
after 3000
targets -set -filter {jtag_cable_name =~ "Digilent JTAG-SMT2 210251A08870" && level==0 && jtag_device_ctx=="jsn-JTAG-SMT2-210251A08870-13722093-0"}
fpga -file C:/Users/Saad/Desktop/echo_Clone/new_echo-main/pchdmi/_ide/bitstream/hdmieth3.bit
targets -set -nocase -filter {name =~"APU*"}
loadhw -hw C:/Users/Saad/Desktop/echo_Clone/new_echo-main/pchdmi_hw/export/pchdmi_hw/hw/hdmieth3.xsa -mem-ranges [list {0x40000000 0xbfffffff}] -regs
configparams force-mem-access 1
targets -set -nocase -filter {name =~"APU*"}
source C:/Users/Saad/Desktop/echo_Clone/new_echo-main/pchdmi/_ide/psinit/ps7_init.tcl
ps7_init
ps7_post_config
targets -set -nocase -filter {name =~ "*A9*#0"}
dow C:/Users/Saad/Desktop/echo_Clone/new_echo-main/pchdmi/Debug/pchdmi.elf
configparams force-mem-access 0
----------------End of Script----------------

16:56:29 INFO  : Context for processor 'ps7_cortexa9_0' is selected.
16:56:32 INFO  : 'con' command is executed.
16:56:32 INFO  : ----------------XSDB Script (After Launch)----------------
targets -set -nocase -filter {name =~ "*A9*#0"}
con
----------------End of Script----------------

16:56:32 INFO  : Launch script is exported to file 'C:\Users\Saad\Desktop\echo_Clone\new_echo-main\pchdmi_system\_ide\scripts\systemdebugger_pchdmi_system_standalone.tcl'
17:37:35 INFO  : Checking for BSP changes to sync application flags for project 'pchdmi'...
17:38:02 INFO  : Checking for BSP changes to sync application flags for project 'pchdmi'...
17:38:27 INFO  : Disconnected from the channel tcfchan#20.
17:38:30 INFO  : Connected to target on host '127.0.0.1' and port '3121'.
17:38:30 INFO  : Jtag cable 'Digilent JTAG-SMT2 210251A08870' is selected.
17:38:33 INFO  : 'jtag frequency' command is executed.
17:38:36 ERROR : no targets found with "name =~"APU*"". available targets: none
17:38:36 INFO  : ----------------XSDB Script----------------
connect -url tcp:127.0.0.1:3121
targets -set -nocase -filter {name =~"APU*"}
----------------End of Script----------------

17:38:36 ERROR : no targets found with "name =~"APU*"". available targets: none
17:38:49 INFO  : Connected to target on host '127.0.0.1' and port '3121'.
17:38:51 INFO  : Jtag cable 'Digilent JTAG-SMT2 210251A08870' is selected.
17:38:53 INFO  : 'jtag frequency' command is executed.
17:38:53 INFO  : Context for 'APU' is selected.
17:38:54 INFO  : System reset is completed.
17:38:57 INFO  : 'after 3000' command is executed.
17:38:59 INFO  : 'targets -set -filter {jtag_cable_name =~ "Digilent JTAG-SMT2 210251A08870" && level==0 && jtag_device_ctx=="jsn-JTAG-SMT2-210251A08870-13722093-0"}' command is executed.
17:39:01 INFO  : Device configured successfully with "C:/Users/Saad/Desktop/echo_Clone/new_echo-main/pchdmi/_ide/bitstream/hdmieth3.bit"
17:39:01 INFO  : Context for 'APU' is selected.
17:39:04 INFO  : Hardware design and registers information is loaded from 'C:/Users/Saad/Desktop/echo_Clone/new_echo-main/pchdmi_hw/export/pchdmi_hw/hw/hdmieth3.xsa'.
17:39:04 INFO  : 'configparams force-mem-access 1' command is executed.
17:39:04 INFO  : Context for 'APU' is selected.
17:39:04 INFO  : Sourcing of 'C:/Users/Saad/Desktop/echo_Clone/new_echo-main/pchdmi/_ide/psinit/ps7_init.tcl' is done.
17:39:24 INFO  : 'ps7_init' command is executed.
17:39:27 INFO  : 'ps7_post_config' command is executed.
17:39:27 INFO  : Context for processor 'ps7_cortexa9_0' is selected.
17:39:33 INFO  : The application 'C:/Users/Saad/Desktop/echo_Clone/new_echo-main/pchdmi/Debug/pchdmi.elf' is downloaded to processor 'ps7_cortexa9_0'.
17:39:36 INFO  : 'configparams force-mem-access 0' command is executed.
17:39:36 INFO  : ----------------XSDB Script----------------
connect -url tcp:127.0.0.1:3121
targets -set -nocase -filter {name =~"APU*"}
rst -system
after 3000
targets -set -filter {jtag_cable_name =~ "Digilent JTAG-SMT2 210251A08870" && level==0 && jtag_device_ctx=="jsn-JTAG-SMT2-210251A08870-13722093-0"}
fpga -file C:/Users/Saad/Desktop/echo_Clone/new_echo-main/pchdmi/_ide/bitstream/hdmieth3.bit
targets -set -nocase -filter {name =~"APU*"}
loadhw -hw C:/Users/Saad/Desktop/echo_Clone/new_echo-main/pchdmi_hw/export/pchdmi_hw/hw/hdmieth3.xsa -mem-ranges [list {0x40000000 0xbfffffff}] -regs
configparams force-mem-access 1
targets -set -nocase -filter {name =~"APU*"}
source C:/Users/Saad/Desktop/echo_Clone/new_echo-main/pchdmi/_ide/psinit/ps7_init.tcl
ps7_init
ps7_post_config
targets -set -nocase -filter {name =~ "*A9*#0"}
dow C:/Users/Saad/Desktop/echo_Clone/new_echo-main/pchdmi/Debug/pchdmi.elf
configparams force-mem-access 0
----------------End of Script----------------

17:39:39 INFO  : Context for processor 'ps7_cortexa9_0' is selected.
17:39:42 INFO  : 'con' command is executed.
17:39:42 INFO  : ----------------XSDB Script (After Launch)----------------
targets -set -nocase -filter {name =~ "*A9*#0"}
con
----------------End of Script----------------

17:39:42 INFO  : Launch script is exported to file 'C:\Users\Saad\Desktop\echo_Clone\new_echo-main\pchdmi_system\_ide\scripts\systemdebugger_pchdmi_system_standalone.tcl'
17:49:18 INFO  : Checking for BSP changes to sync application flags for project 'pchdmi'...
17:51:35 INFO  : Checking for BSP changes to sync application flags for project 'pchdmi'...
17:51:54 INFO  : Disconnected from the channel tcfchan#23.
17:51:55 INFO  : Connected to target on host '127.0.0.1' and port '3121'.
17:51:55 INFO  : Jtag cable 'Digilent JTAG-SMT2 210251A08870' is selected.
17:51:57 INFO  : 'jtag frequency' command is executed.
17:51:57 INFO  : Context for 'APU' is selected.
17:51:58 INFO  : System reset is completed.
17:52:01 INFO  : 'after 3000' command is executed.
17:52:03 INFO  : 'targets -set -filter {jtag_cable_name =~ "Digilent JTAG-SMT2 210251A08870" && level==0 && jtag_device_ctx=="jsn-JTAG-SMT2-210251A08870-13722093-0"}' command is executed.
17:52:08 INFO  : Device configured successfully with "C:/Users/Saad/Desktop/echo_Clone/new_echo-main/pchdmi/_ide/bitstream/hdmieth3.bit"
17:52:08 INFO  : Context for 'APU' is selected.
17:52:08 INFO  : Hardware design and registers information is loaded from 'C:/Users/Saad/Desktop/echo_Clone/new_echo-main/pchdmi_hw/export/pchdmi_hw/hw/hdmieth3.xsa'.
17:52:08 INFO  : 'configparams force-mem-access 1' command is executed.
17:52:08 INFO  : Context for 'APU' is selected.
17:52:08 INFO  : Sourcing of 'C:/Users/Saad/Desktop/echo_Clone/new_echo-main/pchdmi/_ide/psinit/ps7_init.tcl' is done.
17:52:22 INFO  : 'ps7_init' command is executed.
17:52:22 INFO  : 'ps7_post_config' command is executed.
17:52:22 INFO  : Context for processor 'ps7_cortexa9_0' is selected.
17:52:31 INFO  : The application 'C:/Users/Saad/Desktop/echo_Clone/new_echo-main/pchdmi/Debug/pchdmi.elf' is downloaded to processor 'ps7_cortexa9_0'.
17:52:34 INFO  : 'configparams force-mem-access 0' command is executed.
17:52:34 INFO  : ----------------XSDB Script----------------
connect -url tcp:127.0.0.1:3121
targets -set -nocase -filter {name =~"APU*"}
rst -system
after 3000
targets -set -filter {jtag_cable_name =~ "Digilent JTAG-SMT2 210251A08870" && level==0 && jtag_device_ctx=="jsn-JTAG-SMT2-210251A08870-13722093-0"}
fpga -file C:/Users/Saad/Desktop/echo_Clone/new_echo-main/pchdmi/_ide/bitstream/hdmieth3.bit
targets -set -nocase -filter {name =~"APU*"}
loadhw -hw C:/Users/Saad/Desktop/echo_Clone/new_echo-main/pchdmi_hw/export/pchdmi_hw/hw/hdmieth3.xsa -mem-ranges [list {0x40000000 0xbfffffff}] -regs
configparams force-mem-access 1
targets -set -nocase -filter {name =~"APU*"}
source C:/Users/Saad/Desktop/echo_Clone/new_echo-main/pchdmi/_ide/psinit/ps7_init.tcl
ps7_init
ps7_post_config
targets -set -nocase -filter {name =~ "*A9*#0"}
dow C:/Users/Saad/Desktop/echo_Clone/new_echo-main/pchdmi/Debug/pchdmi.elf
configparams force-mem-access 0
----------------End of Script----------------

17:52:37 INFO  : Context for processor 'ps7_cortexa9_0' is selected.
17:52:40 INFO  : 'con' command is executed.
17:52:40 INFO  : ----------------XSDB Script (After Launch)----------------
targets -set -nocase -filter {name =~ "*A9*#0"}
con
----------------End of Script----------------

17:52:40 INFO  : Launch script is exported to file 'C:\Users\Saad\Desktop\echo_Clone\new_echo-main\pchdmi_system\_ide\scripts\systemdebugger_pchdmi_system_standalone.tcl'
18:02:29 INFO  : Checking for BSP changes to sync application flags for project 'pchdmi'...
18:02:47 INFO  : Disconnected from the channel tcfchan#25.
18:02:49 INFO  : Connected to target on host '127.0.0.1' and port '3121'.
18:02:50 INFO  : Jtag cable 'Digilent JTAG-SMT2 210251A08870' is selected.
18:02:52 INFO  : 'jtag frequency' command is executed.
18:02:55 ERROR : no targets found with "name =~"APU*"". available targets: none
18:02:55 INFO  : ----------------XSDB Script----------------
connect -url tcp:127.0.0.1:3121
targets -set -nocase -filter {name =~"APU*"}
----------------End of Script----------------

18:02:55 ERROR : no targets found with "name =~"APU*"". available targets: none
18:03:08 INFO  : Connected to target on host '127.0.0.1' and port '3121'.
18:03:10 INFO  : Jtag cable 'Digilent JTAG-SMT2 210251A08870' is selected.
18:03:13 INFO  : 'jtag frequency' command is executed.
18:03:13 INFO  : Context for 'APU' is selected.
18:03:13 INFO  : System reset is completed.
18:03:16 INFO  : 'after 3000' command is executed.
18:03:19 INFO  : 'targets -set -filter {jtag_cable_name =~ "Digilent JTAG-SMT2 210251A08870" && level==0 && jtag_device_ctx=="jsn-JTAG-SMT2-210251A08870-13722093-0"}' command is executed.
18:03:20 INFO  : Device configured successfully with "C:/Users/Saad/Desktop/echo_Clone/new_echo-main/pchdmi/_ide/bitstream/hdmieth3.bit"
18:03:20 INFO  : Context for 'APU' is selected.
18:03:20 INFO  : Hardware design and registers information is loaded from 'C:/Users/Saad/Desktop/echo_Clone/new_echo-main/pchdmi_hw/export/pchdmi_hw/hw/hdmieth3.xsa'.
18:03:20 INFO  : 'configparams force-mem-access 1' command is executed.
18:03:20 INFO  : Context for 'APU' is selected.
18:03:20 INFO  : Sourcing of 'C:/Users/Saad/Desktop/echo_Clone/new_echo-main/pchdmi/_ide/psinit/ps7_init.tcl' is done.
18:03:35 INFO  : 'ps7_init' command is executed.
18:03:35 INFO  : 'ps7_post_config' command is executed.
18:03:38 INFO  : Context for processor 'ps7_cortexa9_0' is selected.
18:03:41 INFO  : The application 'C:/Users/Saad/Desktop/echo_Clone/new_echo-main/pchdmi/Debug/pchdmi.elf' is downloaded to processor 'ps7_cortexa9_0'.
18:03:44 INFO  : 'configparams force-mem-access 0' command is executed.
18:03:44 INFO  : ----------------XSDB Script----------------
connect -url tcp:127.0.0.1:3121
targets -set -nocase -filter {name =~"APU*"}
rst -system
after 3000
targets -set -filter {jtag_cable_name =~ "Digilent JTAG-SMT2 210251A08870" && level==0 && jtag_device_ctx=="jsn-JTAG-SMT2-210251A08870-13722093-0"}
fpga -file C:/Users/Saad/Desktop/echo_Clone/new_echo-main/pchdmi/_ide/bitstream/hdmieth3.bit
targets -set -nocase -filter {name =~"APU*"}
loadhw -hw C:/Users/Saad/Desktop/echo_Clone/new_echo-main/pchdmi_hw/export/pchdmi_hw/hw/hdmieth3.xsa -mem-ranges [list {0x40000000 0xbfffffff}] -regs
configparams force-mem-access 1
targets -set -nocase -filter {name =~"APU*"}
source C:/Users/Saad/Desktop/echo_Clone/new_echo-main/pchdmi/_ide/psinit/ps7_init.tcl
ps7_init
ps7_post_config
targets -set -nocase -filter {name =~ "*A9*#0"}
dow C:/Users/Saad/Desktop/echo_Clone/new_echo-main/pchdmi/Debug/pchdmi.elf
configparams force-mem-access 0
----------------End of Script----------------

18:03:47 INFO  : Context for processor 'ps7_cortexa9_0' is selected.
18:03:50 INFO  : 'con' command is executed.
18:03:50 INFO  : ----------------XSDB Script (After Launch)----------------
targets -set -nocase -filter {name =~ "*A9*#0"}
con
----------------End of Script----------------

18:03:50 INFO  : Launch script is exported to file 'C:\Users\Saad\Desktop\echo_Clone\new_echo-main\pchdmi_system\_ide\scripts\systemdebugger_pchdmi_system_standalone.tcl'
18:05:03 INFO  : Disconnected from the channel tcfchan#27.
18:05:03 INFO  : Connected to target on host '127.0.0.1' and port '3121'.
18:05:03 INFO  : Jtag cable 'Digilent JTAG-SMT2 210251A08870' is selected.
18:05:06 INFO  : 'jtag frequency' command is executed.
18:05:06 INFO  : Context for 'APU' is selected.
18:05:06 INFO  : System reset is completed.
18:05:09 INFO  : 'after 3000' command is executed.
18:05:12 INFO  : 'targets -set -filter {jtag_cable_name =~ "Digilent JTAG-SMT2 210251A08870" && level==0 && jtag_device_ctx=="jsn-JTAG-SMT2-210251A08870-13722093-0"}' command is executed.
18:05:13 INFO  : Device configured successfully with "C:/Users/Saad/Desktop/echo_Clone/new_echo-main/pchdmi/_ide/bitstream/hdmieth3.bit"
18:05:13 INFO  : Context for 'APU' is selected.
18:05:13 INFO  : Hardware design and registers information is loaded from 'C:/Users/Saad/Desktop/echo_Clone/new_echo-main/pchdmi_hw/export/pchdmi_hw/hw/hdmieth3.xsa'.
18:05:13 INFO  : 'configparams force-mem-access 1' command is executed.
18:05:13 INFO  : Context for 'APU' is selected.
18:05:13 INFO  : Sourcing of 'C:/Users/Saad/Desktop/echo_Clone/new_echo-main/pchdmi/_ide/psinit/ps7_init.tcl' is done.
18:05:28 INFO  : 'ps7_init' command is executed.
18:05:28 INFO  : 'ps7_post_config' command is executed.
18:05:28 INFO  : Context for processor 'ps7_cortexa9_0' is selected.
18:05:34 INFO  : The application 'C:/Users/Saad/Desktop/echo_Clone/new_echo-main/pchdmi/Debug/pchdmi.elf' is downloaded to processor 'ps7_cortexa9_0'.
18:05:37 INFO  : 'configparams force-mem-access 0' command is executed.
18:05:37 INFO  : ----------------XSDB Script----------------
connect -url tcp:127.0.0.1:3121
targets -set -nocase -filter {name =~"APU*"}
rst -system
after 3000
targets -set -filter {jtag_cable_name =~ "Digilent JTAG-SMT2 210251A08870" && level==0 && jtag_device_ctx=="jsn-JTAG-SMT2-210251A08870-13722093-0"}
fpga -file C:/Users/Saad/Desktop/echo_Clone/new_echo-main/pchdmi/_ide/bitstream/hdmieth3.bit
targets -set -nocase -filter {name =~"APU*"}
loadhw -hw C:/Users/Saad/Desktop/echo_Clone/new_echo-main/pchdmi_hw/export/pchdmi_hw/hw/hdmieth3.xsa -mem-ranges [list {0x40000000 0xbfffffff}] -regs
configparams force-mem-access 1
targets -set -nocase -filter {name =~"APU*"}
source C:/Users/Saad/Desktop/echo_Clone/new_echo-main/pchdmi/_ide/psinit/ps7_init.tcl
ps7_init
ps7_post_config
targets -set -nocase -filter {name =~ "*A9*#0"}
dow C:/Users/Saad/Desktop/echo_Clone/new_echo-main/pchdmi/Debug/pchdmi.elf
configparams force-mem-access 0
----------------End of Script----------------

18:05:40 INFO  : Context for processor 'ps7_cortexa9_0' is selected.
18:05:43 INFO  : 'con' command is executed.
18:05:43 INFO  : ----------------XSDB Script (After Launch)----------------
targets -set -nocase -filter {name =~ "*A9*#0"}
con
----------------End of Script----------------

18:05:43 INFO  : Launch script is exported to file 'C:\Users\Saad\Desktop\echo_Clone\new_echo-main\pchdmi_system\_ide\scripts\systemdebugger_pchdmi_system_standalone.tcl'
18:22:06 INFO  : Checking for BSP changes to sync application flags for project 'pchdmi'...
18:22:48 INFO  : Disconnected from the channel tcfchan#28.
18:22:48 INFO  : Connected to target on host '127.0.0.1' and port '3121'.
18:22:48 INFO  : Jtag cable 'Digilent JTAG-SMT2 210251A08870' is selected.
18:22:51 INFO  : 'jtag frequency' command is executed.
18:22:51 INFO  : Context for 'APU' is selected.
18:22:51 INFO  : System reset is completed.
18:22:54 INFO  : 'after 3000' command is executed.
18:22:57 INFO  : 'targets -set -filter {jtag_cable_name =~ "Digilent JTAG-SMT2 210251A08870" && level==0 && jtag_device_ctx=="jsn-JTAG-SMT2-210251A08870-13722093-0"}' command is executed.
18:22:58 INFO  : Device configured successfully with "C:/Users/Saad/Desktop/echo_Clone/new_echo-main/pchdmi/_ide/bitstream/hdmieth3.bit"
18:22:58 INFO  : Context for 'APU' is selected.
18:23:01 INFO  : Hardware design and registers information is loaded from 'C:/Users/Saad/Desktop/echo_Clone/new_echo-main/pchdmi_hw/export/pchdmi_hw/hw/hdmieth3.xsa'.
18:23:01 INFO  : 'configparams force-mem-access 1' command is executed.
18:23:01 INFO  : Context for 'APU' is selected.
18:23:01 INFO  : Sourcing of 'C:/Users/Saad/Desktop/echo_Clone/new_echo-main/pchdmi/_ide/psinit/ps7_init.tcl' is done.
18:23:24 INFO  : 'ps7_init' command is executed.
18:23:24 INFO  : 'ps7_post_config' command is executed.
18:23:24 INFO  : Context for processor 'ps7_cortexa9_0' is selected.
18:23:30 INFO  : The application 'C:/Users/Saad/Desktop/echo_Clone/new_echo-main/pchdmi/Debug/pchdmi.elf' is downloaded to processor 'ps7_cortexa9_0'.
18:23:33 INFO  : 'configparams force-mem-access 0' command is executed.
18:23:33 INFO  : ----------------XSDB Script----------------
connect -url tcp:127.0.0.1:3121
targets -set -nocase -filter {name =~"APU*"}
rst -system
after 3000
targets -set -filter {jtag_cable_name =~ "Digilent JTAG-SMT2 210251A08870" && level==0 && jtag_device_ctx=="jsn-JTAG-SMT2-210251A08870-13722093-0"}
fpga -file C:/Users/Saad/Desktop/echo_Clone/new_echo-main/pchdmi/_ide/bitstream/hdmieth3.bit
targets -set -nocase -filter {name =~"APU*"}
loadhw -hw C:/Users/Saad/Desktop/echo_Clone/new_echo-main/pchdmi_hw/export/pchdmi_hw/hw/hdmieth3.xsa -mem-ranges [list {0x40000000 0xbfffffff}] -regs
configparams force-mem-access 1
targets -set -nocase -filter {name =~"APU*"}
source C:/Users/Saad/Desktop/echo_Clone/new_echo-main/pchdmi/_ide/psinit/ps7_init.tcl
ps7_init
ps7_post_config
targets -set -nocase -filter {name =~ "*A9*#0"}
dow C:/Users/Saad/Desktop/echo_Clone/new_echo-main/pchdmi/Debug/pchdmi.elf
configparams force-mem-access 0
----------------End of Script----------------

18:23:36 INFO  : Context for processor 'ps7_cortexa9_0' is selected.
18:23:39 INFO  : 'con' command is executed.
18:23:39 INFO  : ----------------XSDB Script (After Launch)----------------
targets -set -nocase -filter {name =~ "*A9*#0"}
con
----------------End of Script----------------

18:23:39 INFO  : Launch script is exported to file 'C:\Users\Saad\Desktop\echo_Clone\new_echo-main\pchdmi_system\_ide\scripts\systemdebugger_pchdmi_system_standalone.tcl'
18:35:19 INFO  : Checking for BSP changes to sync application flags for project 'pchdmi'...
18:36:12 INFO  : Disconnected from the channel tcfchan#30.
18:36:15 INFO  : Connected to target on host '127.0.0.1' and port '3121'.
18:36:15 INFO  : Jtag cable 'Digilent JTAG-SMT2 210251A08870' is selected.
18:36:18 INFO  : 'jtag frequency' command is executed.
18:36:21 ERROR : no targets found with "name =~"APU*"". available targets: none
18:36:21 INFO  : ----------------XSDB Script----------------
connect -url tcp:127.0.0.1:3121
targets -set -nocase -filter {name =~"APU*"}
----------------End of Script----------------

18:36:21 ERROR : no targets found with "name =~"APU*"". available targets: none
18:36:29 INFO  : Connected to target on host '127.0.0.1' and port '3121'.
18:36:30 INFO  : Jtag cable 'Digilent JTAG-SMT2 210251A08870' is selected.
18:36:33 INFO  : 'jtag frequency' command is executed.
18:36:33 INFO  : Context for 'APU' is selected.
18:36:33 INFO  : System reset is completed.
18:36:36 INFO  : 'after 3000' command is executed.
18:36:39 INFO  : 'targets -set -filter {jtag_cable_name =~ "Digilent JTAG-SMT2 210251A08870" && level==0 && jtag_device_ctx=="jsn-JTAG-SMT2-210251A08870-13722093-0"}' command is executed.
18:36:40 INFO  : Device configured successfully with "C:/Users/Saad/Desktop/echo_Clone/new_echo-main/pchdmi/_ide/bitstream/hdmieth3.bit"
18:36:40 INFO  : Context for 'APU' is selected.
18:36:43 INFO  : Hardware design and registers information is loaded from 'C:/Users/Saad/Desktop/echo_Clone/new_echo-main/pchdmi_hw/export/pchdmi_hw/hw/hdmieth3.xsa'.
18:36:43 INFO  : 'configparams force-mem-access 1' command is executed.
18:36:43 INFO  : Context for 'APU' is selected.
18:36:43 INFO  : Sourcing of 'C:/Users/Saad/Desktop/echo_Clone/new_echo-main/pchdmi/_ide/psinit/ps7_init.tcl' is done.
18:37:00 INFO  : 'ps7_init' command is executed.
18:37:00 INFO  : 'ps7_post_config' command is executed.
18:37:00 INFO  : Context for processor 'ps7_cortexa9_0' is selected.
18:37:06 INFO  : The application 'C:/Users/Saad/Desktop/echo_Clone/new_echo-main/pchdmi/Debug/pchdmi.elf' is downloaded to processor 'ps7_cortexa9_0'.
18:37:09 INFO  : 'configparams force-mem-access 0' command is executed.
18:37:09 INFO  : ----------------XSDB Script----------------
connect -url tcp:127.0.0.1:3121
targets -set -nocase -filter {name =~"APU*"}
rst -system
after 3000
targets -set -filter {jtag_cable_name =~ "Digilent JTAG-SMT2 210251A08870" && level==0 && jtag_device_ctx=="jsn-JTAG-SMT2-210251A08870-13722093-0"}
fpga -file C:/Users/Saad/Desktop/echo_Clone/new_echo-main/pchdmi/_ide/bitstream/hdmieth3.bit
targets -set -nocase -filter {name =~"APU*"}
loadhw -hw C:/Users/Saad/Desktop/echo_Clone/new_echo-main/pchdmi_hw/export/pchdmi_hw/hw/hdmieth3.xsa -mem-ranges [list {0x40000000 0xbfffffff}] -regs
configparams force-mem-access 1
targets -set -nocase -filter {name =~"APU*"}
source C:/Users/Saad/Desktop/echo_Clone/new_echo-main/pchdmi/_ide/psinit/ps7_init.tcl
ps7_init
ps7_post_config
targets -set -nocase -filter {name =~ "*A9*#0"}
dow C:/Users/Saad/Desktop/echo_Clone/new_echo-main/pchdmi/Debug/pchdmi.elf
configparams force-mem-access 0
----------------End of Script----------------

18:37:12 INFO  : Context for processor 'ps7_cortexa9_0' is selected.
18:37:15 INFO  : 'con' command is executed.
18:37:15 INFO  : ----------------XSDB Script (After Launch)----------------
targets -set -nocase -filter {name =~ "*A9*#0"}
con
----------------End of Script----------------

18:37:15 INFO  : Launch script is exported to file 'C:\Users\Saad\Desktop\echo_Clone\new_echo-main\pchdmi_system\_ide\scripts\systemdebugger_pchdmi_system_standalone.tcl'
18:37:38 INFO  : Disconnected from the channel tcfchan#32.
18:37:38 INFO  : Connected to target on host '127.0.0.1' and port '3121'.
18:37:38 INFO  : Jtag cable 'Digilent JTAG-SMT2 210251A08870' is selected.
18:37:41 INFO  : 'jtag frequency' command is executed.
18:37:41 INFO  : Context for 'APU' is selected.
18:37:41 INFO  : System reset is completed.
18:37:44 INFO  : 'after 3000' command is executed.
18:37:47 INFO  : 'targets -set -filter {jtag_cable_name =~ "Digilent JTAG-SMT2 210251A08870" && level==0 && jtag_device_ctx=="jsn-JTAG-SMT2-210251A08870-13722093-0"}' command is executed.
18:37:48 INFO  : Device configured successfully with "C:/Users/Saad/Desktop/echo_Clone/new_echo-main/pchdmi/_ide/bitstream/hdmieth3.bit"
18:37:48 INFO  : Context for 'APU' is selected.
18:37:51 INFO  : Hardware design and registers information is loaded from 'C:/Users/Saad/Desktop/echo_Clone/new_echo-main/pchdmi_hw/export/pchdmi_hw/hw/hdmieth3.xsa'.
18:37:51 INFO  : 'configparams force-mem-access 1' command is executed.
18:37:51 INFO  : Context for 'APU' is selected.
18:37:51 INFO  : Sourcing of 'C:/Users/Saad/Desktop/echo_Clone/new_echo-main/pchdmi/_ide/psinit/ps7_init.tcl' is done.
18:38:09 INFO  : 'ps7_init' command is executed.
18:38:09 INFO  : 'ps7_post_config' command is executed.
18:38:09 INFO  : Context for processor 'ps7_cortexa9_0' is selected.
18:38:12 INFO  : The application 'C:/Users/Saad/Desktop/echo_Clone/new_echo-main/pchdmi/Debug/pchdmi.elf' is downloaded to processor 'ps7_cortexa9_0'.
18:38:15 INFO  : 'configparams force-mem-access 0' command is executed.
18:38:15 INFO  : ----------------XSDB Script----------------
connect -url tcp:127.0.0.1:3121
targets -set -nocase -filter {name =~"APU*"}
rst -system
after 3000
targets -set -filter {jtag_cable_name =~ "Digilent JTAG-SMT2 210251A08870" && level==0 && jtag_device_ctx=="jsn-JTAG-SMT2-210251A08870-13722093-0"}
fpga -file C:/Users/Saad/Desktop/echo_Clone/new_echo-main/pchdmi/_ide/bitstream/hdmieth3.bit
targets -set -nocase -filter {name =~"APU*"}
loadhw -hw C:/Users/Saad/Desktop/echo_Clone/new_echo-main/pchdmi_hw/export/pchdmi_hw/hw/hdmieth3.xsa -mem-ranges [list {0x40000000 0xbfffffff}] -regs
configparams force-mem-access 1
targets -set -nocase -filter {name =~"APU*"}
source C:/Users/Saad/Desktop/echo_Clone/new_echo-main/pchdmi/_ide/psinit/ps7_init.tcl
ps7_init
ps7_post_config
targets -set -nocase -filter {name =~ "*A9*#0"}
dow C:/Users/Saad/Desktop/echo_Clone/new_echo-main/pchdmi/Debug/pchdmi.elf
configparams force-mem-access 0
----------------End of Script----------------

18:38:18 INFO  : Context for processor 'ps7_cortexa9_0' is selected.
18:38:21 INFO  : 'con' command is executed.
18:38:21 INFO  : ----------------XSDB Script (After Launch)----------------
targets -set -nocase -filter {name =~ "*A9*#0"}
con
----------------End of Script----------------

18:38:21 INFO  : Launch script is exported to file 'C:\Users\Saad\Desktop\echo_Clone\new_echo-main\pchdmi_system\_ide\scripts\systemdebugger_pchdmi_system_standalone.tcl'
21:30:44 INFO  : Checking for BSP changes to sync application flags for project 'pchdmi'...
21:31:33 INFO  : Disconnected from the channel tcfchan#33.
21:31:36 INFO  : Connected to target on host '127.0.0.1' and port '3121'.
21:31:36 INFO  : Jtag cable 'Digilent JTAG-SMT2 210251A08870' is selected.
21:31:39 INFO  : 'jtag frequency' command is executed.
21:31:42 ERROR : no targets found with "name =~"APU*"". available targets:
  1  xc7z010
21:31:42 INFO  : ----------------XSDB Script----------------
connect -url tcp:127.0.0.1:3121
targets -set -nocase -filter {name =~"APU*"}
----------------End of Script----------------

21:31:42 ERROR : no targets found with "name =~"APU*"". available targets:
  1  xc7z010
21:31:55 INFO  : Connected to target on host '127.0.0.1' and port '3121'.
21:31:58 INFO  : Jtag cable 'Digilent JTAG-SMT2 210251A08870' is selected.
21:32:01 INFO  : 'jtag frequency' command is executed.
21:32:01 INFO  : Context for 'APU' is selected.
21:32:01 INFO  : System reset is completed.
21:32:04 INFO  : 'after 3000' command is executed.
21:32:04 INFO  : 'targets -set -filter {jtag_cable_name =~ "Digilent JTAG-SMT2 210251A08870" && level==0 && jtag_device_ctx=="jsn-JTAG-SMT2-210251A08870-13722093-0"}' command is executed.
21:32:05 INFO  : Device configured successfully with "C:/Users/Saad/Desktop/echo_Clone/new_echo-main/pchdmi/_ide/bitstream/hdmieth3.bit"
21:32:05 INFO  : Context for 'APU' is selected.
21:32:08 INFO  : Hardware design and registers information is loaded from 'C:/Users/Saad/Desktop/echo_Clone/new_echo-main/pchdmi_hw/export/pchdmi_hw/hw/hdmieth3.xsa'.
21:32:08 INFO  : 'configparams force-mem-access 1' command is executed.
21:32:08 INFO  : Context for 'APU' is selected.
21:32:08 INFO  : Sourcing of 'C:/Users/Saad/Desktop/echo_Clone/new_echo-main/pchdmi/_ide/psinit/ps7_init.tcl' is done.
21:32:30 INFO  : 'ps7_init' command is executed.
21:32:30 INFO  : 'ps7_post_config' command is executed.
21:32:30 INFO  : Context for processor 'ps7_cortexa9_0' is selected.
21:32:36 INFO  : The application 'C:/Users/Saad/Desktop/echo_Clone/new_echo-main/pchdmi/Debug/pchdmi.elf' is downloaded to processor 'ps7_cortexa9_0'.
21:32:42 INFO  : 'configparams force-mem-access 0' command is executed.
21:32:42 INFO  : ----------------XSDB Script----------------
connect -url tcp:127.0.0.1:3121
targets -set -nocase -filter {name =~"APU*"}
rst -system
after 3000
targets -set -filter {jtag_cable_name =~ "Digilent JTAG-SMT2 210251A08870" && level==0 && jtag_device_ctx=="jsn-JTAG-SMT2-210251A08870-13722093-0"}
fpga -file C:/Users/Saad/Desktop/echo_Clone/new_echo-main/pchdmi/_ide/bitstream/hdmieth3.bit
targets -set -nocase -filter {name =~"APU*"}
loadhw -hw C:/Users/Saad/Desktop/echo_Clone/new_echo-main/pchdmi_hw/export/pchdmi_hw/hw/hdmieth3.xsa -mem-ranges [list {0x40000000 0xbfffffff}] -regs
configparams force-mem-access 1
targets -set -nocase -filter {name =~"APU*"}
source C:/Users/Saad/Desktop/echo_Clone/new_echo-main/pchdmi/_ide/psinit/ps7_init.tcl
ps7_init
ps7_post_config
targets -set -nocase -filter {name =~ "*A9*#0"}
dow C:/Users/Saad/Desktop/echo_Clone/new_echo-main/pchdmi/Debug/pchdmi.elf
configparams force-mem-access 0
----------------End of Script----------------

21:32:45 INFO  : Context for processor 'ps7_cortexa9_0' is selected.
21:32:48 INFO  : 'con' command is executed.
21:32:48 INFO  : ----------------XSDB Script (After Launch)----------------
targets -set -nocase -filter {name =~ "*A9*#0"}
con
----------------End of Script----------------

21:32:48 INFO  : Launch script is exported to file 'C:\Users\Saad\Desktop\echo_Clone\new_echo-main\pchdmi_system\_ide\scripts\systemdebugger_pchdmi_system_standalone.tcl'
21:34:29 INFO  : Checking for BSP changes to sync application flags for project 'pchdmi'...
21:34:50 INFO  : Checking for BSP changes to sync application flags for project 'pchdmi'...
21:35:33 INFO  : Disconnected from the channel tcfchan#35.
21:35:33 INFO  : Connected to target on host '127.0.0.1' and port '3121'.
21:35:34 INFO  : Jtag cable 'Digilent JTAG-SMT2 210251A08870' is selected.
21:35:37 INFO  : 'jtag frequency' command is executed.
21:35:37 INFO  : Context for 'APU' is selected.
21:35:37 INFO  : System reset is completed.
21:35:40 INFO  : 'after 3000' command is executed.
21:35:40 INFO  : 'targets -set -filter {jtag_cable_name =~ "Digilent JTAG-SMT2 210251A08870" && level==0 && jtag_device_ctx=="jsn-JTAG-SMT2-210251A08870-13722093-0"}' command is executed.
21:35:41 INFO  : Device configured successfully with "C:/Users/Saad/Desktop/echo_Clone/new_echo-main/pchdmi/_ide/bitstream/hdmieth3.bit"
21:35:41 INFO  : Context for 'APU' is selected.
21:35:44 INFO  : Hardware design and registers information is loaded from 'C:/Users/Saad/Desktop/echo_Clone/new_echo-main/pchdmi_hw/export/pchdmi_hw/hw/hdmieth3.xsa'.
21:35:44 INFO  : 'configparams force-mem-access 1' command is executed.
21:35:44 INFO  : Context for 'APU' is selected.
21:35:44 INFO  : Sourcing of 'C:/Users/Saad/Desktop/echo_Clone/new_echo-main/pchdmi/_ide/psinit/ps7_init.tcl' is done.
21:36:11 INFO  : 'ps7_init' command is executed.
21:36:11 INFO  : 'ps7_post_config' command is executed.
21:36:11 INFO  : Context for processor 'ps7_cortexa9_0' is selected.
21:36:18 INFO  : The application 'C:/Users/Saad/Desktop/echo_Clone/new_echo-main/pchdmi/Debug/pchdmi.elf' is downloaded to processor 'ps7_cortexa9_0'.
21:36:21 INFO  : 'configparams force-mem-access 0' command is executed.
21:36:21 INFO  : ----------------XSDB Script----------------
connect -url tcp:127.0.0.1:3121
targets -set -nocase -filter {name =~"APU*"}
rst -system
after 3000
targets -set -filter {jtag_cable_name =~ "Digilent JTAG-SMT2 210251A08870" && level==0 && jtag_device_ctx=="jsn-JTAG-SMT2-210251A08870-13722093-0"}
fpga -file C:/Users/Saad/Desktop/echo_Clone/new_echo-main/pchdmi/_ide/bitstream/hdmieth3.bit
targets -set -nocase -filter {name =~"APU*"}
loadhw -hw C:/Users/Saad/Desktop/echo_Clone/new_echo-main/pchdmi_hw/export/pchdmi_hw/hw/hdmieth3.xsa -mem-ranges [list {0x40000000 0xbfffffff}] -regs
configparams force-mem-access 1
targets -set -nocase -filter {name =~"APU*"}
source C:/Users/Saad/Desktop/echo_Clone/new_echo-main/pchdmi/_ide/psinit/ps7_init.tcl
ps7_init
ps7_post_config
targets -set -nocase -filter {name =~ "*A9*#0"}
dow C:/Users/Saad/Desktop/echo_Clone/new_echo-main/pchdmi/Debug/pchdmi.elf
configparams force-mem-access 0
----------------End of Script----------------

21:36:24 INFO  : Context for processor 'ps7_cortexa9_0' is selected.
21:36:27 INFO  : 'con' command is executed.
21:36:27 INFO  : ----------------XSDB Script (After Launch)----------------
targets -set -nocase -filter {name =~ "*A9*#0"}
con
----------------End of Script----------------

21:36:27 INFO  : Launch script is exported to file 'C:\Users\Saad\Desktop\echo_Clone\new_echo-main\pchdmi_system\_ide\scripts\systemdebugger_pchdmi_system_standalone.tcl'
21:41:36 INFO  : Checking for BSP changes to sync application flags for project 'pchdmi'...
21:42:07 INFO  : Disconnected from the channel tcfchan#38.
21:42:07 INFO  : Connected to target on host '127.0.0.1' and port '3121'.
21:42:07 INFO  : Jtag cable 'Digilent JTAG-SMT2 210251A08870' is selected.
21:42:10 INFO  : 'jtag frequency' command is executed.
21:42:10 INFO  : Context for 'APU' is selected.
21:42:10 INFO  : System reset is completed.
21:42:13 INFO  : 'after 3000' command is executed.
21:42:13 INFO  : 'targets -set -filter {jtag_cable_name =~ "Digilent JTAG-SMT2 210251A08870" && level==0 && jtag_device_ctx=="jsn-JTAG-SMT2-210251A08870-13722093-0"}' command is executed.
21:42:17 INFO  : Device configured successfully with "C:/Users/Saad/Desktop/echo_Clone/new_echo-main/pchdmi/_ide/bitstream/hdmieth3.bit"
21:42:17 INFO  : Context for 'APU' is selected.
21:42:20 INFO  : Hardware design and registers information is loaded from 'C:/Users/Saad/Desktop/echo_Clone/new_echo-main/pchdmi_hw/export/pchdmi_hw/hw/hdmieth3.xsa'.
21:42:20 INFO  : 'configparams force-mem-access 1' command is executed.
21:42:20 INFO  : Context for 'APU' is selected.
21:42:20 INFO  : Sourcing of 'C:/Users/Saad/Desktop/echo_Clone/new_echo-main/pchdmi/_ide/psinit/ps7_init.tcl' is done.
21:42:51 INFO  : 'ps7_init' command is executed.
21:42:54 INFO  : 'ps7_post_config' command is executed.
21:42:54 INFO  : Context for processor 'ps7_cortexa9_0' is selected.
21:43:00 INFO  : The application 'C:/Users/Saad/Desktop/echo_Clone/new_echo-main/pchdmi/Debug/pchdmi.elf' is downloaded to processor 'ps7_cortexa9_0'.
21:43:03 INFO  : 'configparams force-mem-access 0' command is executed.
21:43:03 INFO  : ----------------XSDB Script----------------
connect -url tcp:127.0.0.1:3121
targets -set -nocase -filter {name =~"APU*"}
rst -system
after 3000
targets -set -filter {jtag_cable_name =~ "Digilent JTAG-SMT2 210251A08870" && level==0 && jtag_device_ctx=="jsn-JTAG-SMT2-210251A08870-13722093-0"}
fpga -file C:/Users/Saad/Desktop/echo_Clone/new_echo-main/pchdmi/_ide/bitstream/hdmieth3.bit
targets -set -nocase -filter {name =~"APU*"}
loadhw -hw C:/Users/Saad/Desktop/echo_Clone/new_echo-main/pchdmi_hw/export/pchdmi_hw/hw/hdmieth3.xsa -mem-ranges [list {0x40000000 0xbfffffff}] -regs
configparams force-mem-access 1
targets -set -nocase -filter {name =~"APU*"}
source C:/Users/Saad/Desktop/echo_Clone/new_echo-main/pchdmi/_ide/psinit/ps7_init.tcl
ps7_init
ps7_post_config
targets -set -nocase -filter {name =~ "*A9*#0"}
dow C:/Users/Saad/Desktop/echo_Clone/new_echo-main/pchdmi/Debug/pchdmi.elf
configparams force-mem-access 0
----------------End of Script----------------

21:43:06 INFO  : Context for processor 'ps7_cortexa9_0' is selected.
21:43:09 INFO  : 'con' command is executed.
21:43:09 INFO  : ----------------XSDB Script (After Launch)----------------
targets -set -nocase -filter {name =~ "*A9*#0"}
con
----------------End of Script----------------

21:43:09 INFO  : Launch script is exported to file 'C:\Users\Saad\Desktop\echo_Clone\new_echo-main\pchdmi_system\_ide\scripts\systemdebugger_pchdmi_system_standalone.tcl'
