Copyright 1986-2021 Xilinx, Inc. All Rights Reserved.
-----------------------------------------------------------------------------------------------------------------------------------------------------------------------------------------------------------------------
| Tool Version : Vivado v.2021.2 (win64) Build 3367213 Tue Oct 19 02:48:09 MDT 2021
| Date         : Sun May 31 04:20:24 2026
| Host         : DESKTOP-N4P9TIA running 64-bit major release  (build 9200)
| Command      : report_timing_summary -max_paths 10 -file design_1_wrapper_timing_summary_routed.rpt -pb design_1_wrapper_timing_summary_routed.pb -rpx design_1_wrapper_timing_summary_routed.rpx -warn_on_violation
| Design       : design_1_wrapper
| Device       : 7z010-clg400
| Speed File   : -1  PRODUCTION 1.12 2019-11-22
-----------------------------------------------------------------------------------------------------------------------------------------------------------------------------------------------------------------------

Timing Summary Report

------------------------------------------------------------------------------------------------
| Timer Settings
| --------------
------------------------------------------------------------------------------------------------

  Enable Multi Corner Analysis               :  Yes
  Enable Pessimism Removal                   :  Yes
  Pessimism Removal Resolution               :  Nearest Common Node
  Enable Input Delay Default Clock           :  No
  Enable Preset / Clear Arcs                 :  No
  Disable Flight Delays                      :  No
  Ignore I/O Paths                           :  No
  Timing Early Launch at Borrowing Latches   :  No
  Borrow Time for Max Delay Exceptions       :  Yes
  Merge Timing Exceptions                    :  Yes

  Corner  Analyze    Analyze    
  Name    Max Paths  Min Paths  
  ------  ---------  ---------  
  Slow    Yes        Yes        
  Fast    Yes        Yes        


------------------------------------------------------------------------------------------------
| Report Methodology
| ------------------
------------------------------------------------------------------------------------------------

Rule       Severity  Description                                  Violations  
---------  --------  -------------------------------------------  ----------  
TIMING-9   Warning   Unknown CDC Logic                            1           
TIMING-10  Warning   Missing property on synchronizer             1           
TIMING-18  Warning   Missing input or output delay                1           
XDCB-5     Warning   Runtime inefficient way to find pin objects  1           

Note: This report is based on the most recent report_methodology run and may not be up-to-date. Run report_methodology on the current design for the latest report.



check_timing report

Table of Contents
-----------------
1. checking no_clock (0)
2. checking constant_clock (0)
3. checking pulse_width_clock (0)
4. checking unconstrained_internal_endpoints (0)
5. checking no_input_delay (1)
6. checking no_output_delay (4)
7. checking multiple_clock (0)
8. checking generated_clocks (0)
9. checking loops (0)
10. checking partial_input_delay (0)
11. checking partial_output_delay (0)
12. checking latch_loops (0)

1. checking no_clock (0)
------------------------
 There are 0 register/latch pins with no clock.


2. checking constant_clock (0)
------------------------------
 There are 0 register/latch pins with constant_clock.


3. checking pulse_width_clock (0)
---------------------------------
 There are 0 register/latch pins which need pulse_width check


4. checking unconstrained_internal_endpoints (0)
------------------------------------------------
 There are 0 pins that are not constrained for maximum delay.

 There are 0 pins that are not constrained for maximum delay due to constant clock.


5. checking no_input_delay (1)
------------------------------
 There is 1 input port with no input delay specified. (HIGH)

 There are 0 input ports with no input delay but user has a false path constraint.


6. checking no_output_delay (4)
-------------------------------
 There are 4 ports with no output delay specified. (HIGH)

 There are 0 ports with no output delay but user has a false path constraint

 There are 0 ports with no output delay but with a timing clock defined on it or propagating through it


7. checking multiple_clock (0)
------------------------------
 There are 0 register/latch pins with multiple clocks.


8. checking generated_clocks (0)
--------------------------------
 There are 0 generated clocks that are not connected to a clock source.


9. checking loops (0)
---------------------
 There are 0 combinational loops in the design.


10. checking partial_input_delay (0)
------------------------------------
 There are 0 input ports with partial input delay specified.


11. checking partial_output_delay (0)
-------------------------------------
 There are 0 ports with partial output delay specified.


12. checking latch_loops (0)
----------------------------
 There are 0 combinational latch loops in the design through latch input



------------------------------------------------------------------------------------------------
| Design Timing Summary
| ---------------------
------------------------------------------------------------------------------------------------

    WNS(ns)      TNS(ns)  TNS Failing Endpoints  TNS Total Endpoints      WHS(ns)      THS(ns)  THS Failing Endpoints  THS Total Endpoints     WPWS(ns)     TPWS(ns)  TPWS Failing Endpoints  TPWS Total Endpoints  
    -------      -------  ---------------------  -------------------      -------      -------  ---------------------  -------------------     --------     --------  ----------------------  --------------------  
      0.468        0.000                      0                14571        0.013        0.000                      0                14448        0.333        0.000                       0                  6473  


All user specified timing constraints are met.


------------------------------------------------------------------------------------------------
| Clock Summary
| -------------
------------------------------------------------------------------------------------------------

Clock                       Waveform(ns)         Period(ns)      Frequency(MHz)
-----                       ------------         ----------      --------------
clk_fpga_0                  {0.000 5.000}        10.000          100.000         
  I                         {0.000 1.000}        2.000           500.000         
    axi_dynclk_0_PXL_CLK_O  {0.000 4.000}        10.000          100.000         
  mmcm_fbclk_out            {0.000 5.000}        10.000          100.000         
clk_fpga_1                  {0.000 3.500}        7.000           142.857         


------------------------------------------------------------------------------------------------
| Intra Clock Table
| -----------------
------------------------------------------------------------------------------------------------

Clock                           WNS(ns)      TNS(ns)  TNS Failing Endpoints  TNS Total Endpoints      WHS(ns)      THS(ns)  THS Failing Endpoints  THS Total Endpoints     WPWS(ns)     TPWS(ns)  TPWS Failing Endpoints  TPWS Total Endpoints  
-----                           -------      -------  ---------------------  -------------------      -------      -------  ---------------------  -------------------     --------     --------  ----------------------  --------------------  
clk_fpga_0                        3.501        0.000                      0                 3144        0.013        0.000                      0                 3144        2.500        0.000                       0                  1587  
  I                                                                                                                                                                           0.333        0.000                       0                    11  
    axi_dynclk_0_PXL_CLK_O        0.468        0.000                      0                 5374        0.106        0.000                      0                 5374        3.020        0.000                       0                  2843  
  mmcm_fbclk_out                                                                                                                                                              8.751        0.000                       0                     2  
clk_fpga_1                        0.654        0.000                      0                 5930        0.056        0.000                      0                 5930        2.250        0.000                       0                  2030  


------------------------------------------------------------------------------------------------
| Inter Clock Table
| -----------------
------------------------------------------------------------------------------------------------

From Clock              To Clock                    WNS(ns)      TNS(ns)  TNS Failing Endpoints  TNS Total Endpoints      WHS(ns)      THS(ns)  THS Failing Endpoints  THS Total Endpoints  
----------              --------                    -------      -------  ---------------------  -------------------      -------      -------  ---------------------  -------------------  
axi_dynclk_0_PXL_CLK_O  clk_fpga_0                    7.615        0.000                      0                   34                                                                        
clk_fpga_0              axi_dynclk_0_PXL_CLK_O        6.137        0.000                      0                   54                                                                        
clk_fpga_1              axi_dynclk_0_PXL_CLK_O        5.440        0.000                      0                   25                                                                        
axi_dynclk_0_PXL_CLK_O  clk_fpga_1                    8.665        0.000                      0                   12                                                                        


------------------------------------------------------------------------------------------------
| Other Path Groups Table
| -----------------------
------------------------------------------------------------------------------------------------

Path Group    From Clock    To Clock          WNS(ns)      TNS(ns)  TNS Failing Endpoints  TNS Total Endpoints      WHS(ns)      THS(ns)  THS Failing Endpoints  THS Total Endpoints  
----------    ----------    --------          -------      -------  ---------------------  -------------------      -------      -------  ---------------------  -------------------  


------------------------------------------------------------------------------------------------
| Timing Details
| --------------
------------------------------------------------------------------------------------------------


---------------------------------------------------------------------------------------------------
From Clock:  clk_fpga_0
  To Clock:  clk_fpga_0

Setup :            0  Failing Endpoints,  Worst Slack        3.501ns,  Total Violation        0.000ns
Hold  :            0  Failing Endpoints,  Worst Slack        0.013ns,  Total Violation        0.000ns
PW    :            0  Failing Endpoints,  Worst Slack        2.500ns,  Total Violation        0.000ns
---------------------------------------------------------------------------------------------------


Max Delay Paths
--------------------------------------------------------------------------------------
Slack (MET) :             3.501ns  (required time - arrival time)
  Source:                 design_1_i/ps7_0_axi_periph/xbar/inst/gen_sasd.crossbar_sasd_0/addr_arbiter_inst/gen_no_arbiter.s_ready_i_reg[0]/C
                            (rising edge-triggered cell FDRE clocked by clk_fpga_0  {rise@0.000ns fall@5.000ns period=10.000ns})
  Destination:            design_1_i/ps7_0_axi_periph/s00_couplers/auto_pc/inst/gen_axilite.gen_b2s_conv.axilite_b2s/WR.aw_channel_0/cmd_translator_0/incr_cmd_0/axaddr_incr_reg[6]/D
                            (rising edge-triggered cell FDRE clocked by clk_fpga_0  {rise@0.000ns fall@5.000ns period=10.000ns})
  Path Group:             clk_fpga_0
  Path Type:              Setup (Max at Slow Process Corner)
  Requirement:            10.000ns  (clk_fpga_0 rise@10.000ns - clk_fpga_0 rise@0.000ns)
  Data Path Delay:        6.252ns  (logic 2.132ns (34.102%)  route 4.120ns (65.898%))
  Logic Levels:           7  (CARRY4=2 LUT2=1 LUT3=2 LUT4=1 LUT6=1)
  Clock Path Skew:        -0.169ns (DCD - SCD + CPR)
    Destination Clock Delay (DCD):    2.694ns = ( 12.694 - 10.000 ) 
    Source Clock Delay      (SCD):    2.979ns
    Clock Pessimism Removal (CPR):    0.116ns
  Clock Uncertainty:      0.154ns  ((TSJ^2 + TIJ^2)^1/2 + DJ) / 2 + PE
    Total System Jitter     (TSJ):    0.071ns
    Total Input Jitter      (TIJ):    0.300ns
    Discrete Jitter          (DJ):    0.000ns
    Phase Error              (PE):    0.000ns

    Location             Delay type                Incr(ns)  Path(ns)    Netlist Resource(s)
  -------------------------------------------------------------------    -------------------
                         (clock clk_fpga_0 rise edge)
                                                      0.000     0.000 r  
    PS7_X0Y0             PS7                          0.000     0.000 r  design_1_i/processing_system7_0/inst/PS7_i/FCLKCLK[0]
                         net (fo=1, routed)           1.207     1.207    design_1_i/processing_system7_0/inst/FCLK_CLK_unbuffered[0]
    BUFGCTRL_X0Y1        BUFG (Prop_bufg_I_O)         0.101     1.308 r  design_1_i/processing_system7_0/inst/buffer_fclk_clk_0.FCLK_CLK_0_BUFG/O
                         net (fo=1587, routed)        1.671     2.979    design_1_i/ps7_0_axi_periph/xbar/inst/gen_sasd.crossbar_sasd_0/addr_arbiter_inst/aclk
    SLICE_X9Y52          FDRE                                         r  design_1_i/ps7_0_axi_periph/xbar/inst/gen_sasd.crossbar_sasd_0/addr_arbiter_inst/gen_no_arbiter.s_ready_i_reg[0]/C
  -------------------------------------------------------------------    -------------------
    SLICE_X9Y52          FDRE (Prop_fdre_C_Q)         0.456     3.435 r  design_1_i/ps7_0_axi_periph/xbar/inst/gen_sasd.crossbar_sasd_0/addr_arbiter_inst/gen_no_arbiter.s_ready_i_reg[0]/Q
                         net (fo=4, routed)           0.652     4.087    design_1_i/ps7_0_axi_periph/xbar/inst/gen_sasd.crossbar_sasd_0/addr_arbiter_inst/s_ready_i
    SLICE_X9Y52          LUT2 (Prop_lut2_I0_O)        0.153     4.240 r  design_1_i/ps7_0_axi_periph/xbar/inst/gen_sasd.crossbar_sasd_0/addr_arbiter_inst/s_axi_awready[0]_INST_0/O
                         net (fo=3, routed)           0.675     4.915    design_1_i/ps7_0_axi_periph/s00_couplers/auto_pc/inst/gen_axilite.gen_b2s_conv.axilite_b2s/WR.aw_channel_0/aw_cmd_fsm_0/m_axi_awready
    SLICE_X3Y52          LUT6 (Prop_lut6_I0_O)        0.327     5.242 r  design_1_i/ps7_0_axi_periph/s00_couplers/auto_pc/inst/gen_axilite.gen_b2s_conv.axilite_b2s/WR.aw_channel_0/aw_cmd_fsm_0/memory_reg[3][0]_srl4_i_1/O
                         net (fo=30, routed)          0.455     5.697    design_1_i/ps7_0_axi_periph/s00_couplers/auto_pc/inst/gen_axilite.gen_b2s_conv.axilite_b2s/WR.aw_channel_0/aw_cmd_fsm_0/m_axi_awready_0
    SLICE_X5Y52          LUT3 (Prop_lut3_I2_O)        0.124     5.821 r  design_1_i/ps7_0_axi_periph/s00_couplers/auto_pc/inst/gen_axilite.gen_b2s_conv.axilite_b2s/WR.aw_channel_0/aw_cmd_fsm_0/next_pending_r_i_3/O
                         net (fo=23, routed)          1.371     7.192    design_1_i/ps7_0_axi_periph/s00_couplers/auto_pc/inst/gen_axilite.gen_b2s_conv.axilite_b2s/WR.aw_channel_0/cmd_translator_0/incr_cmd_0/next
    SLICE_X12Y48         LUT4 (Prop_lut4_I3_O)        0.124     7.316 r  design_1_i/ps7_0_axi_periph/s00_couplers/auto_pc/inst/gen_axilite.gen_b2s_conv.axilite_b2s/WR.aw_channel_0/cmd_translator_0/incr_cmd_0/axaddr_incr[3]_i_8/O
                         net (fo=1, routed)           0.000     7.316    design_1_i/ps7_0_axi_periph/s00_couplers/auto_pc/inst/gen_axilite.gen_b2s_conv.axilite_b2s/SI_REG/aw.aw_pipe/axaddr_incr_reg[3][2]
    SLICE_X12Y48         CARRY4 (Prop_carry4_S[2]_CO[3])
                                                      0.380     7.696 r  design_1_i/ps7_0_axi_periph/s00_couplers/auto_pc/inst/gen_axilite.gen_b2s_conv.axilite_b2s/SI_REG/aw.aw_pipe/axaddr_incr_reg[3]_i_2/CO[3]
                         net (fo=1, routed)           0.000     7.696    design_1_i/ps7_0_axi_periph/s00_couplers/auto_pc/inst/gen_axilite.gen_b2s_conv.axilite_b2s/SI_REG/aw.aw_pipe/axaddr_incr_reg[3]_i_2_n_0
    SLICE_X12Y49         CARRY4 (Prop_carry4_CI_O[2])
                                                      0.239     7.935 r  design_1_i/ps7_0_axi_periph/s00_couplers/auto_pc/inst/gen_axilite.gen_b2s_conv.axilite_b2s/SI_REG/aw.aw_pipe/axaddr_incr_reg[7]_i_2/O[2]
                         net (fo=1, routed)           0.967     8.902    design_1_i/ps7_0_axi_periph/s00_couplers/auto_pc/inst/gen_axilite.gen_b2s_conv.axilite_b2s/WR.aw_channel_0/cmd_translator_0/incr_cmd_0/axaddr_incr[6]
    SLICE_X15Y49         LUT3 (Prop_lut3_I0_O)        0.329     9.231 r  design_1_i/ps7_0_axi_periph/s00_couplers/auto_pc/inst/gen_axilite.gen_b2s_conv.axilite_b2s/WR.aw_channel_0/cmd_translator_0/incr_cmd_0/axaddr_incr[6]_i_1/O
                         net (fo=1, routed)           0.000     9.231    design_1_i/ps7_0_axi_periph/s00_couplers/auto_pc/inst/gen_axilite.gen_b2s_conv.axilite_b2s/WR.aw_channel_0/cmd_translator_0/incr_cmd_0/p_1_in[6]
    SLICE_X15Y49         FDRE                                         r  design_1_i/ps7_0_axi_periph/s00_couplers/auto_pc/inst/gen_axilite.gen_b2s_conv.axilite_b2s/WR.aw_channel_0/cmd_translator_0/incr_cmd_0/axaddr_incr_reg[6]/D
  -------------------------------------------------------------------    -------------------

                         (clock clk_fpga_0 rise edge)
                                                     10.000    10.000 r  
    PS7_X0Y0             PS7                          0.000    10.000 r  design_1_i/processing_system7_0/inst/PS7_i/FCLKCLK[0]
                         net (fo=1, routed)           1.101    11.101    design_1_i/processing_system7_0/inst/FCLK_CLK_unbuffered[0]
    BUFGCTRL_X0Y1        BUFG (Prop_bufg_I_O)         0.091    11.192 r  design_1_i/processing_system7_0/inst/buffer_fclk_clk_0.FCLK_CLK_0_BUFG/O
                         net (fo=1587, routed)        1.502    12.694    design_1_i/ps7_0_axi_periph/s00_couplers/auto_pc/inst/gen_axilite.gen_b2s_conv.axilite_b2s/WR.aw_channel_0/cmd_translator_0/incr_cmd_0/aclk
    SLICE_X15Y49         FDRE                                         r  design_1_i/ps7_0_axi_periph/s00_couplers/auto_pc/inst/gen_axilite.gen_b2s_conv.axilite_b2s/WR.aw_channel_0/cmd_translator_0/incr_cmd_0/axaddr_incr_reg[6]/C
                         clock pessimism              0.116    12.810    
                         clock uncertainty           -0.154    12.656    
    SLICE_X15Y49         FDRE (Setup_fdre_C_D)        0.075    12.731    design_1_i/ps7_0_axi_periph/s00_couplers/auto_pc/inst/gen_axilite.gen_b2s_conv.axilite_b2s/WR.aw_channel_0/cmd_translator_0/incr_cmd_0/axaddr_incr_reg[6]
  -------------------------------------------------------------------
                         required time                         12.731    
                         arrival time                          -9.231    
  -------------------------------------------------------------------
                         slack                                  3.501    

Slack (MET) :             3.528ns  (required time - arrival time)
  Source:                 design_1_i/processing_system7_0/inst/PS7_i/MAXIGP0ACLK
                            (rising edge-triggered cell PS7 clocked by clk_fpga_0  {rise@0.000ns fall@5.000ns period=10.000ns})
  Destination:            design_1_i/axi_dynclk_0/U0/axi_dynclk_S00_AXI_inst/slv_reg3_reg[10]/CE
                            (rising edge-triggered cell FDRE clocked by clk_fpga_0  {rise@0.000ns fall@5.000ns period=10.000ns})
  Path Group:             clk_fpga_0
  Path Type:              Setup (Max at Slow Process Corner)
  Requirement:            10.000ns  (clk_fpga_0 rise@10.000ns - clk_fpga_0 rise@0.000ns)
  Data Path Delay:        5.684ns  (logic 1.734ns (30.506%)  route 3.950ns (69.494%))
  Logic Levels:           3  (LUT4=1 LUT5=2)
  Clock Path Skew:        -0.256ns (DCD - SCD + CPR)
    Destination Clock Delay (DCD):    2.686ns = ( 12.686 - 10.000 ) 
    Source Clock Delay      (SCD):    3.073ns
    Clock Pessimism Removal (CPR):    0.130ns
  Clock Uncertainty:      0.154ns  ((TSJ^2 + TIJ^2)^1/2 + DJ) / 2 + PE
    Total System Jitter     (TSJ):    0.071ns
    Total Input Jitter      (TIJ):    0.300ns
    Discrete Jitter          (DJ):    0.000ns
    Phase Error              (PE):    0.000ns

    Location             Delay type                Incr(ns)  Path(ns)    Netlist Resource(s)
  -------------------------------------------------------------------    -------------------
                         (clock clk_fpga_0 rise edge)
                                                      0.000     0.000 r  
    PS7_X0Y0             PS7                          0.000     0.000 r  design_1_i/processing_system7_0/inst/PS7_i/FCLKCLK[0]
                         net (fo=1, routed)           1.207     1.207    design_1_i/processing_system7_0/inst/FCLK_CLK_unbuffered[0]
    BUFGCTRL_X0Y1        BUFG (Prop_bufg_I_O)         0.101     1.308 r  design_1_i/processing_system7_0/inst/buffer_fclk_clk_0.FCLK_CLK_0_BUFG/O
                         net (fo=1587, routed)        1.765     3.073    design_1_i/processing_system7_0/inst/M_AXI_GP0_ACLK
    PS7_X0Y0             PS7                                          r  design_1_i/processing_system7_0/inst/PS7_i/MAXIGP0ACLK
  -------------------------------------------------------------------    -------------------
    PS7_X0Y0             PS7 (Prop_ps7_MAXIGP0ACLK_MAXIGP0WVALID)
                                                      1.334     4.407 r  design_1_i/processing_system7_0/inst/PS7_i/MAXIGP0WVALID
                         net (fo=6, routed)           1.413     5.819    design_1_i/ps7_0_axi_periph/xbar/inst/gen_sasd.crossbar_sasd_0/addr_arbiter_inst/s_axi_wvalid[0]
    SLICE_X11Y53         LUT5 (Prop_lut5_I4_O)        0.124     5.943 r  design_1_i/ps7_0_axi_periph/xbar/inst/gen_sasd.crossbar_sasd_0/addr_arbiter_inst/m_axi_wvalid[2]_INST_0/O
                         net (fo=7, routed)           0.616     6.560    design_1_i/axi_dynclk_0/U0/axi_dynclk_S00_AXI_inst/s00_axi_wvalid
    SLICE_X12Y53         LUT4 (Prop_lut4_I2_O)        0.124     6.684 r  design_1_i/axi_dynclk_0/U0/axi_dynclk_S00_AXI_inst/slv_reg0[31]_i_2/O
                         net (fo=28, routed)          1.434     8.118    design_1_i/axi_dynclk_0/U0/axi_dynclk_S00_AXI_inst/slv_reg_wren__0
    SLICE_X21Y41         LUT5 (Prop_lut5_I0_O)        0.152     8.270 r  design_1_i/axi_dynclk_0/U0/axi_dynclk_S00_AXI_inst/slv_reg3[15]_i_1/O
                         net (fo=8, routed)           0.487     8.757    design_1_i/axi_dynclk_0/U0/axi_dynclk_S00_AXI_inst/slv_reg3[15]_i_1_n_0
    SLICE_X24Y41         FDRE                                         r  design_1_i/axi_dynclk_0/U0/axi_dynclk_S00_AXI_inst/slv_reg3_reg[10]/CE
  -------------------------------------------------------------------    -------------------

                         (clock clk_fpga_0 rise edge)
                                                     10.000    10.000 r  
    PS7_X0Y0             PS7                          0.000    10.000 r  design_1_i/processing_system7_0/inst/PS7_i/FCLKCLK[0]
                         net (fo=1, routed)           1.101    11.101    design_1_i/processing_system7_0/inst/FCLK_CLK_unbuffered[0]
    BUFGCTRL_X0Y1        BUFG (Prop_bufg_I_O)         0.091    11.192 r  design_1_i/processing_system7_0/inst/buffer_fclk_clk_0.FCLK_CLK_0_BUFG/O
                         net (fo=1587, routed)        1.494    12.686    design_1_i/axi_dynclk_0/U0/axi_dynclk_S00_AXI_inst/s00_axi_aclk
    SLICE_X24Y41         FDRE                                         r  design_1_i/axi_dynclk_0/U0/axi_dynclk_S00_AXI_inst/slv_reg3_reg[10]/C
                         clock pessimism              0.130    12.816    
                         clock uncertainty           -0.154    12.662    
    SLICE_X24Y41         FDRE (Setup_fdre_C_CE)      -0.377    12.285    design_1_i/axi_dynclk_0/U0/axi_dynclk_S00_AXI_inst/slv_reg3_reg[10]
  -------------------------------------------------------------------
                         required time                         12.285    
                         arrival time                          -8.757    
  -------------------------------------------------------------------
                         slack                                  3.528    

Slack (MET) :             3.528ns  (required time - arrival time)
  Source:                 design_1_i/processing_system7_0/inst/PS7_i/MAXIGP0ACLK
                            (rising edge-triggered cell PS7 clocked by clk_fpga_0  {rise@0.000ns fall@5.000ns period=10.000ns})
  Destination:            design_1_i/axi_dynclk_0/U0/axi_dynclk_S00_AXI_inst/slv_reg3_reg[13]/CE
                            (rising edge-triggered cell FDRE clocked by clk_fpga_0  {rise@0.000ns fall@5.000ns period=10.000ns})
  Path Group:             clk_fpga_0
  Path Type:              Setup (Max at Slow Process Corner)
  Requirement:            10.000ns  (clk_fpga_0 rise@10.000ns - clk_fpga_0 rise@0.000ns)
  Data Path Delay:        5.684ns  (logic 1.734ns (30.506%)  route 3.950ns (69.494%))
  Logic Levels:           3  (LUT4=1 LUT5=2)
  Clock Path Skew:        -0.256ns (DCD - SCD + CPR)
    Destination Clock Delay (DCD):    2.686ns = ( 12.686 - 10.000 ) 
    Source Clock Delay      (SCD):    3.073ns
    Clock Pessimism Removal (CPR):    0.130ns
  Clock Uncertainty:      0.154ns  ((TSJ^2 + TIJ^2)^1/2 + DJ) / 2 + PE
    Total System Jitter     (TSJ):    0.071ns
    Total Input Jitter      (TIJ):    0.300ns
    Discrete Jitter          (DJ):    0.000ns
    Phase Error              (PE):    0.000ns

    Location             Delay type                Incr(ns)  Path(ns)    Netlist Resource(s)
  -------------------------------------------------------------------    -------------------
                         (clock clk_fpga_0 rise edge)
                                                      0.000     0.000 r  
    PS7_X0Y0             PS7                          0.000     0.000 r  design_1_i/processing_system7_0/inst/PS7_i/FCLKCLK[0]
                         net (fo=1, routed)           1.207     1.207    design_1_i/processing_system7_0/inst/FCLK_CLK_unbuffered[0]
    BUFGCTRL_X0Y1        BUFG (Prop_bufg_I_O)         0.101     1.308 r  design_1_i/processing_system7_0/inst/buffer_fclk_clk_0.FCLK_CLK_0_BUFG/O
                         net (fo=1587, routed)        1.765     3.073    design_1_i/processing_system7_0/inst/M_AXI_GP0_ACLK
    PS7_X0Y0             PS7                                          r  design_1_i/processing_system7_0/inst/PS7_i/MAXIGP0ACLK
  -------------------------------------------------------------------    -------------------
    PS7_X0Y0             PS7 (Prop_ps7_MAXIGP0ACLK_MAXIGP0WVALID)
                                                      1.334     4.407 r  design_1_i/processing_system7_0/inst/PS7_i/MAXIGP0WVALID
                         net (fo=6, routed)           1.413     5.819    design_1_i/ps7_0_axi_periph/xbar/inst/gen_sasd.crossbar_sasd_0/addr_arbiter_inst/s_axi_wvalid[0]
    SLICE_X11Y53         LUT5 (Prop_lut5_I4_O)        0.124     5.943 r  design_1_i/ps7_0_axi_periph/xbar/inst/gen_sasd.crossbar_sasd_0/addr_arbiter_inst/m_axi_wvalid[2]_INST_0/O
                         net (fo=7, routed)           0.616     6.560    design_1_i/axi_dynclk_0/U0/axi_dynclk_S00_AXI_inst/s00_axi_wvalid
    SLICE_X12Y53         LUT4 (Prop_lut4_I2_O)        0.124     6.684 r  design_1_i/axi_dynclk_0/U0/axi_dynclk_S00_AXI_inst/slv_reg0[31]_i_2/O
                         net (fo=28, routed)          1.434     8.118    design_1_i/axi_dynclk_0/U0/axi_dynclk_S00_AXI_inst/slv_reg_wren__0
    SLICE_X21Y41         LUT5 (Prop_lut5_I0_O)        0.152     8.270 r  design_1_i/axi_dynclk_0/U0/axi_dynclk_S00_AXI_inst/slv_reg3[15]_i_1/O
                         net (fo=8, routed)           0.487     8.757    design_1_i/axi_dynclk_0/U0/axi_dynclk_S00_AXI_inst/slv_reg3[15]_i_1_n_0
    SLICE_X24Y41         FDRE                                         r  design_1_i/axi_dynclk_0/U0/axi_dynclk_S00_AXI_inst/slv_reg3_reg[13]/CE
  -------------------------------------------------------------------    -------------------

                         (clock clk_fpga_0 rise edge)
                                                     10.000    10.000 r  
    PS7_X0Y0             PS7                          0.000    10.000 r  design_1_i/processing_system7_0/inst/PS7_i/FCLKCLK[0]
                         net (fo=1, routed)           1.101    11.101    design_1_i/processing_system7_0/inst/FCLK_CLK_unbuffered[0]
    BUFGCTRL_X0Y1        BUFG (Prop_bufg_I_O)         0.091    11.192 r  design_1_i/processing_system7_0/inst/buffer_fclk_clk_0.FCLK_CLK_0_BUFG/O
                         net (fo=1587, routed)        1.494    12.686    design_1_i/axi_dynclk_0/U0/axi_dynclk_S00_AXI_inst/s00_axi_aclk
    SLICE_X24Y41         FDRE                                         r  design_1_i/axi_dynclk_0/U0/axi_dynclk_S00_AXI_inst/slv_reg3_reg[13]/C
                         clock pessimism              0.130    12.816    
                         clock uncertainty           -0.154    12.662    
    SLICE_X24Y41         FDRE (Setup_fdre_C_CE)      -0.377    12.285    design_1_i/axi_dynclk_0/U0/axi_dynclk_S00_AXI_inst/slv_reg3_reg[13]
  -------------------------------------------------------------------
                         required time                         12.285    
                         arrival time                          -8.757    
  -------------------------------------------------------------------
                         slack                                  3.528    

Slack (MET) :             3.528ns  (required time - arrival time)
  Source:                 design_1_i/processing_system7_0/inst/PS7_i/MAXIGP0ACLK
                            (rising edge-triggered cell PS7 clocked by clk_fpga_0  {rise@0.000ns fall@5.000ns period=10.000ns})
  Destination:            design_1_i/axi_dynclk_0/U0/axi_dynclk_S00_AXI_inst/slv_reg3_reg[14]/CE
                            (rising edge-triggered cell FDRE clocked by clk_fpga_0  {rise@0.000ns fall@5.000ns period=10.000ns})
  Path Group:             clk_fpga_0
  Path Type:              Setup (Max at Slow Process Corner)
  Requirement:            10.000ns  (clk_fpga_0 rise@10.000ns - clk_fpga_0 rise@0.000ns)
  Data Path Delay:        5.684ns  (logic 1.734ns (30.506%)  route 3.950ns (69.494%))
  Logic Levels:           3  (LUT4=1 LUT5=2)
  Clock Path Skew:        -0.256ns (DCD - SCD + CPR)
    Destination Clock Delay (DCD):    2.686ns = ( 12.686 - 10.000 ) 
    Source Clock Delay      (SCD):    3.073ns
    Clock Pessimism Removal (CPR):    0.130ns
  Clock Uncertainty:      0.154ns  ((TSJ^2 + TIJ^2)^1/2 + DJ) / 2 + PE
    Total System Jitter     (TSJ):    0.071ns
    Total Input Jitter      (TIJ):    0.300ns
    Discrete Jitter          (DJ):    0.000ns
    Phase Error              (PE):    0.000ns

    Location             Delay type                Incr(ns)  Path(ns)    Netlist Resource(s)
  -------------------------------------------------------------------    -------------------
                         (clock clk_fpga_0 rise edge)
                                                      0.000     0.000 r  
    PS7_X0Y0             PS7                          0.000     0.000 r  design_1_i/processing_system7_0/inst/PS7_i/FCLKCLK[0]
                         net (fo=1, routed)           1.207     1.207    design_1_i/processing_system7_0/inst/FCLK_CLK_unbuffered[0]
    BUFGCTRL_X0Y1        BUFG (Prop_bufg_I_O)         0.101     1.308 r  design_1_i/processing_system7_0/inst/buffer_fclk_clk_0.FCLK_CLK_0_BUFG/O
                         net (fo=1587, routed)        1.765     3.073    design_1_i/processing_system7_0/inst/M_AXI_GP0_ACLK
    PS7_X0Y0             PS7                                          r  design_1_i/processing_system7_0/inst/PS7_i/MAXIGP0ACLK
  -------------------------------------------------------------------    -------------------
    PS7_X0Y0             PS7 (Prop_ps7_MAXIGP0ACLK_MAXIGP0WVALID)
                                                      1.334     4.407 r  design_1_i/processing_system7_0/inst/PS7_i/MAXIGP0WVALID
                         net (fo=6, routed)           1.413     5.819    design_1_i/ps7_0_axi_periph/xbar/inst/gen_sasd.crossbar_sasd_0/addr_arbiter_inst/s_axi_wvalid[0]
    SLICE_X11Y53         LUT5 (Prop_lut5_I4_O)        0.124     5.943 r  design_1_i/ps7_0_axi_periph/xbar/inst/gen_sasd.crossbar_sasd_0/addr_arbiter_inst/m_axi_wvalid[2]_INST_0/O
                         net (fo=7, routed)           0.616     6.560    design_1_i/axi_dynclk_0/U0/axi_dynclk_S00_AXI_inst/s00_axi_wvalid
    SLICE_X12Y53         LUT4 (Prop_lut4_I2_O)        0.124     6.684 r  design_1_i/axi_dynclk_0/U0/axi_dynclk_S00_AXI_inst/slv_reg0[31]_i_2/O
                         net (fo=28, routed)          1.434     8.118    design_1_i/axi_dynclk_0/U0/axi_dynclk_S00_AXI_inst/slv_reg_wren__0
    SLICE_X21Y41         LUT5 (Prop_lut5_I0_O)        0.152     8.270 r  design_1_i/axi_dynclk_0/U0/axi_dynclk_S00_AXI_inst/slv_reg3[15]_i_1/O
                         net (fo=8, routed)           0.487     8.757    design_1_i/axi_dynclk_0/U0/axi_dynclk_S00_AXI_inst/slv_reg3[15]_i_1_n_0
    SLICE_X24Y41         FDRE                                         r  design_1_i/axi_dynclk_0/U0/axi_dynclk_S00_AXI_inst/slv_reg3_reg[14]/CE
  -------------------------------------------------------------------    -------------------

                         (clock clk_fpga_0 rise edge)
                                                     10.000    10.000 r  
    PS7_X0Y0             PS7                          0.000    10.000 r  design_1_i/processing_system7_0/inst/PS7_i/FCLKCLK[0]
                         net (fo=1, routed)           1.101    11.101    design_1_i/processing_system7_0/inst/FCLK_CLK_unbuffered[0]
    BUFGCTRL_X0Y1        BUFG (Prop_bufg_I_O)         0.091    11.192 r  design_1_i/processing_system7_0/inst/buffer_fclk_clk_0.FCLK_CLK_0_BUFG/O
                         net (fo=1587, routed)        1.494    12.686    design_1_i/axi_dynclk_0/U0/axi_dynclk_S00_AXI_inst/s00_axi_aclk
    SLICE_X24Y41         FDRE                                         r  design_1_i/axi_dynclk_0/U0/axi_dynclk_S00_AXI_inst/slv_reg3_reg[14]/C
                         clock pessimism              0.130    12.816    
                         clock uncertainty           -0.154    12.662    
    SLICE_X24Y41         FDRE (Setup_fdre_C_CE)      -0.377    12.285    design_1_i/axi_dynclk_0/U0/axi_dynclk_S00_AXI_inst/slv_reg3_reg[14]
  -------------------------------------------------------------------
                         required time                         12.285    
                         arrival time                          -8.757    
  -------------------------------------------------------------------
                         slack                                  3.528    

Slack (MET) :             3.528ns  (required time - arrival time)
  Source:                 design_1_i/processing_system7_0/inst/PS7_i/MAXIGP0ACLK
                            (rising edge-triggered cell PS7 clocked by clk_fpga_0  {rise@0.000ns fall@5.000ns period=10.000ns})
  Destination:            design_1_i/axi_dynclk_0/U0/axi_dynclk_S00_AXI_inst/slv_reg3_reg[15]/CE
                            (rising edge-triggered cell FDRE clocked by clk_fpga_0  {rise@0.000ns fall@5.000ns period=10.000ns})
  Path Group:             clk_fpga_0
  Path Type:              Setup (Max at Slow Process Corner)
  Requirement:            10.000ns  (clk_fpga_0 rise@10.000ns - clk_fpga_0 rise@0.000ns)
  Data Path Delay:        5.684ns  (logic 1.734ns (30.506%)  route 3.950ns (69.494%))
  Logic Levels:           3  (LUT4=1 LUT5=2)
  Clock Path Skew:        -0.256ns (DCD - SCD + CPR)
    Destination Clock Delay (DCD):    2.686ns = ( 12.686 - 10.000 ) 
    Source Clock Delay      (SCD):    3.073ns
    Clock Pessimism Removal (CPR):    0.130ns
  Clock Uncertainty:      0.154ns  ((TSJ^2 + TIJ^2)^1/2 + DJ) / 2 + PE
    Total System Jitter     (TSJ):    0.071ns
    Total Input Jitter      (TIJ):    0.300ns
    Discrete Jitter          (DJ):    0.000ns
    Phase Error              (PE):    0.000ns

    Location             Delay type                Incr(ns)  Path(ns)    Netlist Resource(s)
  -------------------------------------------------------------------    -------------------
                         (clock clk_fpga_0 rise edge)
                                                      0.000     0.000 r  
    PS7_X0Y0             PS7                          0.000     0.000 r  design_1_i/processing_system7_0/inst/PS7_i/FCLKCLK[0]
                         net (fo=1, routed)           1.207     1.207    design_1_i/processing_system7_0/inst/FCLK_CLK_unbuffered[0]
    BUFGCTRL_X0Y1        BUFG (Prop_bufg_I_O)         0.101     1.308 r  design_1_i/processing_system7_0/inst/buffer_fclk_clk_0.FCLK_CLK_0_BUFG/O
                         net (fo=1587, routed)        1.765     3.073    design_1_i/processing_system7_0/inst/M_AXI_GP0_ACLK
    PS7_X0Y0             PS7                                          r  design_1_i/processing_system7_0/inst/PS7_i/MAXIGP0ACLK
  -------------------------------------------------------------------    -------------------
    PS7_X0Y0             PS7 (Prop_ps7_MAXIGP0ACLK_MAXIGP0WVALID)
                                                      1.334     4.407 r  design_1_i/processing_system7_0/inst/PS7_i/MAXIGP0WVALID
                         net (fo=6, routed)           1.413     5.819    design_1_i/ps7_0_axi_periph/xbar/inst/gen_sasd.crossbar_sasd_0/addr_arbiter_inst/s_axi_wvalid[0]
    SLICE_X11Y53         LUT5 (Prop_lut5_I4_O)        0.124     5.943 r  design_1_i/ps7_0_axi_periph/xbar/inst/gen_sasd.crossbar_sasd_0/addr_arbiter_inst/m_axi_wvalid[2]_INST_0/O
                         net (fo=7, routed)           0.616     6.560    design_1_i/axi_dynclk_0/U0/axi_dynclk_S00_AXI_inst/s00_axi_wvalid
    SLICE_X12Y53         LUT4 (Prop_lut4_I2_O)        0.124     6.684 r  design_1_i/axi_dynclk_0/U0/axi_dynclk_S00_AXI_inst/slv_reg0[31]_i_2/O
                         net (fo=28, routed)          1.434     8.118    design_1_i/axi_dynclk_0/U0/axi_dynclk_S00_AXI_inst/slv_reg_wren__0
    SLICE_X21Y41         LUT5 (Prop_lut5_I0_O)        0.152     8.270 r  design_1_i/axi_dynclk_0/U0/axi_dynclk_S00_AXI_inst/slv_reg3[15]_i_1/O
                         net (fo=8, routed)           0.487     8.757    design_1_i/axi_dynclk_0/U0/axi_dynclk_S00_AXI_inst/slv_reg3[15]_i_1_n_0
    SLICE_X24Y41         FDRE                                         r  design_1_i/axi_dynclk_0/U0/axi_dynclk_S00_AXI_inst/slv_reg3_reg[15]/CE
  -------------------------------------------------------------------    -------------------

                         (clock clk_fpga_0 rise edge)
                                                     10.000    10.000 r  
    PS7_X0Y0             PS7                          0.000    10.000 r  design_1_i/processing_system7_0/inst/PS7_i/FCLKCLK[0]
                         net (fo=1, routed)           1.101    11.101    design_1_i/processing_system7_0/inst/FCLK_CLK_unbuffered[0]
    BUFGCTRL_X0Y1        BUFG (Prop_bufg_I_O)         0.091    11.192 r  design_1_i/processing_system7_0/inst/buffer_fclk_clk_0.FCLK_CLK_0_BUFG/O
                         net (fo=1587, routed)        1.494    12.686    design_1_i/axi_dynclk_0/U0/axi_dynclk_S00_AXI_inst/s00_axi_aclk
    SLICE_X24Y41         FDRE                                         r  design_1_i/axi_dynclk_0/U0/axi_dynclk_S00_AXI_inst/slv_reg3_reg[15]/C
                         clock pessimism              0.130    12.816    
                         clock uncertainty           -0.154    12.662    
    SLICE_X24Y41         FDRE (Setup_fdre_C_CE)      -0.377    12.285    design_1_i/axi_dynclk_0/U0/axi_dynclk_S00_AXI_inst/slv_reg3_reg[15]
  -------------------------------------------------------------------
                         required time                         12.285    
                         arrival time                          -8.757    
  -------------------------------------------------------------------
                         slack                                  3.528    

Slack (MET) :             3.528ns  (required time - arrival time)
  Source:                 design_1_i/processing_system7_0/inst/PS7_i/MAXIGP0ACLK
                            (rising edge-triggered cell PS7 clocked by clk_fpga_0  {rise@0.000ns fall@5.000ns period=10.000ns})
  Destination:            design_1_i/axi_dynclk_0/U0/axi_dynclk_S00_AXI_inst/slv_reg3_reg[9]/CE
                            (rising edge-triggered cell FDRE clocked by clk_fpga_0  {rise@0.000ns fall@5.000ns period=10.000ns})
  Path Group:             clk_fpga_0
  Path Type:              Setup (Max at Slow Process Corner)
  Requirement:            10.000ns  (clk_fpga_0 rise@10.000ns - clk_fpga_0 rise@0.000ns)
  Data Path Delay:        5.684ns  (logic 1.734ns (30.506%)  route 3.950ns (69.494%))
  Logic Levels:           3  (LUT4=1 LUT5=2)
  Clock Path Skew:        -0.256ns (DCD - SCD + CPR)
    Destination Clock Delay (DCD):    2.686ns = ( 12.686 - 10.000 ) 
    Source Clock Delay      (SCD):    3.073ns
    Clock Pessimism Removal (CPR):    0.130ns
  Clock Uncertainty:      0.154ns  ((TSJ^2 + TIJ^2)^1/2 + DJ) / 2 + PE
    Total System Jitter     (TSJ):    0.071ns
    Total Input Jitter      (TIJ):    0.300ns
    Discrete Jitter          (DJ):    0.000ns
    Phase Error              (PE):    0.000ns

    Location             Delay type                Incr(ns)  Path(ns)    Netlist Resource(s)
  -------------------------------------------------------------------    -------------------
                         (clock clk_fpga_0 rise edge)
                                                      0.000     0.000 r  
    PS7_X0Y0             PS7                          0.000     0.000 r  design_1_i/processing_system7_0/inst/PS7_i/FCLKCLK[0]
                         net (fo=1, routed)           1.207     1.207    design_1_i/processing_system7_0/inst/FCLK_CLK_unbuffered[0]
    BUFGCTRL_X0Y1        BUFG (Prop_bufg_I_O)         0.101     1.308 r  design_1_i/processing_system7_0/inst/buffer_fclk_clk_0.FCLK_CLK_0_BUFG/O
                         net (fo=1587, routed)        1.765     3.073    design_1_i/processing_system7_0/inst/M_AXI_GP0_ACLK
    PS7_X0Y0             PS7                                          r  design_1_i/processing_system7_0/inst/PS7_i/MAXIGP0ACLK
  -------------------------------------------------------------------    -------------------
    PS7_X0Y0             PS7 (Prop_ps7_MAXIGP0ACLK_MAXIGP0WVALID)
                                                      1.334     4.407 r  design_1_i/processing_system7_0/inst/PS7_i/MAXIGP0WVALID
                         net (fo=6, routed)           1.413     5.819    design_1_i/ps7_0_axi_periph/xbar/inst/gen_sasd.crossbar_sasd_0/addr_arbiter_inst/s_axi_wvalid[0]
    SLICE_X11Y53         LUT5 (Prop_lut5_I4_O)        0.124     5.943 r  design_1_i/ps7_0_axi_periph/xbar/inst/gen_sasd.crossbar_sasd_0/addr_arbiter_inst/m_axi_wvalid[2]_INST_0/O
                         net (fo=7, routed)           0.616     6.560    design_1_i/axi_dynclk_0/U0/axi_dynclk_S00_AXI_inst/s00_axi_wvalid
    SLICE_X12Y53         LUT4 (Prop_lut4_I2_O)        0.124     6.684 r  design_1_i/axi_dynclk_0/U0/axi_dynclk_S00_AXI_inst/slv_reg0[31]_i_2/O
                         net (fo=28, routed)          1.434     8.118    design_1_i/axi_dynclk_0/U0/axi_dynclk_S00_AXI_inst/slv_reg_wren__0
    SLICE_X21Y41         LUT5 (Prop_lut5_I0_O)        0.152     8.270 r  design_1_i/axi_dynclk_0/U0/axi_dynclk_S00_AXI_inst/slv_reg3[15]_i_1/O
                         net (fo=8, routed)           0.487     8.757    design_1_i/axi_dynclk_0/U0/axi_dynclk_S00_AXI_inst/slv_reg3[15]_i_1_n_0
    SLICE_X24Y41         FDRE                                         r  design_1_i/axi_dynclk_0/U0/axi_dynclk_S00_AXI_inst/slv_reg3_reg[9]/CE
  -------------------------------------------------------------------    -------------------

                         (clock clk_fpga_0 rise edge)
                                                     10.000    10.000 r  
    PS7_X0Y0             PS7                          0.000    10.000 r  design_1_i/processing_system7_0/inst/PS7_i/FCLKCLK[0]
                         net (fo=1, routed)           1.101    11.101    design_1_i/processing_system7_0/inst/FCLK_CLK_unbuffered[0]
    BUFGCTRL_X0Y1        BUFG (Prop_bufg_I_O)         0.091    11.192 r  design_1_i/processing_system7_0/inst/buffer_fclk_clk_0.FCLK_CLK_0_BUFG/O
                         net (fo=1587, routed)        1.494    12.686    design_1_i/axi_dynclk_0/U0/axi_dynclk_S00_AXI_inst/s00_axi_aclk
    SLICE_X24Y41         FDRE                                         r  design_1_i/axi_dynclk_0/U0/axi_dynclk_S00_AXI_inst/slv_reg3_reg[9]/C
                         clock pessimism              0.130    12.816    
                         clock uncertainty           -0.154    12.662    
    SLICE_X24Y41         FDRE (Setup_fdre_C_CE)      -0.377    12.285    design_1_i/axi_dynclk_0/U0/axi_dynclk_S00_AXI_inst/slv_reg3_reg[9]
  -------------------------------------------------------------------
                         required time                         12.285    
                         arrival time                          -8.757    
  -------------------------------------------------------------------
                         slack                                  3.528    

Slack (MET) :             3.555ns  (required time - arrival time)
  Source:                 design_1_i/ps7_0_axi_periph/s00_couplers/auto_pc/inst/gen_axilite.gen_b2s_conv.axilite_b2s/SI_REG/aw.aw_pipe/m_payload_i_reg[39]/C
                            (rising edge-triggered cell FDRE clocked by clk_fpga_0  {rise@0.000ns fall@5.000ns period=10.000ns})
  Destination:            design_1_i/ps7_0_axi_periph/s00_couplers/auto_pc/inst/gen_axilite.gen_b2s_conv.axilite_b2s/WR.aw_channel_0/cmd_translator_0/incr_cmd_0/axaddr_incr_reg[11]/D
                            (rising edge-triggered cell FDRE clocked by clk_fpga_0  {rise@0.000ns fall@5.000ns period=10.000ns})
  Path Group:             clk_fpga_0
  Path Type:              Setup (Max at Slow Process Corner)
  Requirement:            10.000ns  (clk_fpga_0 rise@10.000ns - clk_fpga_0 rise@0.000ns)
  Data Path Delay:        6.129ns  (logic 2.265ns (36.953%)  route 3.864ns (63.047%))
  Logic Levels:           8  (CARRY4=3 LUT3=3 LUT4=1 LUT6=1)
  Clock Path Skew:        -0.190ns (DCD - SCD + CPR)
    Destination Clock Delay (DCD):    2.684ns = ( 12.684 - 10.000 ) 
    Source Clock Delay      (SCD):    2.990ns
    Clock Pessimism Removal (CPR):    0.116ns
  Clock Uncertainty:      0.154ns  ((TSJ^2 + TIJ^2)^1/2 + DJ) / 2 + PE
    Total System Jitter     (TSJ):    0.071ns
    Total Input Jitter      (TIJ):    0.300ns
    Discrete Jitter          (DJ):    0.000ns
    Phase Error              (PE):    0.000ns

    Location             Delay type                Incr(ns)  Path(ns)    Netlist Resource(s)
  -------------------------------------------------------------------    -------------------
                         (clock clk_fpga_0 rise edge)
                                                      0.000     0.000 r  
    PS7_X0Y0             PS7                          0.000     0.000 r  design_1_i/processing_system7_0/inst/PS7_i/FCLKCLK[0]
                         net (fo=1, routed)           1.207     1.207    design_1_i/processing_system7_0/inst/FCLK_CLK_unbuffered[0]
    BUFGCTRL_X0Y1        BUFG (Prop_bufg_I_O)         0.101     1.308 r  design_1_i/processing_system7_0/inst/buffer_fclk_clk_0.FCLK_CLK_0_BUFG/O
                         net (fo=1587, routed)        1.682     2.990    design_1_i/ps7_0_axi_periph/s00_couplers/auto_pc/inst/gen_axilite.gen_b2s_conv.axilite_b2s/SI_REG/aw.aw_pipe/aclk
    SLICE_X6Y49          FDRE                                         r  design_1_i/ps7_0_axi_periph/s00_couplers/auto_pc/inst/gen_axilite.gen_b2s_conv.axilite_b2s/SI_REG/aw.aw_pipe/m_payload_i_reg[39]/C
  -------------------------------------------------------------------    -------------------
    SLICE_X6Y49          FDRE (Prop_fdre_C_Q)         0.478     3.468 r  design_1_i/ps7_0_axi_periph/s00_couplers/auto_pc/inst/gen_axilite.gen_b2s_conv.axilite_b2s/SI_REG/aw.aw_pipe/m_payload_i_reg[39]/Q
                         net (fo=11, routed)          1.123     4.591    design_1_i/ps7_0_axi_periph/s00_couplers/auto_pc/inst/gen_axilite.gen_b2s_conv.axilite_b2s/WR.aw_channel_0/cmd_translator_0/axlen_cnt_reg[3][11]
    SLICE_X4Y53          LUT3 (Prop_lut3_I1_O)        0.296     4.887 f  design_1_i/ps7_0_axi_periph/s00_couplers/auto_pc/inst/gen_axilite.gen_b2s_conv.axilite_b2s/WR.aw_channel_0/cmd_translator_0/FSM_sequential_state[1]_i_2/O
                         net (fo=3, routed)           0.319     5.207    design_1_i/ps7_0_axi_periph/s00_couplers/auto_pc/inst/gen_axilite.gen_b2s_conv.axilite_b2s/WR.aw_channel_0/aw_cmd_fsm_0/FSM_sequential_state_reg[1]_0
    SLICE_X3Y52          LUT6 (Prop_lut6_I3_O)        0.124     5.331 r  design_1_i/ps7_0_axi_periph/s00_couplers/auto_pc/inst/gen_axilite.gen_b2s_conv.axilite_b2s/WR.aw_channel_0/aw_cmd_fsm_0/memory_reg[3][0]_srl4_i_1/O
                         net (fo=30, routed)          0.455     5.786    design_1_i/ps7_0_axi_periph/s00_couplers/auto_pc/inst/gen_axilite.gen_b2s_conv.axilite_b2s/WR.aw_channel_0/aw_cmd_fsm_0/m_axi_awready_0
    SLICE_X5Y52          LUT3 (Prop_lut3_I2_O)        0.124     5.910 r  design_1_i/ps7_0_axi_periph/s00_couplers/auto_pc/inst/gen_axilite.gen_b2s_conv.axilite_b2s/WR.aw_channel_0/aw_cmd_fsm_0/next_pending_r_i_3/O
                         net (fo=23, routed)          1.371     7.280    design_1_i/ps7_0_axi_periph/s00_couplers/auto_pc/inst/gen_axilite.gen_b2s_conv.axilite_b2s/WR.aw_channel_0/cmd_translator_0/incr_cmd_0/next
    SLICE_X12Y48         LUT4 (Prop_lut4_I3_O)        0.124     7.404 r  design_1_i/ps7_0_axi_periph/s00_couplers/auto_pc/inst/gen_axilite.gen_b2s_conv.axilite_b2s/WR.aw_channel_0/cmd_translator_0/incr_cmd_0/axaddr_incr[3]_i_8/O
                         net (fo=1, routed)           0.000     7.404    design_1_i/ps7_0_axi_periph/s00_couplers/auto_pc/inst/gen_axilite.gen_b2s_conv.axilite_b2s/SI_REG/aw.aw_pipe/axaddr_incr_reg[3][2]
    SLICE_X12Y48         CARRY4 (Prop_carry4_S[2]_CO[3])
                                                      0.380     7.784 r  design_1_i/ps7_0_axi_periph/s00_couplers/auto_pc/inst/gen_axilite.gen_b2s_conv.axilite_b2s/SI_REG/aw.aw_pipe/axaddr_incr_reg[3]_i_2/CO[3]
                         net (fo=1, routed)           0.000     7.784    design_1_i/ps7_0_axi_periph/s00_couplers/auto_pc/inst/gen_axilite.gen_b2s_conv.axilite_b2s/SI_REG/aw.aw_pipe/axaddr_incr_reg[3]_i_2_n_0
    SLICE_X12Y49         CARRY4 (Prop_carry4_CI_CO[3])
                                                      0.117     7.901 r  design_1_i/ps7_0_axi_periph/s00_couplers/auto_pc/inst/gen_axilite.gen_b2s_conv.axilite_b2s/SI_REG/aw.aw_pipe/axaddr_incr_reg[7]_i_2/CO[3]
                         net (fo=1, routed)           0.001     7.902    design_1_i/ps7_0_axi_periph/s00_couplers/auto_pc/inst/gen_axilite.gen_b2s_conv.axilite_b2s/SI_REG/aw.aw_pipe/axaddr_incr_reg[7]_i_2_n_0
    SLICE_X12Y50         CARRY4 (Prop_carry4_CI_O[3])
                                                      0.315     8.217 r  design_1_i/ps7_0_axi_periph/s00_couplers/auto_pc/inst/gen_axilite.gen_b2s_conv.axilite_b2s/SI_REG/aw.aw_pipe/axaddr_incr_reg[11]_i_3/O[3]
                         net (fo=1, routed)           0.595     8.812    design_1_i/ps7_0_axi_periph/s00_couplers/auto_pc/inst/gen_axilite.gen_b2s_conv.axilite_b2s/WR.aw_channel_0/cmd_translator_0/incr_cmd_0/axaddr_incr[11]
    SLICE_X15Y50         LUT3 (Prop_lut3_I0_O)        0.307     9.119 r  design_1_i/ps7_0_axi_periph/s00_couplers/auto_pc/inst/gen_axilite.gen_b2s_conv.axilite_b2s/WR.aw_channel_0/cmd_translator_0/incr_cmd_0/axaddr_incr[11]_i_2/O
                         net (fo=1, routed)           0.000     9.119    design_1_i/ps7_0_axi_periph/s00_couplers/auto_pc/inst/gen_axilite.gen_b2s_conv.axilite_b2s/WR.aw_channel_0/cmd_translator_0/incr_cmd_0/p_1_in[11]
    SLICE_X15Y50         FDRE                                         r  design_1_i/ps7_0_axi_periph/s00_couplers/auto_pc/inst/gen_axilite.gen_b2s_conv.axilite_b2s/WR.aw_channel_0/cmd_translator_0/incr_cmd_0/axaddr_incr_reg[11]/D
  -------------------------------------------------------------------    -------------------

                         (clock clk_fpga_0 rise edge)
                                                     10.000    10.000 r  
    PS7_X0Y0             PS7                          0.000    10.000 r  design_1_i/processing_system7_0/inst/PS7_i/FCLKCLK[0]
                         net (fo=1, routed)           1.101    11.101    design_1_i/processing_system7_0/inst/FCLK_CLK_unbuffered[0]
    BUFGCTRL_X0Y1        BUFG (Prop_bufg_I_O)         0.091    11.192 r  design_1_i/processing_system7_0/inst/buffer_fclk_clk_0.FCLK_CLK_0_BUFG/O
                         net (fo=1587, routed)        1.492    12.684    design_1_i/ps7_0_axi_periph/s00_couplers/auto_pc/inst/gen_axilite.gen_b2s_conv.axilite_b2s/WR.aw_channel_0/cmd_translator_0/incr_cmd_0/aclk
    SLICE_X15Y50         FDRE                                         r  design_1_i/ps7_0_axi_periph/s00_couplers/auto_pc/inst/gen_axilite.gen_b2s_conv.axilite_b2s/WR.aw_channel_0/cmd_translator_0/incr_cmd_0/axaddr_incr_reg[11]/C
                         clock pessimism              0.116    12.800    
                         clock uncertainty           -0.154    12.646    
    SLICE_X15Y50         FDRE (Setup_fdre_C_D)        0.029    12.675    design_1_i/ps7_0_axi_periph/s00_couplers/auto_pc/inst/gen_axilite.gen_b2s_conv.axilite_b2s/WR.aw_channel_0/cmd_translator_0/incr_cmd_0/axaddr_incr_reg[11]
  -------------------------------------------------------------------
                         required time                         12.675    
                         arrival time                          -9.119    
  -------------------------------------------------------------------
                         slack                                  3.555    

Slack (MET) :             3.631ns  (required time - arrival time)
  Source:                 design_1_i/ps7_0_axi_periph/s00_couplers/auto_pc/inst/gen_axilite.gen_b2s_conv.axilite_b2s/SI_REG/aw.aw_pipe/m_payload_i_reg[39]/C
                            (rising edge-triggered cell FDRE clocked by clk_fpga_0  {rise@0.000ns fall@5.000ns period=10.000ns})
  Destination:            design_1_i/ps7_0_axi_periph/s00_couplers/auto_pc/inst/gen_axilite.gen_b2s_conv.axilite_b2s/WR.aw_channel_0/cmd_translator_0/incr_cmd_0/axaddr_incr_reg[9]/D
                            (rising edge-triggered cell FDRE clocked by clk_fpga_0  {rise@0.000ns fall@5.000ns period=10.000ns})
  Path Group:             clk_fpga_0
  Path Type:              Setup (Max at Slow Process Corner)
  Requirement:            10.000ns  (clk_fpga_0 rise@10.000ns - clk_fpga_0 rise@0.000ns)
  Data Path Delay:        6.099ns  (logic 2.266ns (37.153%)  route 3.833ns (62.847%))
  Logic Levels:           8  (CARRY4=3 LUT3=3 LUT4=1 LUT6=1)
  Clock Path Skew:        -0.190ns (DCD - SCD + CPR)
    Destination Clock Delay (DCD):    2.684ns = ( 12.684 - 10.000 ) 
    Source Clock Delay      (SCD):    2.990ns
    Clock Pessimism Removal (CPR):    0.116ns
  Clock Uncertainty:      0.154ns  ((TSJ^2 + TIJ^2)^1/2 + DJ) / 2 + PE
    Total System Jitter     (TSJ):    0.071ns
    Total Input Jitter      (TIJ):    0.300ns
    Discrete Jitter          (DJ):    0.000ns
    Phase Error              (PE):    0.000ns

    Location             Delay type                Incr(ns)  Path(ns)    Netlist Resource(s)
  -------------------------------------------------------------------    -------------------
                         (clock clk_fpga_0 rise edge)
                                                      0.000     0.000 r  
    PS7_X0Y0             PS7                          0.000     0.000 r  design_1_i/processing_system7_0/inst/PS7_i/FCLKCLK[0]
                         net (fo=1, routed)           1.207     1.207    design_1_i/processing_system7_0/inst/FCLK_CLK_unbuffered[0]
    BUFGCTRL_X0Y1        BUFG (Prop_bufg_I_O)         0.101     1.308 r  design_1_i/processing_system7_0/inst/buffer_fclk_clk_0.FCLK_CLK_0_BUFG/O
                         net (fo=1587, routed)        1.682     2.990    design_1_i/ps7_0_axi_periph/s00_couplers/auto_pc/inst/gen_axilite.gen_b2s_conv.axilite_b2s/SI_REG/aw.aw_pipe/aclk
    SLICE_X6Y49          FDRE                                         r  design_1_i/ps7_0_axi_periph/s00_couplers/auto_pc/inst/gen_axilite.gen_b2s_conv.axilite_b2s/SI_REG/aw.aw_pipe/m_payload_i_reg[39]/C
  -------------------------------------------------------------------    -------------------
    SLICE_X6Y49          FDRE (Prop_fdre_C_Q)         0.478     3.468 r  design_1_i/ps7_0_axi_periph/s00_couplers/auto_pc/inst/gen_axilite.gen_b2s_conv.axilite_b2s/SI_REG/aw.aw_pipe/m_payload_i_reg[39]/Q
                         net (fo=11, routed)          1.123     4.591    design_1_i/ps7_0_axi_periph/s00_couplers/auto_pc/inst/gen_axilite.gen_b2s_conv.axilite_b2s/WR.aw_channel_0/cmd_translator_0/axlen_cnt_reg[3][11]
    SLICE_X4Y53          LUT3 (Prop_lut3_I1_O)        0.296     4.887 f  design_1_i/ps7_0_axi_periph/s00_couplers/auto_pc/inst/gen_axilite.gen_b2s_conv.axilite_b2s/WR.aw_channel_0/cmd_translator_0/FSM_sequential_state[1]_i_2/O
                         net (fo=3, routed)           0.319     5.207    design_1_i/ps7_0_axi_periph/s00_couplers/auto_pc/inst/gen_axilite.gen_b2s_conv.axilite_b2s/WR.aw_channel_0/aw_cmd_fsm_0/FSM_sequential_state_reg[1]_0
    SLICE_X3Y52          LUT6 (Prop_lut6_I3_O)        0.124     5.331 r  design_1_i/ps7_0_axi_periph/s00_couplers/auto_pc/inst/gen_axilite.gen_b2s_conv.axilite_b2s/WR.aw_channel_0/aw_cmd_fsm_0/memory_reg[3][0]_srl4_i_1/O
                         net (fo=30, routed)          0.455     5.786    design_1_i/ps7_0_axi_periph/s00_couplers/auto_pc/inst/gen_axilite.gen_b2s_conv.axilite_b2s/WR.aw_channel_0/aw_cmd_fsm_0/m_axi_awready_0
    SLICE_X5Y52          LUT3 (Prop_lut3_I2_O)        0.124     5.910 r  design_1_i/ps7_0_axi_periph/s00_couplers/auto_pc/inst/gen_axilite.gen_b2s_conv.axilite_b2s/WR.aw_channel_0/aw_cmd_fsm_0/next_pending_r_i_3/O
                         net (fo=23, routed)          1.371     7.280    design_1_i/ps7_0_axi_periph/s00_couplers/auto_pc/inst/gen_axilite.gen_b2s_conv.axilite_b2s/WR.aw_channel_0/cmd_translator_0/incr_cmd_0/next
    SLICE_X12Y48         LUT4 (Prop_lut4_I3_O)        0.124     7.404 r  design_1_i/ps7_0_axi_periph/s00_couplers/auto_pc/inst/gen_axilite.gen_b2s_conv.axilite_b2s/WR.aw_channel_0/cmd_translator_0/incr_cmd_0/axaddr_incr[3]_i_8/O
                         net (fo=1, routed)           0.000     7.404    design_1_i/ps7_0_axi_periph/s00_couplers/auto_pc/inst/gen_axilite.gen_b2s_conv.axilite_b2s/SI_REG/aw.aw_pipe/axaddr_incr_reg[3][2]
    SLICE_X12Y48         CARRY4 (Prop_carry4_S[2]_CO[3])
                                                      0.380     7.784 r  design_1_i/ps7_0_axi_periph/s00_couplers/auto_pc/inst/gen_axilite.gen_b2s_conv.axilite_b2s/SI_REG/aw.aw_pipe/axaddr_incr_reg[3]_i_2/CO[3]
                         net (fo=1, routed)           0.000     7.784    design_1_i/ps7_0_axi_periph/s00_couplers/auto_pc/inst/gen_axilite.gen_b2s_conv.axilite_b2s/SI_REG/aw.aw_pipe/axaddr_incr_reg[3]_i_2_n_0
    SLICE_X12Y49         CARRY4 (Prop_carry4_CI_CO[3])
                                                      0.117     7.901 r  design_1_i/ps7_0_axi_periph/s00_couplers/auto_pc/inst/gen_axilite.gen_b2s_conv.axilite_b2s/SI_REG/aw.aw_pipe/axaddr_incr_reg[7]_i_2/CO[3]
                         net (fo=1, routed)           0.001     7.902    design_1_i/ps7_0_axi_periph/s00_couplers/auto_pc/inst/gen_axilite.gen_b2s_conv.axilite_b2s/SI_REG/aw.aw_pipe/axaddr_incr_reg[7]_i_2_n_0
    SLICE_X12Y50         CARRY4 (Prop_carry4_CI_O[1])
                                                      0.323     8.225 r  design_1_i/ps7_0_axi_periph/s00_couplers/auto_pc/inst/gen_axilite.gen_b2s_conv.axilite_b2s/SI_REG/aw.aw_pipe/axaddr_incr_reg[11]_i_3/O[1]
                         net (fo=1, routed)           0.564     8.789    design_1_i/ps7_0_axi_periph/s00_couplers/auto_pc/inst/gen_axilite.gen_b2s_conv.axilite_b2s/WR.aw_channel_0/cmd_translator_0/incr_cmd_0/axaddr_incr[9]
    SLICE_X15Y50         LUT3 (Prop_lut3_I0_O)        0.300     9.089 r  design_1_i/ps7_0_axi_periph/s00_couplers/auto_pc/inst/gen_axilite.gen_b2s_conv.axilite_b2s/WR.aw_channel_0/cmd_translator_0/incr_cmd_0/axaddr_incr[9]_i_1/O
                         net (fo=1, routed)           0.000     9.089    design_1_i/ps7_0_axi_periph/s00_couplers/auto_pc/inst/gen_axilite.gen_b2s_conv.axilite_b2s/WR.aw_channel_0/cmd_translator_0/incr_cmd_0/p_1_in[9]
    SLICE_X15Y50         FDRE                                         r  design_1_i/ps7_0_axi_periph/s00_couplers/auto_pc/inst/gen_axilite.gen_b2s_conv.axilite_b2s/WR.aw_channel_0/cmd_translator_0/incr_cmd_0/axaddr_incr_reg[9]/D
  -------------------------------------------------------------------    -------------------

                         (clock clk_fpga_0 rise edge)
                                                     10.000    10.000 r  
    PS7_X0Y0             PS7                          0.000    10.000 r  design_1_i/processing_system7_0/inst/PS7_i/FCLKCLK[0]
                         net (fo=1, routed)           1.101    11.101    design_1_i/processing_system7_0/inst/FCLK_CLK_unbuffered[0]
    BUFGCTRL_X0Y1        BUFG (Prop_bufg_I_O)         0.091    11.192 r  design_1_i/processing_system7_0/inst/buffer_fclk_clk_0.FCLK_CLK_0_BUFG/O
                         net (fo=1587, routed)        1.492    12.684    design_1_i/ps7_0_axi_periph/s00_couplers/auto_pc/inst/gen_axilite.gen_b2s_conv.axilite_b2s/WR.aw_channel_0/cmd_translator_0/incr_cmd_0/aclk
    SLICE_X15Y50         FDRE                                         r  design_1_i/ps7_0_axi_periph/s00_couplers/auto_pc/inst/gen_axilite.gen_b2s_conv.axilite_b2s/WR.aw_channel_0/cmd_translator_0/incr_cmd_0/axaddr_incr_reg[9]/C
                         clock pessimism              0.116    12.800    
                         clock uncertainty           -0.154    12.646    
    SLICE_X15Y50         FDRE (Setup_fdre_C_D)        0.075    12.721    design_1_i/ps7_0_axi_periph/s00_couplers/auto_pc/inst/gen_axilite.gen_b2s_conv.axilite_b2s/WR.aw_channel_0/cmd_translator_0/incr_cmd_0/axaddr_incr_reg[9]
  -------------------------------------------------------------------
                         required time                         12.721    
                         arrival time                          -9.089    
  -------------------------------------------------------------------
                         slack                                  3.631    

Slack (MET) :             3.647ns  (required time - arrival time)
  Source:                 design_1_i/processing_system7_0/inst/PS7_i/MAXIGP0ACLK
                            (rising edge-triggered cell PS7 clocked by clk_fpga_0  {rise@0.000ns fall@5.000ns period=10.000ns})
  Destination:            design_1_i/axi_dynclk_0/U0/axi_dynclk_S00_AXI_inst/slv_reg6_reg[0]/CE
                            (rising edge-triggered cell FDRE clocked by clk_fpga_0  {rise@0.000ns fall@5.000ns period=10.000ns})
  Path Group:             clk_fpga_0
  Path Type:              Setup (Max at Slow Process Corner)
  Requirement:            10.000ns  (clk_fpga_0 rise@10.000ns - clk_fpga_0 rise@0.000ns)
  Data Path Delay:        5.531ns  (logic 1.732ns (31.317%)  route 3.799ns (68.683%))
  Logic Levels:           3  (LUT4=1 LUT5=2)
  Clock Path Skew:        -0.255ns (DCD - SCD + CPR)
    Destination Clock Delay (DCD):    2.687ns = ( 12.688 - 10.000 ) 
    Source Clock Delay      (SCD):    3.073ns
    Clock Pessimism Removal (CPR):    0.130ns
  Clock Uncertainty:      0.154ns  ((TSJ^2 + TIJ^2)^1/2 + DJ) / 2 + PE
    Total System Jitter     (TSJ):    0.071ns
    Total Input Jitter      (TIJ):    0.300ns
    Discrete Jitter          (DJ):    0.000ns
    Phase Error              (PE):    0.000ns

    Location             Delay type                Incr(ns)  Path(ns)    Netlist Resource(s)
  -------------------------------------------------------------------    -------------------
                         (clock clk_fpga_0 rise edge)
                                                      0.000     0.000 r  
    PS7_X0Y0             PS7                          0.000     0.000 r  design_1_i/processing_system7_0/inst/PS7_i/FCLKCLK[0]
                         net (fo=1, routed)           1.207     1.207    design_1_i/processing_system7_0/inst/FCLK_CLK_unbuffered[0]
    BUFGCTRL_X0Y1        BUFG (Prop_bufg_I_O)         0.101     1.308 r  design_1_i/processing_system7_0/inst/buffer_fclk_clk_0.FCLK_CLK_0_BUFG/O
                         net (fo=1587, routed)        1.765     3.073    design_1_i/processing_system7_0/inst/M_AXI_GP0_ACLK
    PS7_X0Y0             PS7                                          r  design_1_i/processing_system7_0/inst/PS7_i/MAXIGP0ACLK
  -------------------------------------------------------------------    -------------------
    PS7_X0Y0             PS7 (Prop_ps7_MAXIGP0ACLK_MAXIGP0WVALID)
                                                      1.334     4.407 r  design_1_i/processing_system7_0/inst/PS7_i/MAXIGP0WVALID
                         net (fo=6, routed)           1.413     5.819    design_1_i/ps7_0_axi_periph/xbar/inst/gen_sasd.crossbar_sasd_0/addr_arbiter_inst/s_axi_wvalid[0]
    SLICE_X11Y53         LUT5 (Prop_lut5_I4_O)        0.124     5.943 r  design_1_i/ps7_0_axi_periph/xbar/inst/gen_sasd.crossbar_sasd_0/addr_arbiter_inst/m_axi_wvalid[2]_INST_0/O
                         net (fo=7, routed)           0.616     6.560    design_1_i/axi_dynclk_0/U0/axi_dynclk_S00_AXI_inst/s00_axi_wvalid
    SLICE_X12Y53         LUT4 (Prop_lut4_I2_O)        0.124     6.684 r  design_1_i/axi_dynclk_0/U0/axi_dynclk_S00_AXI_inst/slv_reg0[31]_i_2/O
                         net (fo=28, routed)          1.141     7.825    design_1_i/axi_dynclk_0/U0/axi_dynclk_S00_AXI_inst/slv_reg_wren__0
    SLICE_X21Y47         LUT5 (Prop_lut5_I0_O)        0.150     7.975 r  design_1_i/axi_dynclk_0/U0/axi_dynclk_S00_AXI_inst/slv_reg6[7]_i_1/O
                         net (fo=8, routed)           0.629     8.603    design_1_i/axi_dynclk_0/U0/axi_dynclk_S00_AXI_inst/slv_reg6[7]_i_1_n_0
    SLICE_X23Y45         FDRE                                         r  design_1_i/axi_dynclk_0/U0/axi_dynclk_S00_AXI_inst/slv_reg6_reg[0]/CE
  -------------------------------------------------------------------    -------------------

                         (clock clk_fpga_0 rise edge)
                                                     10.000    10.000 r  
    PS7_X0Y0             PS7                          0.000    10.000 r  design_1_i/processing_system7_0/inst/PS7_i/FCLKCLK[0]
                         net (fo=1, routed)           1.101    11.101    design_1_i/processing_system7_0/inst/FCLK_CLK_unbuffered[0]
    BUFGCTRL_X0Y1        BUFG (Prop_bufg_I_O)         0.091    11.192 r  design_1_i/processing_system7_0/inst/buffer_fclk_clk_0.FCLK_CLK_0_BUFG/O
                         net (fo=1587, routed)        1.495    12.687    design_1_i/axi_dynclk_0/U0/axi_dynclk_S00_AXI_inst/s00_axi_aclk
    SLICE_X23Y45         FDRE                                         r  design_1_i/axi_dynclk_0/U0/axi_dynclk_S00_AXI_inst/slv_reg6_reg[0]/C
                         clock pessimism              0.130    12.817    
                         clock uncertainty           -0.154    12.663    
    SLICE_X23Y45         FDRE (Setup_fdre_C_CE)      -0.413    12.250    design_1_i/axi_dynclk_0/U0/axi_dynclk_S00_AXI_inst/slv_reg6_reg[0]
  -------------------------------------------------------------------
                         required time                         12.250    
                         arrival time                          -8.603    
  -------------------------------------------------------------------
                         slack                                  3.647    

Slack (MET) :             3.647ns  (required time - arrival time)
  Source:                 design_1_i/processing_system7_0/inst/PS7_i/MAXIGP0ACLK
                            (rising edge-triggered cell PS7 clocked by clk_fpga_0  {rise@0.000ns fall@5.000ns period=10.000ns})
  Destination:            design_1_i/axi_dynclk_0/U0/axi_dynclk_S00_AXI_inst/slv_reg6_reg[2]/CE
                            (rising edge-triggered cell FDRE clocked by clk_fpga_0  {rise@0.000ns fall@5.000ns period=10.000ns})
  Path Group:             clk_fpga_0
  Path Type:              Setup (Max at Slow Process Corner)
  Requirement:            10.000ns  (clk_fpga_0 rise@10.000ns - clk_fpga_0 rise@0.000ns)
  Data Path Delay:        5.531ns  (logic 1.732ns (31.317%)  route 3.799ns (68.683%))
  Logic Levels:           3  (LUT4=1 LUT5=2)
  Clock Path Skew:        -0.255ns (DCD - SCD + CPR)
    Destination Clock Delay (DCD):    2.687ns = ( 12.688 - 10.000 ) 
    Source Clock Delay      (SCD):    3.073ns
    Clock Pessimism Removal (CPR):    0.130ns
  Clock Uncertainty:      0.154ns  ((TSJ^2 + TIJ^2)^1/2 + DJ) / 2 + PE
    Total System Jitter     (TSJ):    0.071ns
    Total Input Jitter      (TIJ):    0.300ns
    Discrete Jitter          (DJ):    0.000ns
    Phase Error              (PE):    0.000ns

    Location             Delay type                Incr(ns)  Path(ns)    Netlist Resource(s)
  -------------------------------------------------------------------    -------------------
                         (clock clk_fpga_0 rise edge)
                                                      0.000     0.000 r  
    PS7_X0Y0             PS7                          0.000     0.000 r  design_1_i/processing_system7_0/inst/PS7_i/FCLKCLK[0]
                         net (fo=1, routed)           1.207     1.207    design_1_i/processing_system7_0/inst/FCLK_CLK_unbuffered[0]
    BUFGCTRL_X0Y1        BUFG (Prop_bufg_I_O)         0.101     1.308 r  design_1_i/processing_system7_0/inst/buffer_fclk_clk_0.FCLK_CLK_0_BUFG/O
                         net (fo=1587, routed)        1.765     3.073    design_1_i/processing_system7_0/inst/M_AXI_GP0_ACLK
    PS7_X0Y0             PS7                                          r  design_1_i/processing_system7_0/inst/PS7_i/MAXIGP0ACLK
  -------------------------------------------------------------------    -------------------
    PS7_X0Y0             PS7 (Prop_ps7_MAXIGP0ACLK_MAXIGP0WVALID)
                                                      1.334     4.407 r  design_1_i/processing_system7_0/inst/PS7_i/MAXIGP0WVALID
                         net (fo=6, routed)           1.413     5.819    design_1_i/ps7_0_axi_periph/xbar/inst/gen_sasd.crossbar_sasd_0/addr_arbiter_inst/s_axi_wvalid[0]
    SLICE_X11Y53         LUT5 (Prop_lut5_I4_O)        0.124     5.943 r  design_1_i/ps7_0_axi_periph/xbar/inst/gen_sasd.crossbar_sasd_0/addr_arbiter_inst/m_axi_wvalid[2]_INST_0/O
                         net (fo=7, routed)           0.616     6.560    design_1_i/axi_dynclk_0/U0/axi_dynclk_S00_AXI_inst/s00_axi_wvalid
    SLICE_X12Y53         LUT4 (Prop_lut4_I2_O)        0.124     6.684 r  design_1_i/axi_dynclk_0/U0/axi_dynclk_S00_AXI_inst/slv_reg0[31]_i_2/O
                         net (fo=28, routed)          1.141     7.825    design_1_i/axi_dynclk_0/U0/axi_dynclk_S00_AXI_inst/slv_reg_wren__0
    SLICE_X21Y47         LUT5 (Prop_lut5_I0_O)        0.150     7.975 r  design_1_i/axi_dynclk_0/U0/axi_dynclk_S00_AXI_inst/slv_reg6[7]_i_1/O
                         net (fo=8, routed)           0.629     8.603    design_1_i/axi_dynclk_0/U0/axi_dynclk_S00_AXI_inst/slv_reg6[7]_i_1_n_0
    SLICE_X23Y45         FDRE                                         r  design_1_i/axi_dynclk_0/U0/axi_dynclk_S00_AXI_inst/slv_reg6_reg[2]/CE
  -------------------------------------------------------------------    -------------------

                         (clock clk_fpga_0 rise edge)
                                                     10.000    10.000 r  
    PS7_X0Y0             PS7                          0.000    10.000 r  design_1_i/processing_system7_0/inst/PS7_i/FCLKCLK[0]
                         net (fo=1, routed)           1.101    11.101    design_1_i/processing_system7_0/inst/FCLK_CLK_unbuffered[0]
    BUFGCTRL_X0Y1        BUFG (Prop_bufg_I_O)         0.091    11.192 r  design_1_i/processing_system7_0/inst/buffer_fclk_clk_0.FCLK_CLK_0_BUFG/O
                         net (fo=1587, routed)        1.495    12.687    design_1_i/axi_dynclk_0/U0/axi_dynclk_S00_AXI_inst/s00_axi_aclk
    SLICE_X23Y45         FDRE                                         r  design_1_i/axi_dynclk_0/U0/axi_dynclk_S00_AXI_inst/slv_reg6_reg[2]/C
                         clock pessimism              0.130    12.817    
                         clock uncertainty           -0.154    12.663    
    SLICE_X23Y45         FDRE (Setup_fdre_C_CE)      -0.413    12.250    design_1_i/axi_dynclk_0/U0/axi_dynclk_S00_AXI_inst/slv_reg6_reg[2]
  -------------------------------------------------------------------
                         required time                         12.250    
                         arrival time                          -8.603    
  -------------------------------------------------------------------
                         slack                                  3.647    





Min Delay Paths
--------------------------------------------------------------------------------------
Slack (MET) :             0.013ns  (arrival time - required time)
  Source:                 design_1_i/axi_dynclk_0/U0/axi_dynclk_S00_AXI_inst/slv_reg0_reg[8]/C
                            (rising edge-triggered cell FDRE clocked by clk_fpga_0  {rise@0.000ns fall@5.000ns period=10.000ns})
  Destination:            design_1_i/axi_dynclk_0/U0/axi_dynclk_S00_AXI_inst/axi_rdata_reg[8]/D
                            (rising edge-triggered cell FDRE clocked by clk_fpga_0  {rise@0.000ns fall@5.000ns period=10.000ns})
  Path Group:             clk_fpga_0
  Path Type:              Hold (Min at Fast Process Corner)
  Requirement:            0.000ns  (clk_fpga_0 rise@0.000ns - clk_fpga_0 rise@0.000ns)
  Data Path Delay:        0.413ns  (logic 0.259ns (62.748%)  route 0.154ns (37.252%))
  Logic Levels:           2  (LUT5=1 MUXF7=1)
  Clock Path Skew:        0.265ns (DCD - SCD - CPR)
    Destination Clock Delay (DCD):    1.199ns
    Source Clock Delay      (SCD):    0.900ns
    Clock Pessimism Removal (CPR):    0.034ns

    Location             Delay type                Incr(ns)  Path(ns)    Netlist Resource(s)
  -------------------------------------------------------------------    -------------------
                         (clock clk_fpga_0 rise edge)
                                                      0.000     0.000 r  
    PS7_X0Y0             PS7                          0.000     0.000 r  design_1_i/processing_system7_0/inst/PS7_i/FCLKCLK[0]
                         net (fo=1, routed)           0.315     0.315    design_1_i/processing_system7_0/inst/FCLK_CLK_unbuffered[0]
    BUFGCTRL_X0Y1        BUFG (Prop_bufg_I_O)         0.026     0.341 r  design_1_i/processing_system7_0/inst/buffer_fclk_clk_0.FCLK_CLK_0_BUFG/O
                         net (fo=1587, routed)        0.559     0.900    design_1_i/axi_dynclk_0/U0/axi_dynclk_S00_AXI_inst/s00_axi_aclk
    SLICE_X22Y40         FDRE                                         r  design_1_i/axi_dynclk_0/U0/axi_dynclk_S00_AXI_inst/slv_reg0_reg[8]/C
  -------------------------------------------------------------------    -------------------
    SLICE_X22Y40         FDRE (Prop_fdre_C_Q)         0.141     1.041 r  design_1_i/axi_dynclk_0/U0/axi_dynclk_S00_AXI_inst/slv_reg0_reg[8]/Q
                         net (fo=1, routed)           0.154     1.194    design_1_i/axi_dynclk_0/U0/axi_dynclk_S00_AXI_inst/slv_reg0[8]
    SLICE_X20Y41         LUT5 (Prop_lut5_I3_O)        0.045     1.239 r  design_1_i/axi_dynclk_0/U0/axi_dynclk_S00_AXI_inst/axi_rdata[8]_i_2/O
                         net (fo=1, routed)           0.000     1.239    design_1_i/axi_dynclk_0/U0/axi_dynclk_S00_AXI_inst/axi_rdata[8]_i_2_n_0
    SLICE_X20Y41         MUXF7 (Prop_muxf7_I0_O)      0.073     1.312 r  design_1_i/axi_dynclk_0/U0/axi_dynclk_S00_AXI_inst/axi_rdata_reg[8]_i_1/O
                         net (fo=1, routed)           0.000     1.312    design_1_i/axi_dynclk_0/U0/axi_dynclk_S00_AXI_inst/reg_data_out[8]
    SLICE_X20Y41         FDRE                                         r  design_1_i/axi_dynclk_0/U0/axi_dynclk_S00_AXI_inst/axi_rdata_reg[8]/D
  -------------------------------------------------------------------    -------------------

                         (clock clk_fpga_0 rise edge)
                                                      0.000     0.000 r  
    PS7_X0Y0             PS7                          0.000     0.000 r  design_1_i/processing_system7_0/inst/PS7_i/FCLKCLK[0]
                         net (fo=1, routed)           0.341     0.341    design_1_i/processing_system7_0/inst/FCLK_CLK_unbuffered[0]
    BUFGCTRL_X0Y1        BUFG (Prop_bufg_I_O)         0.029     0.370 r  design_1_i/processing_system7_0/inst/buffer_fclk_clk_0.FCLK_CLK_0_BUFG/O
                         net (fo=1587, routed)        0.829     1.199    design_1_i/axi_dynclk_0/U0/axi_dynclk_S00_AXI_inst/s00_axi_aclk
    SLICE_X20Y41         FDRE                                         r  design_1_i/axi_dynclk_0/U0/axi_dynclk_S00_AXI_inst/axi_rdata_reg[8]/C
                         clock pessimism             -0.034     1.165    
    SLICE_X20Y41         FDRE (Hold_fdre_C_D)         0.134     1.299    design_1_i/axi_dynclk_0/U0/axi_dynclk_S00_AXI_inst/axi_rdata_reg[8]
  -------------------------------------------------------------------
                         required time                         -1.299    
                         arrival time                           1.312    
  -------------------------------------------------------------------
                         slack                                  0.013    

Slack (MET) :             0.029ns  (arrival time - required time)
  Source:                 design_1_i/axi_dynclk_0/U0/axi_dynclk_S00_AXI_inst/slv_reg0_reg[12]/C
                            (rising edge-triggered cell FDRE clocked by clk_fpga_0  {rise@0.000ns fall@5.000ns period=10.000ns})
  Destination:            design_1_i/axi_dynclk_0/U0/axi_dynclk_S00_AXI_inst/axi_rdata_reg[12]/D
                            (rising edge-triggered cell FDRE clocked by clk_fpga_0  {rise@0.000ns fall@5.000ns period=10.000ns})
  Path Group:             clk_fpga_0
  Path Type:              Hold (Min at Fast Process Corner)
  Requirement:            0.000ns  (clk_fpga_0 rise@0.000ns - clk_fpga_0 rise@0.000ns)
  Data Path Delay:        0.399ns  (logic 0.248ns (62.156%)  route 0.151ns (37.844%))
  Logic Levels:           2  (LUT5=1 MUXF7=1)
  Clock Path Skew:        0.265ns (DCD - SCD - CPR)
    Destination Clock Delay (DCD):    1.199ns
    Source Clock Delay      (SCD):    0.900ns
    Clock Pessimism Removal (CPR):    0.034ns

    Location             Delay type                Incr(ns)  Path(ns)    Netlist Resource(s)
  -------------------------------------------------------------------    -------------------
                         (clock clk_fpga_0 rise edge)
                                                      0.000     0.000 r  
    PS7_X0Y0             PS7                          0.000     0.000 r  design_1_i/processing_system7_0/inst/PS7_i/FCLKCLK[0]
                         net (fo=1, routed)           0.315     0.315    design_1_i/processing_system7_0/inst/FCLK_CLK_unbuffered[0]
    BUFGCTRL_X0Y1        BUFG (Prop_bufg_I_O)         0.026     0.341 r  design_1_i/processing_system7_0/inst/buffer_fclk_clk_0.FCLK_CLK_0_BUFG/O
                         net (fo=1587, routed)        0.559     0.900    design_1_i/axi_dynclk_0/U0/axi_dynclk_S00_AXI_inst/s00_axi_aclk
    SLICE_X22Y40         FDRE                                         r  design_1_i/axi_dynclk_0/U0/axi_dynclk_S00_AXI_inst/slv_reg0_reg[12]/C
  -------------------------------------------------------------------    -------------------
    SLICE_X22Y40         FDRE (Prop_fdre_C_Q)         0.141     1.041 r  design_1_i/axi_dynclk_0/U0/axi_dynclk_S00_AXI_inst/slv_reg0_reg[12]/Q
                         net (fo=1, routed)           0.151     1.191    design_1_i/axi_dynclk_0/U0/axi_dynclk_S00_AXI_inst/slv_reg0[12]
    SLICE_X21Y40         LUT5 (Prop_lut5_I3_O)        0.045     1.236 r  design_1_i/axi_dynclk_0/U0/axi_dynclk_S00_AXI_inst/axi_rdata[12]_i_2/O
                         net (fo=1, routed)           0.000     1.236    design_1_i/axi_dynclk_0/U0/axi_dynclk_S00_AXI_inst/axi_rdata[12]_i_2_n_0
    SLICE_X21Y40         MUXF7 (Prop_muxf7_I0_O)      0.062     1.298 r  design_1_i/axi_dynclk_0/U0/axi_dynclk_S00_AXI_inst/axi_rdata_reg[12]_i_1/O
                         net (fo=1, routed)           0.000     1.298    design_1_i/axi_dynclk_0/U0/axi_dynclk_S00_AXI_inst/reg_data_out[12]
    SLICE_X21Y40         FDRE                                         r  design_1_i/axi_dynclk_0/U0/axi_dynclk_S00_AXI_inst/axi_rdata_reg[12]/D
  -------------------------------------------------------------------    -------------------

                         (clock clk_fpga_0 rise edge)
                                                      0.000     0.000 r  
    PS7_X0Y0             PS7                          0.000     0.000 r  design_1_i/processing_system7_0/inst/PS7_i/FCLKCLK[0]
                         net (fo=1, routed)           0.341     0.341    design_1_i/processing_system7_0/inst/FCLK_CLK_unbuffered[0]
    BUFGCTRL_X0Y1        BUFG (Prop_bufg_I_O)         0.029     0.370 r  design_1_i/processing_system7_0/inst/buffer_fclk_clk_0.FCLK_CLK_0_BUFG/O
                         net (fo=1587, routed)        0.829     1.199    design_1_i/axi_dynclk_0/U0/axi_dynclk_S00_AXI_inst/s00_axi_aclk
    SLICE_X21Y40         FDRE                                         r  design_1_i/axi_dynclk_0/U0/axi_dynclk_S00_AXI_inst/axi_rdata_reg[12]/C
                         clock pessimism             -0.034     1.165    
    SLICE_X21Y40         FDRE (Hold_fdre_C_D)         0.105     1.270    design_1_i/axi_dynclk_0/U0/axi_dynclk_S00_AXI_inst/axi_rdata_reg[12]
  -------------------------------------------------------------------
                         required time                         -1.270    
                         arrival time                           1.298    
  -------------------------------------------------------------------
                         slack                                  0.029    

Slack (MET) :             0.043ns  (arrival time - required time)
  Source:                 design_1_i/ps7_0_axi_periph/xbar/inst/gen_sasd.crossbar_sasd_0/reg_slice_r/m_payload_i_reg[12]/C
                            (rising edge-triggered cell FDRE clocked by clk_fpga_0  {rise@0.000ns fall@5.000ns period=10.000ns})
  Destination:            design_1_i/ps7_0_axi_periph/s00_couplers/auto_pc/inst/gen_axilite.gen_b2s_conv.axilite_b2s/RD.r_channel_0/rd_data_fifo_0/memory_reg[31][9]_srl32/D
                            (rising edge-triggered cell SRLC32E clocked by clk_fpga_0  {rise@0.000ns fall@5.000ns period=10.000ns})
  Path Group:             clk_fpga_0
  Path Type:              Hold (Min at Fast Process Corner)
  Requirement:            0.000ns  (clk_fpga_0 rise@0.000ns - clk_fpga_0 rise@0.000ns)
  Data Path Delay:        0.241ns  (logic 0.141ns (58.505%)  route 0.100ns (41.495%))
  Logic Levels:           0  
  Clock Path Skew:        0.015ns (DCD - SCD - CPR)
    Destination Clock Delay (DCD):    1.203ns
    Source Clock Delay      (SCD):    0.907ns
    Clock Pessimism Removal (CPR):    0.281ns

    Location             Delay type                Incr(ns)  Path(ns)    Netlist Resource(s)
  -------------------------------------------------------------------    -------------------
                         (clock clk_fpga_0 rise edge)
                                                      0.000     0.000 r  
    PS7_X0Y0             PS7                          0.000     0.000 r  design_1_i/processing_system7_0/inst/PS7_i/FCLKCLK[0]
                         net (fo=1, routed)           0.315     0.315    design_1_i/processing_system7_0/inst/FCLK_CLK_unbuffered[0]
    BUFGCTRL_X0Y1        BUFG (Prop_bufg_I_O)         0.026     0.341 r  design_1_i/processing_system7_0/inst/buffer_fclk_clk_0.FCLK_CLK_0_BUFG/O
                         net (fo=1587, routed)        0.566     0.907    design_1_i/ps7_0_axi_periph/xbar/inst/gen_sasd.crossbar_sasd_0/reg_slice_r/aclk
    SLICE_X13Y43         FDRE                                         r  design_1_i/ps7_0_axi_periph/xbar/inst/gen_sasd.crossbar_sasd_0/reg_slice_r/m_payload_i_reg[12]/C
  -------------------------------------------------------------------    -------------------
    SLICE_X13Y43         FDRE (Prop_fdre_C_Q)         0.141     1.048 r  design_1_i/ps7_0_axi_periph/xbar/inst/gen_sasd.crossbar_sasd_0/reg_slice_r/m_payload_i_reg[12]/Q
                         net (fo=1, routed)           0.100     1.148    design_1_i/ps7_0_axi_periph/s00_couplers/auto_pc/inst/gen_axilite.gen_b2s_conv.axilite_b2s/RD.r_channel_0/rd_data_fifo_0/in[9]
    SLICE_X10Y42         SRLC32E                                      r  design_1_i/ps7_0_axi_periph/s00_couplers/auto_pc/inst/gen_axilite.gen_b2s_conv.axilite_b2s/RD.r_channel_0/rd_data_fifo_0/memory_reg[31][9]_srl32/D
  -------------------------------------------------------------------    -------------------

                         (clock clk_fpga_0 rise edge)
                                                      0.000     0.000 r  
    PS7_X0Y0             PS7                          0.000     0.000 r  design_1_i/processing_system7_0/inst/PS7_i/FCLKCLK[0]
                         net (fo=1, routed)           0.341     0.341    design_1_i/processing_system7_0/inst/FCLK_CLK_unbuffered[0]
    BUFGCTRL_X0Y1        BUFG (Prop_bufg_I_O)         0.029     0.370 r  design_1_i/processing_system7_0/inst/buffer_fclk_clk_0.FCLK_CLK_0_BUFG/O
                         net (fo=1587, routed)        0.833     1.203    design_1_i/ps7_0_axi_periph/s00_couplers/auto_pc/inst/gen_axilite.gen_b2s_conv.axilite_b2s/RD.r_channel_0/rd_data_fifo_0/aclk
    SLICE_X10Y42         SRLC32E                                      r  design_1_i/ps7_0_axi_periph/s00_couplers/auto_pc/inst/gen_axilite.gen_b2s_conv.axilite_b2s/RD.r_channel_0/rd_data_fifo_0/memory_reg[31][9]_srl32/CLK
                         clock pessimism             -0.281     0.922    
    SLICE_X10Y42         SRLC32E (Hold_srlc32e_CLK_D)
                                                      0.183     1.105    design_1_i/ps7_0_axi_periph/s00_couplers/auto_pc/inst/gen_axilite.gen_b2s_conv.axilite_b2s/RD.r_channel_0/rd_data_fifo_0/memory_reg[31][9]_srl32
  -------------------------------------------------------------------
                         required time                         -1.105    
                         arrival time                           1.148    
  -------------------------------------------------------------------
                         slack                                  0.043    

Slack (MET) :             0.051ns  (arrival time - required time)
  Source:                 design_1_i/axi_dynclk_0/U0/axi_dynclk_S00_AXI_inst/axi_araddr_reg[4]/C
                            (rising edge-triggered cell FDSE clocked by clk_fpga_0  {rise@0.000ns fall@5.000ns period=10.000ns})
  Destination:            design_1_i/axi_dynclk_0/U0/axi_dynclk_S00_AXI_inst/axi_rdata_reg[1]/D
                            (rising edge-triggered cell FDRE clocked by clk_fpga_0  {rise@0.000ns fall@5.000ns period=10.000ns})
  Path Group:             clk_fpga_0
  Path Type:              Hold (Min at Fast Process Corner)
  Requirement:            0.000ns  (clk_fpga_0 rise@0.000ns - clk_fpga_0 rise@0.000ns)
  Data Path Delay:        0.454ns  (logic 0.231ns (50.872%)  route 0.223ns (49.128%))
  Logic Levels:           1  (MUXF7=1)
  Clock Path Skew:        0.269ns (DCD - SCD - CPR)
    Destination Clock Delay (DCD):    1.201ns
    Source Clock Delay      (SCD):    0.903ns
    Clock Pessimism Removal (CPR):    0.029ns

    Location             Delay type                Incr(ns)  Path(ns)    Netlist Resource(s)
  -------------------------------------------------------------------    -------------------
                         (clock clk_fpga_0 rise edge)
                                                      0.000     0.000 r  
    PS7_X0Y0             PS7                          0.000     0.000 r  design_1_i/processing_system7_0/inst/PS7_i/FCLKCLK[0]
                         net (fo=1, routed)           0.315     0.315    design_1_i/processing_system7_0/inst/FCLK_CLK_unbuffered[0]
    BUFGCTRL_X0Y1        BUFG (Prop_bufg_I_O)         0.026     0.341 r  design_1_i/processing_system7_0/inst/buffer_fclk_clk_0.FCLK_CLK_0_BUFG/O
                         net (fo=1587, routed)        0.562     0.903    design_1_i/axi_dynclk_0/U0/axi_dynclk_S00_AXI_inst/s00_axi_aclk
    SLICE_X14Y51         FDSE                                         r  design_1_i/axi_dynclk_0/U0/axi_dynclk_S00_AXI_inst/axi_araddr_reg[4]/C
  -------------------------------------------------------------------    -------------------
    SLICE_X14Y51         FDSE (Prop_fdse_C_Q)         0.141     1.044 r  design_1_i/axi_dynclk_0/U0/axi_dynclk_S00_AXI_inst/axi_araddr_reg[4]/Q
                         net (fo=33, routed)          0.223     1.267    design_1_i/axi_dynclk_0/U0/axi_dynclk_S00_AXI_inst/sel0[2]
    SLICE_X20Y48         MUXF7 (Prop_muxf7_S_O)       0.090     1.357 r  design_1_i/axi_dynclk_0/U0/axi_dynclk_S00_AXI_inst/axi_rdata_reg[1]_i_1/O
                         net (fo=1, routed)           0.000     1.357    design_1_i/axi_dynclk_0/U0/axi_dynclk_S00_AXI_inst/reg_data_out[1]
    SLICE_X20Y48         FDRE                                         r  design_1_i/axi_dynclk_0/U0/axi_dynclk_S00_AXI_inst/axi_rdata_reg[1]/D
  -------------------------------------------------------------------    -------------------

                         (clock clk_fpga_0 rise edge)
                                                      0.000     0.000 r  
    PS7_X0Y0             PS7                          0.000     0.000 r  design_1_i/processing_system7_0/inst/PS7_i/FCLKCLK[0]
                         net (fo=1, routed)           0.341     0.341    design_1_i/processing_system7_0/inst/FCLK_CLK_unbuffered[0]
    BUFGCTRL_X0Y1        BUFG (Prop_bufg_I_O)         0.029     0.370 r  design_1_i/processing_system7_0/inst/buffer_fclk_clk_0.FCLK_CLK_0_BUFG/O
                         net (fo=1587, routed)        0.831     1.201    design_1_i/axi_dynclk_0/U0/axi_dynclk_S00_AXI_inst/s00_axi_aclk
    SLICE_X20Y48         FDRE                                         r  design_1_i/axi_dynclk_0/U0/axi_dynclk_S00_AXI_inst/axi_rdata_reg[1]/C
                         clock pessimism             -0.029     1.172    
    SLICE_X20Y48         FDRE (Hold_fdre_C_D)         0.134     1.306    design_1_i/axi_dynclk_0/U0/axi_dynclk_S00_AXI_inst/axi_rdata_reg[1]
  -------------------------------------------------------------------
                         required time                         -1.306    
                         arrival time                           1.357    
  -------------------------------------------------------------------
                         slack                                  0.051    

Slack (MET) :             0.059ns  (arrival time - required time)
  Source:                 design_1_i/ps7_0_axi_periph/xbar/inst/gen_sasd.crossbar_sasd_0/reg_slice_r/m_payload_i_reg[1]/C
                            (rising edge-triggered cell FDRE clocked by clk_fpga_0  {rise@0.000ns fall@5.000ns period=10.000ns})
  Destination:            design_1_i/ps7_0_axi_periph/s00_couplers/auto_pc/inst/gen_axilite.gen_b2s_conv.axilite_b2s/RD.r_channel_0/rd_data_fifo_0/memory_reg[31][32]_srl32/D
                            (rising edge-triggered cell SRLC32E clocked by clk_fpga_0  {rise@0.000ns fall@5.000ns period=10.000ns})
  Path Group:             clk_fpga_0
  Path Type:              Hold (Min at Fast Process Corner)
  Requirement:            0.000ns  (clk_fpga_0 rise@0.000ns - clk_fpga_0 rise@0.000ns)
  Data Path Delay:        0.257ns  (logic 0.141ns (54.828%)  route 0.116ns (45.172%))
  Logic Levels:           0  
  Clock Path Skew:        0.015ns (DCD - SCD - CPR)
    Destination Clock Delay (DCD):    1.204ns
    Source Clock Delay      (SCD):    0.908ns
    Clock Pessimism Removal (CPR):    0.281ns

    Location             Delay type                Incr(ns)  Path(ns)    Netlist Resource(s)
  -------------------------------------------------------------------    -------------------
                         (clock clk_fpga_0 rise edge)
                                                      0.000     0.000 r  
    PS7_X0Y0             PS7                          0.000     0.000 r  design_1_i/processing_system7_0/inst/PS7_i/FCLKCLK[0]
                         net (fo=1, routed)           0.315     0.315    design_1_i/processing_system7_0/inst/FCLK_CLK_unbuffered[0]
    BUFGCTRL_X0Y1        BUFG (Prop_bufg_I_O)         0.026     0.341 r  design_1_i/processing_system7_0/inst/buffer_fclk_clk_0.FCLK_CLK_0_BUFG/O
                         net (fo=1587, routed)        0.567     0.908    design_1_i/ps7_0_axi_periph/xbar/inst/gen_sasd.crossbar_sasd_0/reg_slice_r/aclk
    SLICE_X13Y47         FDRE                                         r  design_1_i/ps7_0_axi_periph/xbar/inst/gen_sasd.crossbar_sasd_0/reg_slice_r/m_payload_i_reg[1]/C
  -------------------------------------------------------------------    -------------------
    SLICE_X13Y47         FDRE (Prop_fdre_C_Q)         0.141     1.049 r  design_1_i/ps7_0_axi_periph/xbar/inst/gen_sasd.crossbar_sasd_0/reg_slice_r/m_payload_i_reg[1]/Q
                         net (fo=1, routed)           0.116     1.165    design_1_i/ps7_0_axi_periph/s00_couplers/auto_pc/inst/gen_axilite.gen_b2s_conv.axilite_b2s/RD.r_channel_0/rd_data_fifo_0/in[32]
    SLICE_X12Y46         SRLC32E                                      r  design_1_i/ps7_0_axi_periph/s00_couplers/auto_pc/inst/gen_axilite.gen_b2s_conv.axilite_b2s/RD.r_channel_0/rd_data_fifo_0/memory_reg[31][32]_srl32/D
  -------------------------------------------------------------------    -------------------

                         (clock clk_fpga_0 rise edge)
                                                      0.000     0.000 r  
    PS7_X0Y0             PS7                          0.000     0.000 r  design_1_i/processing_system7_0/inst/PS7_i/FCLKCLK[0]
                         net (fo=1, routed)           0.341     0.341    design_1_i/processing_system7_0/inst/FCLK_CLK_unbuffered[0]
    BUFGCTRL_X0Y1        BUFG (Prop_bufg_I_O)         0.029     0.370 r  design_1_i/processing_system7_0/inst/buffer_fclk_clk_0.FCLK_CLK_0_BUFG/O
                         net (fo=1587, routed)        0.834     1.204    design_1_i/ps7_0_axi_periph/s00_couplers/auto_pc/inst/gen_axilite.gen_b2s_conv.axilite_b2s/RD.r_channel_0/rd_data_fifo_0/aclk
    SLICE_X12Y46         SRLC32E                                      r  design_1_i/ps7_0_axi_periph/s00_couplers/auto_pc/inst/gen_axilite.gen_b2s_conv.axilite_b2s/RD.r_channel_0/rd_data_fifo_0/memory_reg[31][32]_srl32/CLK
                         clock pessimism             -0.281     0.923    
    SLICE_X12Y46         SRLC32E (Hold_srlc32e_CLK_D)
                                                      0.183     1.105    design_1_i/ps7_0_axi_periph/s00_couplers/auto_pc/inst/gen_axilite.gen_b2s_conv.axilite_b2s/RD.r_channel_0/rd_data_fifo_0/memory_reg[31][32]_srl32
  -------------------------------------------------------------------
                         required time                         -1.106    
                         arrival time                           1.165    
  -------------------------------------------------------------------
                         slack                                  0.059    

Slack (MET) :             0.064ns  (arrival time - required time)
  Source:                 design_1_i/ps7_0_axi_periph/s00_couplers/auto_pc/inst/gen_axilite.gen_b2s_conv.axilite_b2s/SI_REG/aw.aw_pipe/m_payload_i_reg[9]/C
                            (rising edge-triggered cell FDRE clocked by clk_fpga_0  {rise@0.000ns fall@5.000ns period=10.000ns})
  Destination:            design_1_i/ps7_0_axi_periph/s00_couplers/auto_pc/inst/gen_axilite.gen_b2s_conv.axilite_b2s/WR.aw_channel_0/cmd_translator_0/wrap_cmd_0/axaddr_wrap_reg[9]/D
                            (rising edge-triggered cell FDRE clocked by clk_fpga_0  {rise@0.000ns fall@5.000ns period=10.000ns})
  Path Group:             clk_fpga_0
  Path Type:              Hold (Min at Fast Process Corner)
  Requirement:            0.000ns  (clk_fpga_0 rise@0.000ns - clk_fpga_0 rise@0.000ns)
  Data Path Delay:        0.452ns  (logic 0.246ns (54.436%)  route 0.206ns (45.564%))
  Logic Levels:           1  (LUT6=1)
  Clock Path Skew:        0.267ns (DCD - SCD - CPR)
    Destination Clock Delay (DCD):    1.204ns
    Source Clock Delay      (SCD):    0.908ns
    Clock Pessimism Removal (CPR):    0.029ns

    Location             Delay type                Incr(ns)  Path(ns)    Netlist Resource(s)
  -------------------------------------------------------------------    -------------------
                         (clock clk_fpga_0 rise edge)
                                                      0.000     0.000 r  
    PS7_X0Y0             PS7                          0.000     0.000 r  design_1_i/processing_system7_0/inst/PS7_i/FCLKCLK[0]
                         net (fo=1, routed)           0.315     0.315    design_1_i/processing_system7_0/inst/FCLK_CLK_unbuffered[0]
    BUFGCTRL_X0Y1        BUFG (Prop_bufg_I_O)         0.026     0.341 r  design_1_i/processing_system7_0/inst/buffer_fclk_clk_0.FCLK_CLK_0_BUFG/O
                         net (fo=1587, routed)        0.567     0.908    design_1_i/ps7_0_axi_periph/s00_couplers/auto_pc/inst/gen_axilite.gen_b2s_conv.axilite_b2s/SI_REG/aw.aw_pipe/aclk
    SLICE_X6Y49          FDRE                                         r  design_1_i/ps7_0_axi_periph/s00_couplers/auto_pc/inst/gen_axilite.gen_b2s_conv.axilite_b2s/SI_REG/aw.aw_pipe/m_payload_i_reg[9]/C
  -------------------------------------------------------------------    -------------------
    SLICE_X6Y49          FDRE (Prop_fdre_C_Q)         0.148     1.056 r  design_1_i/ps7_0_axi_periph/s00_couplers/auto_pc/inst/gen_axilite.gen_b2s_conv.axilite_b2s/SI_REG/aw.aw_pipe/m_payload_i_reg[9]/Q
                         net (fo=3, routed)           0.206     1.261    design_1_i/ps7_0_axi_periph/s00_couplers/auto_pc/inst/gen_axilite.gen_b2s_conv.axilite_b2s/WR.aw_channel_0/aw_cmd_fsm_0/axaddr_offset_r_reg[3]_0[9]
    SLICE_X10Y50         LUT6 (Prop_lut6_I4_O)        0.098     1.359 r  design_1_i/ps7_0_axi_periph/s00_couplers/auto_pc/inst/gen_axilite.gen_b2s_conv.axilite_b2s/WR.aw_channel_0/aw_cmd_fsm_0/axaddr_wrap[9]_i_1/O
                         net (fo=1, routed)           0.000     1.359    design_1_i/ps7_0_axi_periph/s00_couplers/auto_pc/inst/gen_axilite.gen_b2s_conv.axilite_b2s/WR.aw_channel_0/cmd_translator_0/wrap_cmd_0/axaddr_wrap_reg[11]_1[9]
    SLICE_X10Y50         FDRE                                         r  design_1_i/ps7_0_axi_periph/s00_couplers/auto_pc/inst/gen_axilite.gen_b2s_conv.axilite_b2s/WR.aw_channel_0/cmd_translator_0/wrap_cmd_0/axaddr_wrap_reg[9]/D
  -------------------------------------------------------------------    -------------------

                         (clock clk_fpga_0 rise edge)
                                                      0.000     0.000 r  
    PS7_X0Y0             PS7                          0.000     0.000 r  design_1_i/processing_system7_0/inst/PS7_i/FCLKCLK[0]
                         net (fo=1, routed)           0.341     0.341    design_1_i/processing_system7_0/inst/FCLK_CLK_unbuffered[0]
    BUFGCTRL_X0Y1        BUFG (Prop_bufg_I_O)         0.029     0.370 r  design_1_i/processing_system7_0/inst/buffer_fclk_clk_0.FCLK_CLK_0_BUFG/O
                         net (fo=1587, routed)        0.834     1.204    design_1_i/ps7_0_axi_periph/s00_couplers/auto_pc/inst/gen_axilite.gen_b2s_conv.axilite_b2s/WR.aw_channel_0/cmd_translator_0/wrap_cmd_0/aclk
    SLICE_X10Y50         FDRE                                         r  design_1_i/ps7_0_axi_periph/s00_couplers/auto_pc/inst/gen_axilite.gen_b2s_conv.axilite_b2s/WR.aw_channel_0/cmd_translator_0/wrap_cmd_0/axaddr_wrap_reg[9]/C
                         clock pessimism             -0.029     1.175    
    SLICE_X10Y50         FDRE (Hold_fdre_C_D)         0.121     1.296    design_1_i/ps7_0_axi_periph/s00_couplers/auto_pc/inst/gen_axilite.gen_b2s_conv.axilite_b2s/WR.aw_channel_0/cmd_translator_0/wrap_cmd_0/axaddr_wrap_reg[9]
  -------------------------------------------------------------------
                         required time                         -1.296    
                         arrival time                           1.359    
  -------------------------------------------------------------------
                         slack                                  0.064    

Slack (MET) :             0.067ns  (arrival time - required time)
  Source:                 design_1_i/ps7_0_axi_periph/xbar/inst/gen_sasd.crossbar_sasd_0/reg_slice_r/m_payload_i_reg[14]/C
                            (rising edge-triggered cell FDRE clocked by clk_fpga_0  {rise@0.000ns fall@5.000ns period=10.000ns})
  Destination:            design_1_i/ps7_0_axi_periph/s00_couplers/auto_pc/inst/gen_axilite.gen_b2s_conv.axilite_b2s/RD.r_channel_0/rd_data_fifo_0/memory_reg[31][11]_srl32/D
                            (rising edge-triggered cell SRLC32E clocked by clk_fpga_0  {rise@0.000ns fall@5.000ns period=10.000ns})
  Path Group:             clk_fpga_0
  Path Type:              Hold (Min at Fast Process Corner)
  Requirement:            0.000ns  (clk_fpga_0 rise@0.000ns - clk_fpga_0 rise@0.000ns)
  Data Path Delay:        0.197ns  (logic 0.141ns (71.611%)  route 0.056ns (28.389%))
  Logic Levels:           0  
  Clock Path Skew:        0.013ns (DCD - SCD - CPR)
    Destination Clock Delay (DCD):    1.204ns
    Source Clock Delay      (SCD):    0.907ns
    Clock Pessimism Removal (CPR):    0.284ns

    Location             Delay type                Incr(ns)  Path(ns)    Netlist Resource(s)
  -------------------------------------------------------------------    -------------------
                         (clock clk_fpga_0 rise edge)
                                                      0.000     0.000 r  
    PS7_X0Y0             PS7                          0.000     0.000 r  design_1_i/processing_system7_0/inst/PS7_i/FCLKCLK[0]
                         net (fo=1, routed)           0.315     0.315    design_1_i/processing_system7_0/inst/FCLK_CLK_unbuffered[0]
    BUFGCTRL_X0Y1        BUFG (Prop_bufg_I_O)         0.026     0.341 r  design_1_i/processing_system7_0/inst/buffer_fclk_clk_0.FCLK_CLK_0_BUFG/O
                         net (fo=1587, routed)        0.566     0.907    design_1_i/ps7_0_axi_periph/xbar/inst/gen_sasd.crossbar_sasd_0/reg_slice_r/aclk
    SLICE_X13Y46         FDRE                                         r  design_1_i/ps7_0_axi_periph/xbar/inst/gen_sasd.crossbar_sasd_0/reg_slice_r/m_payload_i_reg[14]/C
  -------------------------------------------------------------------    -------------------
    SLICE_X13Y46         FDRE (Prop_fdre_C_Q)         0.141     1.048 r  design_1_i/ps7_0_axi_periph/xbar/inst/gen_sasd.crossbar_sasd_0/reg_slice_r/m_payload_i_reg[14]/Q
                         net (fo=1, routed)           0.056     1.103    design_1_i/ps7_0_axi_periph/s00_couplers/auto_pc/inst/gen_axilite.gen_b2s_conv.axilite_b2s/RD.r_channel_0/rd_data_fifo_0/in[11]
    SLICE_X12Y46         SRLC32E                                      r  design_1_i/ps7_0_axi_periph/s00_couplers/auto_pc/inst/gen_axilite.gen_b2s_conv.axilite_b2s/RD.r_channel_0/rd_data_fifo_0/memory_reg[31][11]_srl32/D
  -------------------------------------------------------------------    -------------------

                         (clock clk_fpga_0 rise edge)
                                                      0.000     0.000 r  
    PS7_X0Y0             PS7                          0.000     0.000 r  design_1_i/processing_system7_0/inst/PS7_i/FCLKCLK[0]
                         net (fo=1, routed)           0.341     0.341    design_1_i/processing_system7_0/inst/FCLK_CLK_unbuffered[0]
    BUFGCTRL_X0Y1        BUFG (Prop_bufg_I_O)         0.029     0.370 r  design_1_i/processing_system7_0/inst/buffer_fclk_clk_0.FCLK_CLK_0_BUFG/O
                         net (fo=1587, routed)        0.834     1.204    design_1_i/ps7_0_axi_periph/s00_couplers/auto_pc/inst/gen_axilite.gen_b2s_conv.axilite_b2s/RD.r_channel_0/rd_data_fifo_0/aclk
    SLICE_X12Y46         SRLC32E                                      r  design_1_i/ps7_0_axi_periph/s00_couplers/auto_pc/inst/gen_axilite.gen_b2s_conv.axilite_b2s/RD.r_channel_0/rd_data_fifo_0/memory_reg[31][11]_srl32/CLK
                         clock pessimism             -0.284     0.920    
    SLICE_X12Y46         SRLC32E (Hold_srlc32e_CLK_D)
                                                      0.117     1.037    design_1_i/ps7_0_axi_periph/s00_couplers/auto_pc/inst/gen_axilite.gen_b2s_conv.axilite_b2s/RD.r_channel_0/rd_data_fifo_0/memory_reg[31][11]_srl32
  -------------------------------------------------------------------
                         required time                         -1.036    
                         arrival time                           1.103    
  -------------------------------------------------------------------
                         slack                                  0.067    

Slack (MET) :             0.076ns  (arrival time - required time)
  Source:                 design_1_i/axi_dynclk_0/U0/Inst_mmcme2_drp/FSM_onehot_current_state_reg[7]/C
                            (rising edge-triggered cell FDRE clocked by clk_fpga_0  {rise@0.000ns fall@5.000ns period=10.000ns})
  Destination:            design_1_i/axi_dynclk_0/U0/Inst_mmcme2_drp/DWE_reg/D
                            (rising edge-triggered cell FDRE clocked by clk_fpga_0  {rise@0.000ns fall@5.000ns period=10.000ns})
  Path Group:             clk_fpga_0
  Path Type:              Hold (Min at Fast Process Corner)
  Requirement:            0.000ns  (clk_fpga_0 rise@0.000ns - clk_fpga_0 rise@0.000ns)
  Data Path Delay:        0.354ns  (logic 0.128ns (36.177%)  route 0.226ns (63.823%))
  Logic Levels:           0  
  Clock Path Skew:        0.270ns (DCD - SCD - CPR)
    Destination Clock Delay (DCD):    1.231ns
    Source Clock Delay      (SCD):    0.932ns
    Clock Pessimism Removal (CPR):    0.029ns

    Location             Delay type                Incr(ns)  Path(ns)    Netlist Resource(s)
  -------------------------------------------------------------------    -------------------
                         (clock clk_fpga_0 rise edge)
                                                      0.000     0.000 r  
    PS7_X0Y0             PS7                          0.000     0.000 r  design_1_i/processing_system7_0/inst/PS7_i/FCLKCLK[0]
                         net (fo=1, routed)           0.315     0.315    design_1_i/processing_system7_0/inst/FCLK_CLK_unbuffered[0]
    BUFGCTRL_X0Y1        BUFG (Prop_bufg_I_O)         0.026     0.341 r  design_1_i/processing_system7_0/inst/buffer_fclk_clk_0.FCLK_CLK_0_BUFG/O
                         net (fo=1587, routed)        0.591     0.932    design_1_i/axi_dynclk_0/U0/Inst_mmcme2_drp/s00_axi_aclk
    SLICE_X37Y48         FDRE                                         r  design_1_i/axi_dynclk_0/U0/Inst_mmcme2_drp/FSM_onehot_current_state_reg[7]/C
  -------------------------------------------------------------------    -------------------
    SLICE_X37Y48         FDRE (Prop_fdre_C_Q)         0.128     1.060 r  design_1_i/axi_dynclk_0/U0/Inst_mmcme2_drp/FSM_onehot_current_state_reg[7]/Q
                         net (fo=8, routed)           0.226     1.285    design_1_i/axi_dynclk_0/U0/Inst_mmcme2_drp/next_dwe
    SLICE_X42Y51         FDRE                                         r  design_1_i/axi_dynclk_0/U0/Inst_mmcme2_drp/DWE_reg/D
  -------------------------------------------------------------------    -------------------

                         (clock clk_fpga_0 rise edge)
                                                      0.000     0.000 r  
    PS7_X0Y0             PS7                          0.000     0.000 r  design_1_i/processing_system7_0/inst/PS7_i/FCLKCLK[0]
                         net (fo=1, routed)           0.341     0.341    design_1_i/processing_system7_0/inst/FCLK_CLK_unbuffered[0]
    BUFGCTRL_X0Y1        BUFG (Prop_bufg_I_O)         0.029     0.370 r  design_1_i/processing_system7_0/inst/buffer_fclk_clk_0.FCLK_CLK_0_BUFG/O
                         net (fo=1587, routed)        0.861     1.231    design_1_i/axi_dynclk_0/U0/Inst_mmcme2_drp/s00_axi_aclk
    SLICE_X42Y51         FDRE                                         r  design_1_i/axi_dynclk_0/U0/Inst_mmcme2_drp/DWE_reg/C
                         clock pessimism             -0.029     1.202    
    SLICE_X42Y51         FDRE (Hold_fdre_C_D)         0.007     1.209    design_1_i/axi_dynclk_0/U0/Inst_mmcme2_drp/DWE_reg
  -------------------------------------------------------------------
                         required time                         -1.209    
                         arrival time                           1.285    
  -------------------------------------------------------------------
                         slack                                  0.076    

Slack (MET) :             0.078ns  (arrival time - required time)
  Source:                 design_1_i/ps7_0_axi_periph/xbar/inst/gen_sasd.crossbar_sasd_0/addr_arbiter_inst/gen_no_arbiter.m_amesg_i_reg[4]/C
                            (rising edge-triggered cell FDRE clocked by clk_fpga_0  {rise@0.000ns fall@5.000ns period=10.000ns})
  Destination:            design_1_i/axi_gpio_0/U0/AXI_LITE_IPIF_I/I_SLAVE_ATTACHMENT/bus2ip_addr_i_reg[3]/D
                            (rising edge-triggered cell FDRE clocked by clk_fpga_0  {rise@0.000ns fall@5.000ns period=10.000ns})
  Path Group:             clk_fpga_0
  Path Type:              Hold (Min at Fast Process Corner)
  Requirement:            0.000ns  (clk_fpga_0 rise@0.000ns - clk_fpga_0 rise@0.000ns)
  Data Path Delay:        0.404ns  (logic 0.164ns (40.620%)  route 0.240ns (59.380%))
  Logic Levels:           0  
  Clock Path Skew:        0.266ns (DCD - SCD - CPR)
    Destination Clock Delay (DCD):    1.203ns
    Source Clock Delay      (SCD):    0.908ns
    Clock Pessimism Removal (CPR):    0.029ns

    Location             Delay type                Incr(ns)  Path(ns)    Netlist Resource(s)
  -------------------------------------------------------------------    -------------------
                         (clock clk_fpga_0 rise edge)
                                                      0.000     0.000 r  
    PS7_X0Y0             PS7                          0.000     0.000 r  design_1_i/processing_system7_0/inst/PS7_i/FCLKCLK[0]
                         net (fo=1, routed)           0.315     0.315    design_1_i/processing_system7_0/inst/FCLK_CLK_unbuffered[0]
    BUFGCTRL_X0Y1        BUFG (Prop_bufg_I_O)         0.026     0.341 r  design_1_i/processing_system7_0/inst/buffer_fclk_clk_0.FCLK_CLK_0_BUFG/O
                         net (fo=1587, routed)        0.567     0.908    design_1_i/ps7_0_axi_periph/xbar/inst/gen_sasd.crossbar_sasd_0/addr_arbiter_inst/aclk
    SLICE_X10Y47         FDRE                                         r  design_1_i/ps7_0_axi_periph/xbar/inst/gen_sasd.crossbar_sasd_0/addr_arbiter_inst/gen_no_arbiter.m_amesg_i_reg[4]/C
  -------------------------------------------------------------------    -------------------
    SLICE_X10Y47         FDRE (Prop_fdre_C_Q)         0.164     1.072 r  design_1_i/ps7_0_axi_periph/xbar/inst/gen_sasd.crossbar_sasd_0/addr_arbiter_inst/gen_no_arbiter.m_amesg_i_reg[4]/Q
                         net (fo=6, routed)           0.240     1.311    design_1_i/axi_gpio_0/U0/AXI_LITE_IPIF_I/I_SLAVE_ATTACHMENT/s_axi_araddr[1]
    SLICE_X10Y55         FDRE                                         r  design_1_i/axi_gpio_0/U0/AXI_LITE_IPIF_I/I_SLAVE_ATTACHMENT/bus2ip_addr_i_reg[3]/D
  -------------------------------------------------------------------    -------------------

                         (clock clk_fpga_0 rise edge)
                                                      0.000     0.000 r  
    PS7_X0Y0             PS7                          0.000     0.000 r  design_1_i/processing_system7_0/inst/PS7_i/FCLKCLK[0]
                         net (fo=1, routed)           0.341     0.341    design_1_i/processing_system7_0/inst/FCLK_CLK_unbuffered[0]
    BUFGCTRL_X0Y1        BUFG (Prop_bufg_I_O)         0.029     0.370 r  design_1_i/processing_system7_0/inst/buffer_fclk_clk_0.FCLK_CLK_0_BUFG/O
                         net (fo=1587, routed)        0.833     1.203    design_1_i/axi_gpio_0/U0/AXI_LITE_IPIF_I/I_SLAVE_ATTACHMENT/s_axi_aclk
    SLICE_X10Y55         FDRE                                         r  design_1_i/axi_gpio_0/U0/AXI_LITE_IPIF_I/I_SLAVE_ATTACHMENT/bus2ip_addr_i_reg[3]/C
                         clock pessimism             -0.029     1.174    
    SLICE_X10Y55         FDRE (Hold_fdre_C_D)         0.059     1.233    design_1_i/axi_gpio_0/U0/AXI_LITE_IPIF_I/I_SLAVE_ATTACHMENT/bus2ip_addr_i_reg[3]
  -------------------------------------------------------------------
                         required time                         -1.233    
                         arrival time                           1.311    
  -------------------------------------------------------------------
                         slack                                  0.078    

Slack (MET) :             0.083ns  (arrival time - required time)
  Source:                 design_1_i/ps7_0_axi_periph/s00_couplers/auto_pc/inst/gen_axilite.gen_b2s_conv.axilite_b2s/RD.r_channel_0/r_arid_r_reg[2]/C
                            (rising edge-triggered cell FDRE clocked by clk_fpga_0  {rise@0.000ns fall@5.000ns period=10.000ns})
  Destination:            design_1_i/ps7_0_axi_periph/s00_couplers/auto_pc/inst/gen_axilite.gen_b2s_conv.axilite_b2s/RD.r_channel_0/transaction_fifo_0/memory_reg[31][3]_srl32/D
                            (rising edge-triggered cell SRLC32E clocked by clk_fpga_0  {rise@0.000ns fall@5.000ns period=10.000ns})
  Path Group:             clk_fpga_0
  Path Type:              Hold (Min at Fast Process Corner)
  Requirement:            0.000ns  (clk_fpga_0 rise@0.000ns - clk_fpga_0 rise@0.000ns)
  Data Path Delay:        0.246ns  (logic 0.128ns (51.940%)  route 0.118ns (48.060%))
  Logic Levels:           0  
  Clock Path Skew:        0.033ns (DCD - SCD - CPR)
    Destination Clock Delay (DCD):    1.220ns
    Source Clock Delay      (SCD):    0.925ns
    Clock Pessimism Removal (CPR):    0.262ns

    Location             Delay type                Incr(ns)  Path(ns)    Netlist Resource(s)
  -------------------------------------------------------------------    -------------------
                         (clock clk_fpga_0 rise edge)
                                                      0.000     0.000 r  
    PS7_X0Y0             PS7                          0.000     0.000 r  design_1_i/processing_system7_0/inst/PS7_i/FCLKCLK[0]
                         net (fo=1, routed)           0.315     0.315    design_1_i/processing_system7_0/inst/FCLK_CLK_unbuffered[0]
    BUFGCTRL_X0Y1        BUFG (Prop_bufg_I_O)         0.026     0.341 r  design_1_i/processing_system7_0/inst/buffer_fclk_clk_0.FCLK_CLK_0_BUFG/O
                         net (fo=1587, routed)        0.584     0.925    design_1_i/ps7_0_axi_periph/s00_couplers/auto_pc/inst/gen_axilite.gen_b2s_conv.axilite_b2s/RD.r_channel_0/aclk
    SLICE_X2Y41          FDRE                                         r  design_1_i/ps7_0_axi_periph/s00_couplers/auto_pc/inst/gen_axilite.gen_b2s_conv.axilite_b2s/RD.r_channel_0/r_arid_r_reg[2]/C
  -------------------------------------------------------------------    -------------------
    SLICE_X2Y41          FDRE (Prop_fdre_C_Q)         0.128     1.053 r  design_1_i/ps7_0_axi_periph/s00_couplers/auto_pc/inst/gen_axilite.gen_b2s_conv.axilite_b2s/RD.r_channel_0/r_arid_r_reg[2]/Q
                         net (fo=1, routed)           0.118     1.171    design_1_i/ps7_0_axi_periph/s00_couplers/auto_pc/inst/gen_axilite.gen_b2s_conv.axilite_b2s/RD.r_channel_0/transaction_fifo_0/in[3]
    SLICE_X0Y41          SRLC32E                                      r  design_1_i/ps7_0_axi_periph/s00_couplers/auto_pc/inst/gen_axilite.gen_b2s_conv.axilite_b2s/RD.r_channel_0/transaction_fifo_0/memory_reg[31][3]_srl32/D
  -------------------------------------------------------------------    -------------------

                         (clock clk_fpga_0 rise edge)
                                                      0.000     0.000 r  
    PS7_X0Y0             PS7                          0.000     0.000 r  design_1_i/processing_system7_0/inst/PS7_i/FCLKCLK[0]
                         net (fo=1, routed)           0.341     0.341    design_1_i/processing_system7_0/inst/FCLK_CLK_unbuffered[0]
    BUFGCTRL_X0Y1        BUFG (Prop_bufg_I_O)         0.029     0.370 r  design_1_i/processing_system7_0/inst/buffer_fclk_clk_0.FCLK_CLK_0_BUFG/O
                         net (fo=1587, routed)        0.850     1.220    design_1_i/ps7_0_axi_periph/s00_couplers/auto_pc/inst/gen_axilite.gen_b2s_conv.axilite_b2s/RD.r_channel_0/transaction_fifo_0/aclk
    SLICE_X0Y41          SRLC32E                                      r  design_1_i/ps7_0_axi_periph/s00_couplers/auto_pc/inst/gen_axilite.gen_b2s_conv.axilite_b2s/RD.r_channel_0/transaction_fifo_0/memory_reg[31][3]_srl32/CLK
                         clock pessimism             -0.262     0.958    
    SLICE_X0Y41          SRLC32E (Hold_srlc32e_CLK_D)
                                                      0.130     1.088    design_1_i/ps7_0_axi_periph/s00_couplers/auto_pc/inst/gen_axilite.gen_b2s_conv.axilite_b2s/RD.r_channel_0/transaction_fifo_0/memory_reg[31][3]_srl32
  -------------------------------------------------------------------
                         required time                         -1.088    
                         arrival time                           1.171    
  -------------------------------------------------------------------
                         slack                                  0.083    





Pulse Width Checks
--------------------------------------------------------------------------------------
Clock Name:         clk_fpga_0
Waveform(ns):       { 0.000 5.000 }
Period(ns):         10.000
Sources:            { design_1_i/processing_system7_0/inst/PS7_i/FCLKCLK[0] }

Check Type        Corner  Lib Pin            Reference Pin  Required(ns)  Actual(ns)  Slack(ns)  Location         Pin
Min Period        n/a     MMCME2_ADV/DCLK    n/a            4.999         10.000      5.001      MMCME2_ADV_X0Y1  design_1_i/axi_dynclk_0/U0/Inst_mmcme2_drp/mmcm_adv_inst/DCLK
Min Period        n/a     BUFG/I             n/a            2.155         10.000      7.845      BUFGCTRL_X0Y1    design_1_i/processing_system7_0/inst/buffer_fclk_clk_0.FCLK_CLK_0_BUFG/I
Min Period        n/a     MMCME2_ADV/CLKIN1  n/a            1.249         10.000      8.751      MMCME2_ADV_X0Y1  design_1_i/axi_dynclk_0/U0/Inst_mmcme2_drp/mmcm_adv_inst/CLKIN1
Min Period        n/a     FDSE/C             n/a            1.000         10.000      9.000      SLICE_X33Y48     design_1_i/axi_dynclk_0/U0/FSM_onehot_clk_state_reg[0]/C
Min Period        n/a     FDRE/C             n/a            1.000         10.000      9.000      SLICE_X32Y48     design_1_i/axi_dynclk_0/U0/FSM_onehot_clk_state_reg[1]/C
Min Period        n/a     FDRE/C             n/a            1.000         10.000      9.000      SLICE_X32Y48     design_1_i/axi_dynclk_0/U0/FSM_onehot_clk_state_reg[2]/C
Min Period        n/a     FDRE/C             n/a            1.000         10.000      9.000      SLICE_X32Y48     design_1_i/axi_dynclk_0/U0/FSM_onehot_clk_state_reg[3]/C
Min Period        n/a     FDRE/C             n/a            1.000         10.000      9.000      SLICE_X32Y48     design_1_i/axi_dynclk_0/U0/FSM_onehot_clk_state_reg[4]/C
Min Period        n/a     FDRE/C             n/a            1.000         10.000      9.000      SLICE_X36Y48     design_1_i/axi_dynclk_0/U0/sen_reg_reg/C
Min Period        n/a     FDRE/C             n/a            1.000         10.000      9.000      SLICE_X40Y49     design_1_i/axi_dynclk_0/U0/Inst_mmcme2_drp/DADDR_reg[0]/C
Max Period        n/a     MMCME2_ADV/CLKIN1  n/a            100.000       10.000      90.000     MMCME2_ADV_X0Y1  design_1_i/axi_dynclk_0/U0/Inst_mmcme2_drp/mmcm_adv_inst/CLKIN1
Low Pulse Width   Slow    MMCME2_ADV/DCLK    n/a            2.499         5.000       2.501      MMCME2_ADV_X0Y1  design_1_i/axi_dynclk_0/U0/Inst_mmcme2_drp/mmcm_adv_inst/DCLK
Low Pulse Width   Fast    MMCME2_ADV/DCLK    n/a            2.499         5.000       2.501      MMCME2_ADV_X0Y1  design_1_i/axi_dynclk_0/U0/Inst_mmcme2_drp/mmcm_adv_inst/DCLK
Low Pulse Width   Slow    MMCME2_ADV/CLKIN1  n/a            2.000         5.000       3.000      MMCME2_ADV_X0Y1  design_1_i/axi_dynclk_0/U0/Inst_mmcme2_drp/mmcm_adv_inst/CLKIN1
Low Pulse Width   Fast    MMCME2_ADV/CLKIN1  n/a            2.000         5.000       3.000      MMCME2_ADV_X0Y1  design_1_i/axi_dynclk_0/U0/Inst_mmcme2_drp/mmcm_adv_inst/CLKIN1
Low Pulse Width   Slow    SRL16E/CLK         n/a            0.980         5.000       4.020      SLICE_X10Y52     design_1_i/axi_vdma_0/U0/AXI_LITE_REG_INTERFACE_I/GEN_AXI_LITE_IF.AXI_LITE_IF_I/GEN_LITE_IS_ASYNC.GEN_MM2S_ONLY_ASYNC_LITE_ACCESS.prepare_wrce_pulse_lite_d6_reg_srl6/CLK
Low Pulse Width   Fast    SRL16E/CLK         n/a            0.980         5.000       4.020      SLICE_X10Y52     design_1_i/axi_vdma_0/U0/AXI_LITE_REG_INTERFACE_I/GEN_AXI_LITE_IF.AXI_LITE_IF_I/GEN_LITE_IS_ASYNC.GEN_MM2S_ONLY_ASYNC_LITE_ACCESS.prepare_wrce_pulse_lite_d6_reg_srl6/CLK
Low Pulse Width   Slow    SRL16E/CLK         n/a            0.980         5.000       4.020      SLICE_X10Y52     design_1_i/axi_vdma_0/U0/AXI_LITE_REG_INTERFACE_I/GEN_AXI_LITE_IF.AXI_LITE_IF_I/GEN_LITE_IS_ASYNC.GEN_MM2S_ONLY_ASYNC_LITE_ACCESS.sig_arvalid_arrived_d4_reg_srl3/CLK
Low Pulse Width   Fast    SRL16E/CLK         n/a            0.980         5.000       4.020      SLICE_X10Y52     design_1_i/axi_vdma_0/U0/AXI_LITE_REG_INTERFACE_I/GEN_AXI_LITE_IF.AXI_LITE_IF_I/GEN_LITE_IS_ASYNC.GEN_MM2S_ONLY_ASYNC_LITE_ACCESS.sig_arvalid_arrived_d4_reg_srl3/CLK
Low Pulse Width   Slow    SRLC32E/CLK        n/a            0.980         5.000       4.020      SLICE_X12Y41     design_1_i/ps7_0_axi_periph/s00_couplers/auto_pc/inst/gen_axilite.gen_b2s_conv.axilite_b2s/RD.r_channel_0/rd_data_fifo_0/memory_reg[31][0]_srl32/CLK
Low Pulse Width   Fast    SRLC32E/CLK        n/a            0.980         5.000       4.020      SLICE_X12Y41     design_1_i/ps7_0_axi_periph/s00_couplers/auto_pc/inst/gen_axilite.gen_b2s_conv.axilite_b2s/RD.r_channel_0/rd_data_fifo_0/memory_reg[31][0]_srl32/CLK
High Pulse Width  Slow    MMCME2_ADV/DCLK    n/a            2.499         5.000       2.501      MMCME2_ADV_X0Y1  design_1_i/axi_dynclk_0/U0/Inst_mmcme2_drp/mmcm_adv_inst/DCLK
High Pulse Width  Fast    MMCME2_ADV/DCLK    n/a            2.499         5.000       2.501      MMCME2_ADV_X0Y1  design_1_i/axi_dynclk_0/U0/Inst_mmcme2_drp/mmcm_adv_inst/DCLK
High Pulse Width  Slow    MMCME2_ADV/CLKIN1  n/a            2.000         5.000       3.000      MMCME2_ADV_X0Y1  design_1_i/axi_dynclk_0/U0/Inst_mmcme2_drp/mmcm_adv_inst/CLKIN1
High Pulse Width  Fast    MMCME2_ADV/CLKIN1  n/a            2.000         5.000       3.000      MMCME2_ADV_X0Y1  design_1_i/axi_dynclk_0/U0/Inst_mmcme2_drp/mmcm_adv_inst/CLKIN1
High Pulse Width  Slow    SRL16E/CLK         n/a            0.980         5.000       4.020      SLICE_X10Y52     design_1_i/axi_vdma_0/U0/AXI_LITE_REG_INTERFACE_I/GEN_AXI_LITE_IF.AXI_LITE_IF_I/GEN_LITE_IS_ASYNC.GEN_MM2S_ONLY_ASYNC_LITE_ACCESS.prepare_wrce_pulse_lite_d6_reg_srl6/CLK
High Pulse Width  Fast    SRL16E/CLK         n/a            0.980         5.000       4.020      SLICE_X10Y52     design_1_i/axi_vdma_0/U0/AXI_LITE_REG_INTERFACE_I/GEN_AXI_LITE_IF.AXI_LITE_IF_I/GEN_LITE_IS_ASYNC.GEN_MM2S_ONLY_ASYNC_LITE_ACCESS.prepare_wrce_pulse_lite_d6_reg_srl6/CLK
High Pulse Width  Slow    SRL16E/CLK         n/a            0.980         5.000       4.020      SLICE_X10Y52     design_1_i/axi_vdma_0/U0/AXI_LITE_REG_INTERFACE_I/GEN_AXI_LITE_IF.AXI_LITE_IF_I/GEN_LITE_IS_ASYNC.GEN_MM2S_ONLY_ASYNC_LITE_ACCESS.sig_arvalid_arrived_d4_reg_srl3/CLK
High Pulse Width  Fast    SRL16E/CLK         n/a            0.980         5.000       4.020      SLICE_X10Y52     design_1_i/axi_vdma_0/U0/AXI_LITE_REG_INTERFACE_I/GEN_AXI_LITE_IF.AXI_LITE_IF_I/GEN_LITE_IS_ASYNC.GEN_MM2S_ONLY_ASYNC_LITE_ACCESS.sig_arvalid_arrived_d4_reg_srl3/CLK
High Pulse Width  Slow    SRLC32E/CLK        n/a            0.980         5.000       4.020      SLICE_X12Y41     design_1_i/ps7_0_axi_periph/s00_couplers/auto_pc/inst/gen_axilite.gen_b2s_conv.axilite_b2s/RD.r_channel_0/rd_data_fifo_0/memory_reg[31][0]_srl32/CLK
High Pulse Width  Fast    SRLC32E/CLK        n/a            0.980         5.000       4.020      SLICE_X12Y41     design_1_i/ps7_0_axi_periph/s00_couplers/auto_pc/inst/gen_axilite.gen_b2s_conv.axilite_b2s/RD.r_channel_0/rd_data_fifo_0/memory_reg[31][0]_srl32/CLK



---------------------------------------------------------------------------------------------------
From Clock:  I
  To Clock:  I

Setup :           NA  Failing Endpoints,  Worst Slack           NA  ,  Total Violation           NA
Hold  :           NA  Failing Endpoints,  Worst Slack           NA  ,  Total Violation           NA
PW    :            0  Failing Endpoints,  Worst Slack        0.333ns,  Total Violation        0.000ns
---------------------------------------------------------------------------------------------------


Pulse Width Checks
--------------------------------------------------------------------------------------
Clock Name:         I
Waveform(ns):       { 0.000 1.000 }
Period(ns):         2.000
Sources:            { design_1_i/axi_dynclk_0/U0/Inst_mmcme2_drp/mmcm_adv_inst/CLKOUT0 }

Check Type  Corner  Lib Pin             Reference Pin  Required(ns)  Actual(ns)  Slack(ns)  Location         Pin
Min Period  n/a     OSERDESE2/CLK       n/a            1.667         2.000       0.333      OLOGIC_X0Y74     design_1_i/rgb2dvi_0/U0/ClockSerializer/SerializerMaster/CLK
Min Period  n/a     OSERDESE2/CLK       n/a            1.667         2.000       0.333      OLOGIC_X0Y73     design_1_i/rgb2dvi_0/U0/ClockSerializer/SerializerSlave/CLK
Min Period  n/a     OSERDESE2/CLK       n/a            1.667         2.000       0.333      OLOGIC_X0Y92     design_1_i/rgb2dvi_0/U0/DataEncoders[0].DataSerializer/SerializerMaster/CLK
Min Period  n/a     OSERDESE2/CLK       n/a            1.667         2.000       0.333      OLOGIC_X0Y91     design_1_i/rgb2dvi_0/U0/DataEncoders[0].DataSerializer/SerializerSlave/CLK
Min Period  n/a     OSERDESE2/CLK       n/a            1.667         2.000       0.333      OLOGIC_X0Y98     design_1_i/rgb2dvi_0/U0/DataEncoders[1].DataSerializer/SerializerMaster/CLK
Min Period  n/a     OSERDESE2/CLK       n/a            1.667         2.000       0.333      OLOGIC_X0Y97     design_1_i/rgb2dvi_0/U0/DataEncoders[1].DataSerializer/SerializerSlave/CLK
Min Period  n/a     OSERDESE2/CLK       n/a            1.667         2.000       0.333      OLOGIC_X0Y96     design_1_i/rgb2dvi_0/U0/DataEncoders[2].DataSerializer/SerializerMaster/CLK
Min Period  n/a     OSERDESE2/CLK       n/a            1.667         2.000       0.333      OLOGIC_X0Y95     design_1_i/rgb2dvi_0/U0/DataEncoders[2].DataSerializer/SerializerSlave/CLK
Min Period  n/a     BUFIO/I             n/a            1.666         2.000       0.334      BUFIO_X0Y5       design_1_i/axi_dynclk_0/U0/BUFIO_inst/I
Min Period  n/a     BUFR/I              n/a            1.666         2.000       0.334      BUFR_X0Y5        design_1_i/axi_dynclk_0/U0/BUFR_inst/I
Max Period  n/a     MMCME2_ADV/CLKOUT0  n/a            213.360       2.000       211.360    MMCME2_ADV_X0Y1  design_1_i/axi_dynclk_0/U0/Inst_mmcme2_drp/mmcm_adv_inst/CLKOUT0



---------------------------------------------------------------------------------------------------
From Clock:  axi_dynclk_0_PXL_CLK_O
  To Clock:  axi_dynclk_0_PXL_CLK_O

Setup :            0  Failing Endpoints,  Worst Slack        0.468ns,  Total Violation        0.000ns
Hold  :            0  Failing Endpoints,  Worst Slack        0.106ns,  Total Violation        0.000ns
PW    :            0  Failing Endpoints,  Worst Slack        3.020ns,  Total Violation        0.000ns
---------------------------------------------------------------------------------------------------


Max Delay Paths
--------------------------------------------------------------------------------------
Slack (MET) :             0.468ns  (required time - arrival time)
  Source:                 design_1_i/v_tc_0/U0/U_VIDEO_CTRL/AXI4_LITE_INTERFACE.GENR_MUX0/GEN_SEL_DELAY[1].sel_int_reg[1][0]_rep/C
                            (rising edge-triggered cell FDRE clocked by axi_dynclk_0_PXL_CLK_O  {rise@0.000ns fall@4.000ns period=10.000ns})
  Destination:            design_1_i/v_tc_0/U0/U_VIDEO_CTRL/AXI4_LITE_INTERFACE.GENR_MUX0/GEN_TREE.GEN_BRANCH[4].GEN_MUX_REG.data_out_reg_reg[4][11]/D
                            (rising edge-triggered cell FDRE clocked by axi_dynclk_0_PXL_CLK_O  {rise@0.000ns fall@4.000ns period=10.000ns})
  Path Group:             axi_dynclk_0_PXL_CLK_O
  Path Type:              Setup (Max at Slow Process Corner)
  Requirement:            10.000ns  (axi_dynclk_0_PXL_CLK_O rise@10.000ns - axi_dynclk_0_PXL_CLK_O rise@0.000ns)
  Data Path Delay:        9.419ns  (logic 0.930ns (9.874%)  route 8.489ns (90.126%))
  Logic Levels:           2  (LUT6=1 MUXF7=1)
  Clock Path Skew:        -0.111ns (DCD - SCD + CPR)
    Destination Clock Delay (DCD):    5.382ns = ( 15.382 - 10.000 ) 
    Source Clock Delay      (SCD):    6.043ns
    Clock Pessimism Removal (CPR):    0.550ns
  Clock Uncertainty:      0.066ns  ((TSJ^2 + DJ^2)^1/2) / 2 + PE
    Total System Jitter     (TSJ):    0.071ns
    Discrete Jitter          (DJ):    0.112ns
    Phase Error              (PE):    0.000ns

    Location             Delay type                Incr(ns)  Path(ns)    Netlist Resource(s)
  -------------------------------------------------------------------    -------------------
                         (clock axi_dynclk_0_PXL_CLK_O rise edge)
                                                      0.000     0.000 r  
    PS7_X0Y0             PS7                          0.000     0.000 r  design_1_i/processing_system7_0/inst/PS7_i/FCLKCLK[0]
                         net (fo=1, routed)           1.207     1.207    design_1_i/processing_system7_0/inst/FCLK_CLK_unbuffered[0]
    BUFGCTRL_X0Y1        BUFG (Prop_bufg_I_O)         0.101     1.308 r  design_1_i/processing_system7_0/inst/buffer_fclk_clk_0.FCLK_CLK_0_BUFG/O
                         net (fo=1587, routed)        1.666     2.974    design_1_i/axi_dynclk_0/U0/Inst_mmcme2_drp/REF_CLK_I
    MMCME2_ADV_X0Y1      MMCME2_ADV (Prop_mmcme2_adv_CLKIN1_CLKOUT0)
                                                      0.088     3.062 r  design_1_i/axi_dynclk_0/U0/Inst_mmcme2_drp/mmcm_adv_inst/CLKOUT0
                         net (fo=2, routed)           1.063     4.125    design_1_i/axi_dynclk_0/U0/I
    BUFR_X0Y5            BUFR (Prop_bufr_I_O)         1.031     5.156 r  design_1_i/axi_dynclk_0/U0/BUFR_inst/O
                         net (fo=2843, routed)        0.887     6.043    design_1_i/v_tc_0/U0/U_VIDEO_CTRL/AXI4_LITE_INTERFACE.GENR_MUX0/vid_aclk
    SLICE_X26Y62         FDRE                                         r  design_1_i/v_tc_0/U0/U_VIDEO_CTRL/AXI4_LITE_INTERFACE.GENR_MUX0/GEN_SEL_DELAY[1].sel_int_reg[1][0]_rep/C
  -------------------------------------------------------------------    -------------------
    SLICE_X26Y62         FDRE (Prop_fdre_C_Q)         0.419     6.462 r  design_1_i/v_tc_0/U0/U_VIDEO_CTRL/AXI4_LITE_INTERFACE.GENR_MUX0/GEN_SEL_DELAY[1].sel_int_reg[1][0]_rep/Q
                         net (fo=130, routed)         8.489    14.951    design_1_i/v_tc_0/U0/U_VIDEO_CTRL/AXI4_LITE_INTERFACE.GENR_MUX0/GEN_SEL_DELAY[1].sel_int_reg[1][0]_rep_n_0
    SLICE_X40Y81         LUT6 (Prop_lut6_I4_O)        0.299    15.250 r  design_1_i/v_tc_0/U0/U_VIDEO_CTRL/AXI4_LITE_INTERFACE.GENR_MUX0/GEN_TREE.GEN_BRANCH[4].GEN_MUX_REG.data_out_reg[4][11]_i_2/O
                         net (fo=1, routed)           0.000    15.250    design_1_i/v_tc_0/U0/U_VIDEO_CTRL/AXI4_LITE_INTERFACE.GENR_MUX0/GEN_TREE.GEN_BRANCH[4].GEN_MUX_REG.data_out_reg[4][11]_i_2_n_0
    SLICE_X40Y81         MUXF7 (Prop_muxf7_I0_O)      0.212    15.462 r  design_1_i/v_tc_0/U0/U_VIDEO_CTRL/AXI4_LITE_INTERFACE.GENR_MUX0/GEN_TREE.GEN_BRANCH[4].GEN_MUX_REG.data_out_reg_reg[4][11]_i_1/O
                         net (fo=1, routed)           0.000    15.462    design_1_i/v_tc_0/U0/U_VIDEO_CTRL/AXI4_LITE_INTERFACE.GENR_MUX0/GEN_TREE.GEN_BRANCH[4].GEN_MUX_REG.data_out_reg_reg[4][11]_i_1_n_0
    SLICE_X40Y81         FDRE                                         r  design_1_i/v_tc_0/U0/U_VIDEO_CTRL/AXI4_LITE_INTERFACE.GENR_MUX0/GEN_TREE.GEN_BRANCH[4].GEN_MUX_REG.data_out_reg_reg[4][11]/D
  -------------------------------------------------------------------    -------------------

                         (clock axi_dynclk_0_PXL_CLK_O rise edge)
                                                     10.000    10.000 r  
    PS7_X0Y0             PS7                          0.000    10.000 r  design_1_i/processing_system7_0/inst/PS7_i/FCLKCLK[0]
                         net (fo=1, routed)           1.101    11.101    design_1_i/processing_system7_0/inst/FCLK_CLK_unbuffered[0]
    BUFGCTRL_X0Y1        BUFG (Prop_bufg_I_O)         0.091    11.192 r  design_1_i/processing_system7_0/inst/buffer_fclk_clk_0.FCLK_CLK_0_BUFG/O
                         net (fo=1587, routed)        1.477    12.669    design_1_i/axi_dynclk_0/U0/Inst_mmcme2_drp/REF_CLK_I
    MMCME2_ADV_X0Y1      MMCME2_ADV (Prop_mmcme2_adv_CLKIN1_CLKOUT0)
                                                      0.083    12.752 r  design_1_i/axi_dynclk_0/U0/Inst_mmcme2_drp/mmcm_adv_inst/CLKOUT0
                         net (fo=2, routed)           0.960    13.712    design_1_i/axi_dynclk_0/U0/I
    BUFR_X0Y5            BUFR (Prop_bufr_I_O)         0.918    14.630 r  design_1_i/axi_dynclk_0/U0/BUFR_inst/O
                         net (fo=2843, routed)        0.752    15.382    design_1_i/v_tc_0/U0/U_VIDEO_CTRL/AXI4_LITE_INTERFACE.GENR_MUX0/vid_aclk
    SLICE_X40Y81         FDRE                                         r  design_1_i/v_tc_0/U0/U_VIDEO_CTRL/AXI4_LITE_INTERFACE.GENR_MUX0/GEN_TREE.GEN_BRANCH[4].GEN_MUX_REG.data_out_reg_reg[4][11]/C
                         clock pessimism              0.550    15.932    
                         clock uncertainty           -0.066    15.866    
    SLICE_X40Y81         FDRE (Setup_fdre_C_D)        0.064    15.930    design_1_i/v_tc_0/U0/U_VIDEO_CTRL/AXI4_LITE_INTERFACE.GENR_MUX0/GEN_TREE.GEN_BRANCH[4].GEN_MUX_REG.data_out_reg_reg[4][11]
  -------------------------------------------------------------------
                         required time                         15.930    
                         arrival time                         -15.462    
  -------------------------------------------------------------------
                         slack                                  0.468    

Slack (MET) :             0.650ns  (required time - arrival time)
  Source:                 design_1_i/v_tc_0/U0/U_VIDEO_CTRL/AXI4_LITE_INTERFACE.GENR_MUX0/GEN_SEL_DELAY[1].sel_int_reg[1][0]_rep/C
                            (rising edge-triggered cell FDRE clocked by axi_dynclk_0_PXL_CLK_O  {rise@0.000ns fall@4.000ns period=10.000ns})
  Destination:            design_1_i/v_tc_0/U0/U_VIDEO_CTRL/AXI4_LITE_INTERFACE.GENR_MUX0/GEN_TREE.GEN_BRANCH[4].GEN_MUX_REG.data_out_reg_reg[4][7]/D
                            (rising edge-triggered cell FDRE clocked by axi_dynclk_0_PXL_CLK_O  {rise@0.000ns fall@4.000ns period=10.000ns})
  Path Group:             axi_dynclk_0_PXL_CLK_O
  Path Type:              Setup (Max at Slow Process Corner)
  Requirement:            10.000ns  (axi_dynclk_0_PXL_CLK_O rise@10.000ns - axi_dynclk_0_PXL_CLK_O rise@0.000ns)
  Data Path Delay:        9.287ns  (logic 0.932ns (10.035%)  route 8.355ns (89.965%))
  Logic Levels:           2  (LUT6=1 MUXF7=1)
  Clock Path Skew:        -0.109ns (DCD - SCD + CPR)
    Destination Clock Delay (DCD):    5.384ns = ( 15.384 - 10.000 ) 
    Source Clock Delay      (SCD):    6.043ns
    Clock Pessimism Removal (CPR):    0.550ns
  Clock Uncertainty:      0.066ns  ((TSJ^2 + DJ^2)^1/2) / 2 + PE
    Total System Jitter     (TSJ):    0.071ns
    Discrete Jitter          (DJ):    0.112ns
    Phase Error              (PE):    0.000ns

    Location             Delay type                Incr(ns)  Path(ns)    Netlist Resource(s)
  -------------------------------------------------------------------    -------------------
                         (clock axi_dynclk_0_PXL_CLK_O rise edge)
                                                      0.000     0.000 r  
    PS7_X0Y0             PS7                          0.000     0.000 r  design_1_i/processing_system7_0/inst/PS7_i/FCLKCLK[0]
                         net (fo=1, routed)           1.207     1.207    design_1_i/processing_system7_0/inst/FCLK_CLK_unbuffered[0]
    BUFGCTRL_X0Y1        BUFG (Prop_bufg_I_O)         0.101     1.308 r  design_1_i/processing_system7_0/inst/buffer_fclk_clk_0.FCLK_CLK_0_BUFG/O
                         net (fo=1587, routed)        1.666     2.974    design_1_i/axi_dynclk_0/U0/Inst_mmcme2_drp/REF_CLK_I
    MMCME2_ADV_X0Y1      MMCME2_ADV (Prop_mmcme2_adv_CLKIN1_CLKOUT0)
                                                      0.088     3.062 r  design_1_i/axi_dynclk_0/U0/Inst_mmcme2_drp/mmcm_adv_inst/CLKOUT0
                         net (fo=2, routed)           1.063     4.125    design_1_i/axi_dynclk_0/U0/I
    BUFR_X0Y5            BUFR (Prop_bufr_I_O)         1.031     5.156 r  design_1_i/axi_dynclk_0/U0/BUFR_inst/O
                         net (fo=2843, routed)        0.887     6.043    design_1_i/v_tc_0/U0/U_VIDEO_CTRL/AXI4_LITE_INTERFACE.GENR_MUX0/vid_aclk
    SLICE_X26Y62         FDRE                                         r  design_1_i/v_tc_0/U0/U_VIDEO_CTRL/AXI4_LITE_INTERFACE.GENR_MUX0/GEN_SEL_DELAY[1].sel_int_reg[1][0]_rep/C
  -------------------------------------------------------------------    -------------------
    SLICE_X26Y62         FDRE (Prop_fdre_C_Q)         0.419     6.462 r  design_1_i/v_tc_0/U0/U_VIDEO_CTRL/AXI4_LITE_INTERFACE.GENR_MUX0/GEN_SEL_DELAY[1].sel_int_reg[1][0]_rep/Q
                         net (fo=130, routed)         8.355    14.817    design_1_i/v_tc_0/U0/U_VIDEO_CTRL/AXI4_LITE_INTERFACE.GENR_MUX0/GEN_SEL_DELAY[1].sel_int_reg[1][0]_rep_n_0
    SLICE_X42Y82         LUT6 (Prop_lut6_I4_O)        0.299    15.116 r  design_1_i/v_tc_0/U0/U_VIDEO_CTRL/AXI4_LITE_INTERFACE.GENR_MUX0/GEN_TREE.GEN_BRANCH[4].GEN_MUX_REG.data_out_reg[4][7]_i_3/O
                         net (fo=1, routed)           0.000    15.116    design_1_i/v_tc_0/U0/U_VIDEO_CTRL/AXI4_LITE_INTERFACE.GENR_MUX0/GEN_TREE.GEN_BRANCH[4].GEN_MUX_REG.data_out_reg[4][7]_i_3_n_0
    SLICE_X42Y82         MUXF7 (Prop_muxf7_I1_O)      0.214    15.330 r  design_1_i/v_tc_0/U0/U_VIDEO_CTRL/AXI4_LITE_INTERFACE.GENR_MUX0/GEN_TREE.GEN_BRANCH[4].GEN_MUX_REG.data_out_reg_reg[4][7]_i_1/O
                         net (fo=1, routed)           0.000    15.330    design_1_i/v_tc_0/U0/U_VIDEO_CTRL/AXI4_LITE_INTERFACE.GENR_MUX0/GEN_TREE.GEN_BRANCH[4].GEN_MUX_REG.data_out_reg_reg[4][7]_i_1_n_0
    SLICE_X42Y82         FDRE                                         r  design_1_i/v_tc_0/U0/U_VIDEO_CTRL/AXI4_LITE_INTERFACE.GENR_MUX0/GEN_TREE.GEN_BRANCH[4].GEN_MUX_REG.data_out_reg_reg[4][7]/D
  -------------------------------------------------------------------    -------------------

                         (clock axi_dynclk_0_PXL_CLK_O rise edge)
                                                     10.000    10.000 r  
    PS7_X0Y0             PS7                          0.000    10.000 r  design_1_i/processing_system7_0/inst/PS7_i/FCLKCLK[0]
                         net (fo=1, routed)           1.101    11.101    design_1_i/processing_system7_0/inst/FCLK_CLK_unbuffered[0]
    BUFGCTRL_X0Y1        BUFG (Prop_bufg_I_O)         0.091    11.192 r  design_1_i/processing_system7_0/inst/buffer_fclk_clk_0.FCLK_CLK_0_BUFG/O
                         net (fo=1587, routed)        1.477    12.669    design_1_i/axi_dynclk_0/U0/Inst_mmcme2_drp/REF_CLK_I
    MMCME2_ADV_X0Y1      MMCME2_ADV (Prop_mmcme2_adv_CLKIN1_CLKOUT0)
                                                      0.083    12.752 r  design_1_i/axi_dynclk_0/U0/Inst_mmcme2_drp/mmcm_adv_inst/CLKOUT0
                         net (fo=2, routed)           0.960    13.712    design_1_i/axi_dynclk_0/U0/I
    BUFR_X0Y5            BUFR (Prop_bufr_I_O)         0.918    14.630 r  design_1_i/axi_dynclk_0/U0/BUFR_inst/O
                         net (fo=2843, routed)        0.754    15.384    design_1_i/v_tc_0/U0/U_VIDEO_CTRL/AXI4_LITE_INTERFACE.GENR_MUX0/vid_aclk
    SLICE_X42Y82         FDRE                                         r  design_1_i/v_tc_0/U0/U_VIDEO_CTRL/AXI4_LITE_INTERFACE.GENR_MUX0/GEN_TREE.GEN_BRANCH[4].GEN_MUX_REG.data_out_reg_reg[4][7]/C
                         clock pessimism              0.550    15.934    
                         clock uncertainty           -0.066    15.868    
    SLICE_X42Y82         FDRE (Setup_fdre_C_D)        0.113    15.981    design_1_i/v_tc_0/U0/U_VIDEO_CTRL/AXI4_LITE_INTERFACE.GENR_MUX0/GEN_TREE.GEN_BRANCH[4].GEN_MUX_REG.data_out_reg_reg[4][7]
  -------------------------------------------------------------------
                         required time                         15.981    
                         arrival time                         -15.330    
  -------------------------------------------------------------------
                         slack                                  0.650    

Slack (MET) :             1.006ns  (required time - arrival time)
  Source:                 design_1_i/v_tc_0/U0/U_VIDEO_CTRL/AXI4_LITE_INTERFACE.SYNC2VIDCLK_I/data_sync_reg[2][34]/C
                            (rising edge-triggered cell FDRE clocked by axi_dynclk_0_PXL_CLK_O  {rise@0.000ns fall@4.000ns period=10.000ns})
  Destination:            design_1_i/v_tc_0/U0/U_VIDEO_CTRL/AXI4_LITE_INTERFACE.GENR_MUX0/GEN_TREE.GEN_BRANCH[48].GEN_MUX_REG.data_out_reg_reg[48][30]/D
                            (rising edge-triggered cell FDRE clocked by axi_dynclk_0_PXL_CLK_O  {rise@0.000ns fall@4.000ns period=10.000ns})
  Path Group:             axi_dynclk_0_PXL_CLK_O
  Path Type:              Setup (Max at Slow Process Corner)
  Requirement:            10.000ns  (axi_dynclk_0_PXL_CLK_O rise@10.000ns - axi_dynclk_0_PXL_CLK_O rise@0.000ns)
  Data Path Delay:        8.963ns  (logic 0.715ns (7.977%)  route 8.248ns (92.023%))
  Logic Levels:           1  (LUT3=1)
  Clock Path Skew:        -0.045ns (DCD - SCD + CPR)
    Destination Clock Delay (DCD):    5.453ns = ( 15.453 - 10.000 ) 
    Source Clock Delay      (SCD):    6.048ns
    Clock Pessimism Removal (CPR):    0.550ns
  Clock Uncertainty:      0.066ns  ((TSJ^2 + DJ^2)^1/2) / 2 + PE
    Total System Jitter     (TSJ):    0.071ns
    Discrete Jitter          (DJ):    0.112ns
    Phase Error              (PE):    0.000ns

    Location             Delay type                Incr(ns)  Path(ns)    Netlist Resource(s)
  -------------------------------------------------------------------    -------------------
                         (clock axi_dynclk_0_PXL_CLK_O rise edge)
                                                      0.000     0.000 r  
    PS7_X0Y0             PS7                          0.000     0.000 r  design_1_i/processing_system7_0/inst/PS7_i/FCLKCLK[0]
                         net (fo=1, routed)           1.207     1.207    design_1_i/processing_system7_0/inst/FCLK_CLK_unbuffered[0]
    BUFGCTRL_X0Y1        BUFG (Prop_bufg_I_O)         0.101     1.308 r  design_1_i/processing_system7_0/inst/buffer_fclk_clk_0.FCLK_CLK_0_BUFG/O
                         net (fo=1587, routed)        1.666     2.974    design_1_i/axi_dynclk_0/U0/Inst_mmcme2_drp/REF_CLK_I
    MMCME2_ADV_X0Y1      MMCME2_ADV (Prop_mmcme2_adv_CLKIN1_CLKOUT0)
                                                      0.088     3.062 r  design_1_i/axi_dynclk_0/U0/Inst_mmcme2_drp/mmcm_adv_inst/CLKOUT0
                         net (fo=2, routed)           1.063     4.125    design_1_i/axi_dynclk_0/U0/I
    BUFR_X0Y5            BUFR (Prop_bufr_I_O)         1.031     5.156 r  design_1_i/axi_dynclk_0/U0/BUFR_inst/O
                         net (fo=2843, routed)        0.892     6.048    design_1_i/v_tc_0/U0/U_VIDEO_CTRL/AXI4_LITE_INTERFACE.SYNC2VIDCLK_I/vid_aclk
    SLICE_X22Y55         FDRE                                         r  design_1_i/v_tc_0/U0/U_VIDEO_CTRL/AXI4_LITE_INTERFACE.SYNC2VIDCLK_I/data_sync_reg[2][34]/C
  -------------------------------------------------------------------    -------------------
    SLICE_X22Y55         FDRE (Prop_fdre_C_Q)         0.419     6.467 r  design_1_i/v_tc_0/U0/U_VIDEO_CTRL/AXI4_LITE_INTERFACE.SYNC2VIDCLK_I/data_sync_reg[2][34]/Q
                         net (fo=434, routed)         8.248    14.715    design_1_i/v_tc_0/U0/U_VIDEO_CTRL/AXI4_LITE_INTERFACE.SYNC2VIDCLK_I/data_sync[2]_2[34]
    SLICE_X30Y87         LUT3 (Prop_lut3_I1_O)        0.296    15.011 r  design_1_i/v_tc_0/U0/U_VIDEO_CTRL/AXI4_LITE_INTERFACE.SYNC2VIDCLK_I/GEN_TREE.GEN_BRANCH[48].GEN_MUX_REG.data_out_reg[48][30]_i_1/O
                         net (fo=1, routed)           0.000    15.011    design_1_i/v_tc_0/U0/U_VIDEO_CTRL/AXI4_LITE_INTERFACE.GENR_MUX0/GEN_TREE.GEN_BRANCH[48].GEN_MUX_REG.data_out_reg_reg[48][30]_0
    SLICE_X30Y87         FDRE                                         r  design_1_i/v_tc_0/U0/U_VIDEO_CTRL/AXI4_LITE_INTERFACE.GENR_MUX0/GEN_TREE.GEN_BRANCH[48].GEN_MUX_REG.data_out_reg_reg[48][30]/D
  -------------------------------------------------------------------    -------------------

                         (clock axi_dynclk_0_PXL_CLK_O rise edge)
                                                     10.000    10.000 r  
    PS7_X0Y0             PS7                          0.000    10.000 r  design_1_i/processing_system7_0/inst/PS7_i/FCLKCLK[0]
                         net (fo=1, routed)           1.101    11.101    design_1_i/processing_system7_0/inst/FCLK_CLK_unbuffered[0]
    BUFGCTRL_X0Y1        BUFG (Prop_bufg_I_O)         0.091    11.192 r  design_1_i/processing_system7_0/inst/buffer_fclk_clk_0.FCLK_CLK_0_BUFG/O
                         net (fo=1587, routed)        1.477    12.669    design_1_i/axi_dynclk_0/U0/Inst_mmcme2_drp/REF_CLK_I
    MMCME2_ADV_X0Y1      MMCME2_ADV (Prop_mmcme2_adv_CLKIN1_CLKOUT0)
                                                      0.083    12.752 r  design_1_i/axi_dynclk_0/U0/Inst_mmcme2_drp/mmcm_adv_inst/CLKOUT0
                         net (fo=2, routed)           0.960    13.712    design_1_i/axi_dynclk_0/U0/I
    BUFR_X0Y5            BUFR (Prop_bufr_I_O)         0.918    14.630 r  design_1_i/axi_dynclk_0/U0/BUFR_inst/O
                         net (fo=2843, routed)        0.823    15.453    design_1_i/v_tc_0/U0/U_VIDEO_CTRL/AXI4_LITE_INTERFACE.GENR_MUX0/vid_aclk
    SLICE_X30Y87         FDRE                                         r  design_1_i/v_tc_0/U0/U_VIDEO_CTRL/AXI4_LITE_INTERFACE.GENR_MUX0/GEN_TREE.GEN_BRANCH[48].GEN_MUX_REG.data_out_reg_reg[48][30]/C
                         clock pessimism              0.550    16.003    
                         clock uncertainty           -0.066    15.937    
    SLICE_X30Y87         FDRE (Setup_fdre_C_D)        0.081    16.018    design_1_i/v_tc_0/U0/U_VIDEO_CTRL/AXI4_LITE_INTERFACE.GENR_MUX0/GEN_TREE.GEN_BRANCH[48].GEN_MUX_REG.data_out_reg_reg[48][30]
  -------------------------------------------------------------------
                         required time                         16.018    
                         arrival time                         -15.011    
  -------------------------------------------------------------------
                         slack                                  1.006    

Slack (MET) :             1.052ns  (required time - arrival time)
  Source:                 design_1_i/v_tc_0/U0/U_VIDEO_CTRL/AXI4_LITE_INTERFACE.SYNC2VIDCLK_I/data_sync_reg[2][34]/C
                            (rising edge-triggered cell FDRE clocked by axi_dynclk_0_PXL_CLK_O  {rise@0.000ns fall@4.000ns period=10.000ns})
  Destination:            design_1_i/v_tc_0/U0/U_VIDEO_CTRL/AXI4_LITE_INTERFACE.GENR_MUX0/GEN_TREE.GEN_BRANCH[34].GEN_MUX_REG.data_out_reg_reg[34][5]/R
                            (rising edge-triggered cell FDRE clocked by axi_dynclk_0_PXL_CLK_O  {rise@0.000ns fall@4.000ns period=10.000ns})
  Path Group:             axi_dynclk_0_PXL_CLK_O
  Path Type:              Setup (Max at Slow Process Corner)
  Requirement:            10.000ns  (axi_dynclk_0_PXL_CLK_O rise@10.000ns - axi_dynclk_0_PXL_CLK_O rise@0.000ns)
  Data Path Delay:        8.141ns  (logic 0.419ns (5.147%)  route 7.722ns (94.853%))
  Logic Levels:           0  
  Clock Path Skew:        -0.045ns (DCD - SCD + CPR)
    Destination Clock Delay (DCD):    5.453ns = ( 15.453 - 10.000 ) 
    Source Clock Delay      (SCD):    6.048ns
    Clock Pessimism Removal (CPR):    0.550ns
  Clock Uncertainty:      0.066ns  ((TSJ^2 + DJ^2)^1/2) / 2 + PE
    Total System Jitter     (TSJ):    0.071ns
    Discrete Jitter          (DJ):    0.112ns
    Phase Error              (PE):    0.000ns

    Location             Delay type                Incr(ns)  Path(ns)    Netlist Resource(s)
  -------------------------------------------------------------------    -------------------
                         (clock axi_dynclk_0_PXL_CLK_O rise edge)
                                                      0.000     0.000 r  
    PS7_X0Y0             PS7                          0.000     0.000 r  design_1_i/processing_system7_0/inst/PS7_i/FCLKCLK[0]
                         net (fo=1, routed)           1.207     1.207    design_1_i/processing_system7_0/inst/FCLK_CLK_unbuffered[0]
    BUFGCTRL_X0Y1        BUFG (Prop_bufg_I_O)         0.101     1.308 r  design_1_i/processing_system7_0/inst/buffer_fclk_clk_0.FCLK_CLK_0_BUFG/O
                         net (fo=1587, routed)        1.666     2.974    design_1_i/axi_dynclk_0/U0/Inst_mmcme2_drp/REF_CLK_I
    MMCME2_ADV_X0Y1      MMCME2_ADV (Prop_mmcme2_adv_CLKIN1_CLKOUT0)
                                                      0.088     3.062 r  design_1_i/axi_dynclk_0/U0/Inst_mmcme2_drp/mmcm_adv_inst/CLKOUT0
                         net (fo=2, routed)           1.063     4.125    design_1_i/axi_dynclk_0/U0/I
    BUFR_X0Y5            BUFR (Prop_bufr_I_O)         1.031     5.156 r  design_1_i/axi_dynclk_0/U0/BUFR_inst/O
                         net (fo=2843, routed)        0.892     6.048    design_1_i/v_tc_0/U0/U_VIDEO_CTRL/AXI4_LITE_INTERFACE.SYNC2VIDCLK_I/vid_aclk
    SLICE_X22Y55         FDRE                                         r  design_1_i/v_tc_0/U0/U_VIDEO_CTRL/AXI4_LITE_INTERFACE.SYNC2VIDCLK_I/data_sync_reg[2][34]/C
  -------------------------------------------------------------------    -------------------
    SLICE_X22Y55         FDRE (Prop_fdre_C_Q)         0.419     6.467 r  design_1_i/v_tc_0/U0/U_VIDEO_CTRL/AXI4_LITE_INTERFACE.SYNC2VIDCLK_I/data_sync_reg[2][34]/Q
                         net (fo=434, routed)         7.722    14.189    design_1_i/v_tc_0/U0/U_VIDEO_CTRL/AXI4_LITE_INTERFACE.GENR_MUX0/ipif_addr_out[0]
    SLICE_X32Y87         FDRE                                         r  design_1_i/v_tc_0/U0/U_VIDEO_CTRL/AXI4_LITE_INTERFACE.GENR_MUX0/GEN_TREE.GEN_BRANCH[34].GEN_MUX_REG.data_out_reg_reg[34][5]/R
  -------------------------------------------------------------------    -------------------

                         (clock axi_dynclk_0_PXL_CLK_O rise edge)
                                                     10.000    10.000 r  
    PS7_X0Y0             PS7                          0.000    10.000 r  design_1_i/processing_system7_0/inst/PS7_i/FCLKCLK[0]
                         net (fo=1, routed)           1.101    11.101    design_1_i/processing_system7_0/inst/FCLK_CLK_unbuffered[0]
    BUFGCTRL_X0Y1        BUFG (Prop_bufg_I_O)         0.091    11.192 r  design_1_i/processing_system7_0/inst/buffer_fclk_clk_0.FCLK_CLK_0_BUFG/O
                         net (fo=1587, routed)        1.477    12.669    design_1_i/axi_dynclk_0/U0/Inst_mmcme2_drp/REF_CLK_I
    MMCME2_ADV_X0Y1      MMCME2_ADV (Prop_mmcme2_adv_CLKIN1_CLKOUT0)
                                                      0.083    12.752 r  design_1_i/axi_dynclk_0/U0/Inst_mmcme2_drp/mmcm_adv_inst/CLKOUT0
                         net (fo=2, routed)           0.960    13.712    design_1_i/axi_dynclk_0/U0/I
    BUFR_X0Y5            BUFR (Prop_bufr_I_O)         0.918    14.630 r  design_1_i/axi_dynclk_0/U0/BUFR_inst/O
                         net (fo=2843, routed)        0.823    15.453    design_1_i/v_tc_0/U0/U_VIDEO_CTRL/AXI4_LITE_INTERFACE.GENR_MUX0/vid_aclk
    SLICE_X32Y87         FDRE                                         r  design_1_i/v_tc_0/U0/U_VIDEO_CTRL/AXI4_LITE_INTERFACE.GENR_MUX0/GEN_TREE.GEN_BRANCH[34].GEN_MUX_REG.data_out_reg_reg[34][5]/C
                         clock pessimism              0.550    16.003    
                         clock uncertainty           -0.066    15.937    
    SLICE_X32Y87         FDRE (Setup_fdre_C_R)       -0.696    15.241    design_1_i/v_tc_0/U0/U_VIDEO_CTRL/AXI4_LITE_INTERFACE.GENR_MUX0/GEN_TREE.GEN_BRANCH[34].GEN_MUX_REG.data_out_reg_reg[34][5]
  -------------------------------------------------------------------
                         required time                         15.241    
                         arrival time                         -14.189    
  -------------------------------------------------------------------
                         slack                                  1.052    

Slack (MET) :             1.080ns  (required time - arrival time)
  Source:                 design_1_i/v_tc_0/U0/U_VIDEO_CTRL/AXI4_LITE_INTERFACE.SYNC2VIDCLK_I/data_sync_reg[2][34]/C
                            (rising edge-triggered cell FDRE clocked by axi_dynclk_0_PXL_CLK_O  {rise@0.000ns fall@4.000ns period=10.000ns})
  Destination:            design_1_i/v_tc_0/U0/U_VIDEO_CTRL/AXI4_LITE_INTERFACE.CORE_MUX0/GEN_TREE.GEN_BRANCH[4].GEN_MUX_REG.data_out_reg_reg[4][7]/D
                            (rising edge-triggered cell FDRE clocked by axi_dynclk_0_PXL_CLK_O  {rise@0.000ns fall@4.000ns period=10.000ns})
  Path Group:             axi_dynclk_0_PXL_CLK_O
  Path Type:              Setup (Max at Slow Process Corner)
  Requirement:            10.000ns  (axi_dynclk_0_PXL_CLK_O rise@10.000ns - axi_dynclk_0_PXL_CLK_O rise@0.000ns)
  Data Path Delay:        8.806ns  (logic 0.960ns (10.902%)  route 7.846ns (89.098%))
  Logic Levels:           2  (LUT6=1 MUXF7=1)
  Clock Path Skew:        -0.112ns (DCD - SCD + CPR)
    Destination Clock Delay (DCD):    5.386ns = ( 15.386 - 10.000 ) 
    Source Clock Delay      (SCD):    6.048ns
    Clock Pessimism Removal (CPR):    0.550ns
  Clock Uncertainty:      0.066ns  ((TSJ^2 + DJ^2)^1/2) / 2 + PE
    Total System Jitter     (TSJ):    0.071ns
    Discrete Jitter          (DJ):    0.112ns
    Phase Error              (PE):    0.000ns

    Location             Delay type                Incr(ns)  Path(ns)    Netlist Resource(s)
  -------------------------------------------------------------------    -------------------
                         (clock axi_dynclk_0_PXL_CLK_O rise edge)
                                                      0.000     0.000 r  
    PS7_X0Y0             PS7                          0.000     0.000 r  design_1_i/processing_system7_0/inst/PS7_i/FCLKCLK[0]
                         net (fo=1, routed)           1.207     1.207    design_1_i/processing_system7_0/inst/FCLK_CLK_unbuffered[0]
    BUFGCTRL_X0Y1        BUFG (Prop_bufg_I_O)         0.101     1.308 r  design_1_i/processing_system7_0/inst/buffer_fclk_clk_0.FCLK_CLK_0_BUFG/O
                         net (fo=1587, routed)        1.666     2.974    design_1_i/axi_dynclk_0/U0/Inst_mmcme2_drp/REF_CLK_I
    MMCME2_ADV_X0Y1      MMCME2_ADV (Prop_mmcme2_adv_CLKIN1_CLKOUT0)
                                                      0.088     3.062 r  design_1_i/axi_dynclk_0/U0/Inst_mmcme2_drp/mmcm_adv_inst/CLKOUT0
                         net (fo=2, routed)           1.063     4.125    design_1_i/axi_dynclk_0/U0/I
    BUFR_X0Y5            BUFR (Prop_bufr_I_O)         1.031     5.156 r  design_1_i/axi_dynclk_0/U0/BUFR_inst/O
                         net (fo=2843, routed)        0.892     6.048    design_1_i/v_tc_0/U0/U_VIDEO_CTRL/AXI4_LITE_INTERFACE.SYNC2VIDCLK_I/vid_aclk
    SLICE_X22Y55         FDRE                                         r  design_1_i/v_tc_0/U0/U_VIDEO_CTRL/AXI4_LITE_INTERFACE.SYNC2VIDCLK_I/data_sync_reg[2][34]/C
  -------------------------------------------------------------------    -------------------
    SLICE_X22Y55         FDRE (Prop_fdre_C_Q)         0.419     6.467 r  design_1_i/v_tc_0/U0/U_VIDEO_CTRL/AXI4_LITE_INTERFACE.SYNC2VIDCLK_I/data_sync_reg[2][34]/Q
                         net (fo=434, routed)         7.846    14.313    design_1_i/v_tc_0/U0/U_VIDEO_CTRL/AXI4_LITE_INTERFACE.GENR_MUX0/ipif_addr_out[0]
    SLICE_X37Y84         LUT6 (Prop_lut6_I4_O)        0.296    14.609 r  design_1_i/v_tc_0/U0/U_VIDEO_CTRL/AXI4_LITE_INTERFACE.GENR_MUX0/GEN_TREE.GEN_BRANCH[4].GEN_MUX_REG.data_out_reg[4][7]_i_3__0/O
                         net (fo=1, routed)           0.000    14.609    design_1_i/v_tc_0/U0/U_VIDEO_CTRL/AXI4_LITE_INTERFACE.GENR_MUX0/GEN_TREE.GEN_BRANCH[4].GEN_MUX_REG.data_out_reg[4][7]_i_3__0_n_0
    SLICE_X37Y84         MUXF7 (Prop_muxf7_I1_O)      0.245    14.854 r  design_1_i/v_tc_0/U0/U_VIDEO_CTRL/AXI4_LITE_INTERFACE.GENR_MUX0/GEN_TREE.GEN_BRANCH[4].GEN_MUX_REG.data_out_reg_reg[4][7]_i_1__0/O
                         net (fo=1, routed)           0.000    14.854    design_1_i/v_tc_0/U0/U_VIDEO_CTRL/AXI4_LITE_INTERFACE.CORE_MUX0/GEN_TREE.GEN_BRANCH[4].GEN_MUX_REG.data_out_reg_reg[4][7]_0
    SLICE_X37Y84         FDRE                                         r  design_1_i/v_tc_0/U0/U_VIDEO_CTRL/AXI4_LITE_INTERFACE.CORE_MUX0/GEN_TREE.GEN_BRANCH[4].GEN_MUX_REG.data_out_reg_reg[4][7]/D
  -------------------------------------------------------------------    -------------------

                         (clock axi_dynclk_0_PXL_CLK_O rise edge)
                                                     10.000    10.000 r  
    PS7_X0Y0             PS7                          0.000    10.000 r  design_1_i/processing_system7_0/inst/PS7_i/FCLKCLK[0]
                         net (fo=1, routed)           1.101    11.101    design_1_i/processing_system7_0/inst/FCLK_CLK_unbuffered[0]
    BUFGCTRL_X0Y1        BUFG (Prop_bufg_I_O)         0.091    11.192 r  design_1_i/processing_system7_0/inst/buffer_fclk_clk_0.FCLK_CLK_0_BUFG/O
                         net (fo=1587, routed)        1.477    12.669    design_1_i/axi_dynclk_0/U0/Inst_mmcme2_drp/REF_CLK_I
    MMCME2_ADV_X0Y1      MMCME2_ADV (Prop_mmcme2_adv_CLKIN1_CLKOUT0)
                                                      0.083    12.752 r  design_1_i/axi_dynclk_0/U0/Inst_mmcme2_drp/mmcm_adv_inst/CLKOUT0
                         net (fo=2, routed)           0.960    13.712    design_1_i/axi_dynclk_0/U0/I
    BUFR_X0Y5            BUFR (Prop_bufr_I_O)         0.918    14.630 r  design_1_i/axi_dynclk_0/U0/BUFR_inst/O
                         net (fo=2843, routed)        0.756    15.386    design_1_i/v_tc_0/U0/U_VIDEO_CTRL/AXI4_LITE_INTERFACE.CORE_MUX0/vid_aclk
    SLICE_X37Y84         FDRE                                         r  design_1_i/v_tc_0/U0/U_VIDEO_CTRL/AXI4_LITE_INTERFACE.CORE_MUX0/GEN_TREE.GEN_BRANCH[4].GEN_MUX_REG.data_out_reg_reg[4][7]/C
                         clock pessimism              0.550    15.936    
                         clock uncertainty           -0.066    15.870    
    SLICE_X37Y84         FDRE (Setup_fdre_C_D)        0.064    15.934    design_1_i/v_tc_0/U0/U_VIDEO_CTRL/AXI4_LITE_INTERFACE.CORE_MUX0/GEN_TREE.GEN_BRANCH[4].GEN_MUX_REG.data_out_reg_reg[4][7]
  -------------------------------------------------------------------
                         required time                         15.934    
                         arrival time                         -14.854    
  -------------------------------------------------------------------
                         slack                                  1.080    

Slack (MET) :             1.104ns  (required time - arrival time)
  Source:                 design_1_i/v_tc_0/U0/U_VIDEO_CTRL/AXI4_LITE_INTERFACE.GENR_MUX0/GEN_SEL_DELAY[1].sel_int_reg[1][0]_rep/C
                            (rising edge-triggered cell FDRE clocked by axi_dynclk_0_PXL_CLK_O  {rise@0.000ns fall@4.000ns period=10.000ns})
  Destination:            design_1_i/v_tc_0/U0/U_VIDEO_CTRL/AXI4_LITE_INTERFACE.GENR_MUX0/GEN_TREE.GEN_BRANCH[5].GEN_MUX_REG.data_out_reg_reg[5][4]/D
                            (rising edge-triggered cell FDRE clocked by axi_dynclk_0_PXL_CLK_O  {rise@0.000ns fall@4.000ns period=10.000ns})
  Path Group:             axi_dynclk_0_PXL_CLK_O
  Path Type:              Setup (Max at Slow Process Corner)
  Requirement:            10.000ns  (axi_dynclk_0_PXL_CLK_O rise@10.000ns - axi_dynclk_0_PXL_CLK_O rise@0.000ns)
  Data Path Delay:        8.753ns  (logic 0.718ns (8.203%)  route 8.035ns (91.797%))
  Logic Levels:           1  (LUT5=1)
  Clock Path Skew:        -0.107ns (DCD - SCD + CPR)
    Destination Clock Delay (DCD):    5.386ns = ( 15.386 - 10.000 ) 
    Source Clock Delay      (SCD):    6.043ns
    Clock Pessimism Removal (CPR):    0.550ns
  Clock Uncertainty:      0.066ns  ((TSJ^2 + DJ^2)^1/2) / 2 + PE
    Total System Jitter     (TSJ):    0.071ns
    Discrete Jitter          (DJ):    0.112ns
    Phase Error              (PE):    0.000ns

    Location             Delay type                Incr(ns)  Path(ns)    Netlist Resource(s)
  -------------------------------------------------------------------    -------------------
                         (clock axi_dynclk_0_PXL_CLK_O rise edge)
                                                      0.000     0.000 r  
    PS7_X0Y0             PS7                          0.000     0.000 r  design_1_i/processing_system7_0/inst/PS7_i/FCLKCLK[0]
                         net (fo=1, routed)           1.207     1.207    design_1_i/processing_system7_0/inst/FCLK_CLK_unbuffered[0]
    BUFGCTRL_X0Y1        BUFG (Prop_bufg_I_O)         0.101     1.308 r  design_1_i/processing_system7_0/inst/buffer_fclk_clk_0.FCLK_CLK_0_BUFG/O
                         net (fo=1587, routed)        1.666     2.974    design_1_i/axi_dynclk_0/U0/Inst_mmcme2_drp/REF_CLK_I
    MMCME2_ADV_X0Y1      MMCME2_ADV (Prop_mmcme2_adv_CLKIN1_CLKOUT0)
                                                      0.088     3.062 r  design_1_i/axi_dynclk_0/U0/Inst_mmcme2_drp/mmcm_adv_inst/CLKOUT0
                         net (fo=2, routed)           1.063     4.125    design_1_i/axi_dynclk_0/U0/I
    BUFR_X0Y5            BUFR (Prop_bufr_I_O)         1.031     5.156 r  design_1_i/axi_dynclk_0/U0/BUFR_inst/O
                         net (fo=2843, routed)        0.887     6.043    design_1_i/v_tc_0/U0/U_VIDEO_CTRL/AXI4_LITE_INTERFACE.GENR_MUX0/vid_aclk
    SLICE_X26Y62         FDRE                                         r  design_1_i/v_tc_0/U0/U_VIDEO_CTRL/AXI4_LITE_INTERFACE.GENR_MUX0/GEN_SEL_DELAY[1].sel_int_reg[1][0]_rep/C
  -------------------------------------------------------------------    -------------------
    SLICE_X26Y62         FDRE (Prop_fdre_C_Q)         0.419     6.462 r  design_1_i/v_tc_0/U0/U_VIDEO_CTRL/AXI4_LITE_INTERFACE.GENR_MUX0/GEN_SEL_DELAY[1].sel_int_reg[1][0]_rep/Q
                         net (fo=130, routed)         8.035    14.497    design_1_i/v_tc_0/U0/U_VIDEO_CTRL/AXI4_LITE_INTERFACE.GENR_MUX0/GEN_SEL_DELAY[1].sel_int_reg[1][0]_rep_n_0
    SLICE_X41Y84         LUT5 (Prop_lut5_I3_O)        0.299    14.796 r  design_1_i/v_tc_0/U0/U_VIDEO_CTRL/AXI4_LITE_INTERFACE.GENR_MUX0/GEN_TREE.GEN_BRANCH[5].GEN_MUX_REG.data_out_reg[5][4]_i_1/O
                         net (fo=1, routed)           0.000    14.796    design_1_i/v_tc_0/U0/U_VIDEO_CTRL/AXI4_LITE_INTERFACE.GENR_MUX0/GEN_TREE.GEN_BRANCH[5].GEN_MUX_REG.data_out_reg[5][4]_i_1_n_0
    SLICE_X41Y84         FDRE                                         r  design_1_i/v_tc_0/U0/U_VIDEO_CTRL/AXI4_LITE_INTERFACE.GENR_MUX0/GEN_TREE.GEN_BRANCH[5].GEN_MUX_REG.data_out_reg_reg[5][4]/D
  -------------------------------------------------------------------    -------------------

                         (clock axi_dynclk_0_PXL_CLK_O rise edge)
                                                     10.000    10.000 r  
    PS7_X0Y0             PS7                          0.000    10.000 r  design_1_i/processing_system7_0/inst/PS7_i/FCLKCLK[0]
                         net (fo=1, routed)           1.101    11.101    design_1_i/processing_system7_0/inst/FCLK_CLK_unbuffered[0]
    BUFGCTRL_X0Y1        BUFG (Prop_bufg_I_O)         0.091    11.192 r  design_1_i/processing_system7_0/inst/buffer_fclk_clk_0.FCLK_CLK_0_BUFG/O
                         net (fo=1587, routed)        1.477    12.669    design_1_i/axi_dynclk_0/U0/Inst_mmcme2_drp/REF_CLK_I
    MMCME2_ADV_X0Y1      MMCME2_ADV (Prop_mmcme2_adv_CLKIN1_CLKOUT0)
                                                      0.083    12.752 r  design_1_i/axi_dynclk_0/U0/Inst_mmcme2_drp/mmcm_adv_inst/CLKOUT0
                         net (fo=2, routed)           0.960    13.712    design_1_i/axi_dynclk_0/U0/I
    BUFR_X0Y5            BUFR (Prop_bufr_I_O)         0.918    14.630 r  design_1_i/axi_dynclk_0/U0/BUFR_inst/O
                         net (fo=2843, routed)        0.756    15.386    design_1_i/v_tc_0/U0/U_VIDEO_CTRL/AXI4_LITE_INTERFACE.GENR_MUX0/vid_aclk
    SLICE_X41Y84         FDRE                                         r  design_1_i/v_tc_0/U0/U_VIDEO_CTRL/AXI4_LITE_INTERFACE.GENR_MUX0/GEN_TREE.GEN_BRANCH[5].GEN_MUX_REG.data_out_reg_reg[5][4]/C
                         clock pessimism              0.550    15.936    
                         clock uncertainty           -0.066    15.870    
    SLICE_X41Y84         FDRE (Setup_fdre_C_D)        0.031    15.901    design_1_i/v_tc_0/U0/U_VIDEO_CTRL/AXI4_LITE_INTERFACE.GENR_MUX0/GEN_TREE.GEN_BRANCH[5].GEN_MUX_REG.data_out_reg_reg[5][4]
  -------------------------------------------------------------------
                         required time                         15.901    
                         arrival time                         -14.796    
  -------------------------------------------------------------------
                         slack                                  1.104    

Slack (MET) :             1.104ns  (required time - arrival time)
  Source:                 design_1_i/v_tc_0/U0/U_VIDEO_CTRL/AXI4_LITE_INTERFACE.GENR_MUX0/GEN_SEL_DELAY[1].sel_int_reg[1][0]_rep/C
                            (rising edge-triggered cell FDRE clocked by axi_dynclk_0_PXL_CLK_O  {rise@0.000ns fall@4.000ns period=10.000ns})
  Destination:            design_1_i/v_tc_0/U0/U_VIDEO_CTRL/AXI4_LITE_INTERFACE.GENR_MUX0/GEN_TREE.GEN_BRANCH[5].GEN_MUX_REG.data_out_reg_reg[5][11]/D
                            (rising edge-triggered cell FDRE clocked by axi_dynclk_0_PXL_CLK_O  {rise@0.000ns fall@4.000ns period=10.000ns})
  Path Group:             axi_dynclk_0_PXL_CLK_O
  Path Type:              Setup (Max at Slow Process Corner)
  Requirement:            10.000ns  (axi_dynclk_0_PXL_CLK_O rise@10.000ns - axi_dynclk_0_PXL_CLK_O rise@0.000ns)
  Data Path Delay:        8.751ns  (logic 0.718ns (8.205%)  route 8.033ns (91.795%))
  Logic Levels:           1  (LUT5=1)
  Clock Path Skew:        -0.107ns (DCD - SCD + CPR)
    Destination Clock Delay (DCD):    5.386ns = ( 15.386 - 10.000 ) 
    Source Clock Delay      (SCD):    6.043ns
    Clock Pessimism Removal (CPR):    0.550ns
  Clock Uncertainty:      0.066ns  ((TSJ^2 + DJ^2)^1/2) / 2 + PE
    Total System Jitter     (TSJ):    0.071ns
    Discrete Jitter          (DJ):    0.112ns
    Phase Error              (PE):    0.000ns

    Location             Delay type                Incr(ns)  Path(ns)    Netlist Resource(s)
  -------------------------------------------------------------------    -------------------
                         (clock axi_dynclk_0_PXL_CLK_O rise edge)
                                                      0.000     0.000 r  
    PS7_X0Y0             PS7                          0.000     0.000 r  design_1_i/processing_system7_0/inst/PS7_i/FCLKCLK[0]
                         net (fo=1, routed)           1.207     1.207    design_1_i/processing_system7_0/inst/FCLK_CLK_unbuffered[0]
    BUFGCTRL_X0Y1        BUFG (Prop_bufg_I_O)         0.101     1.308 r  design_1_i/processing_system7_0/inst/buffer_fclk_clk_0.FCLK_CLK_0_BUFG/O
                         net (fo=1587, routed)        1.666     2.974    design_1_i/axi_dynclk_0/U0/Inst_mmcme2_drp/REF_CLK_I
    MMCME2_ADV_X0Y1      MMCME2_ADV (Prop_mmcme2_adv_CLKIN1_CLKOUT0)
                                                      0.088     3.062 r  design_1_i/axi_dynclk_0/U0/Inst_mmcme2_drp/mmcm_adv_inst/CLKOUT0
                         net (fo=2, routed)           1.063     4.125    design_1_i/axi_dynclk_0/U0/I
    BUFR_X0Y5            BUFR (Prop_bufr_I_O)         1.031     5.156 r  design_1_i/axi_dynclk_0/U0/BUFR_inst/O
                         net (fo=2843, routed)        0.887     6.043    design_1_i/v_tc_0/U0/U_VIDEO_CTRL/AXI4_LITE_INTERFACE.GENR_MUX0/vid_aclk
    SLICE_X26Y62         FDRE                                         r  design_1_i/v_tc_0/U0/U_VIDEO_CTRL/AXI4_LITE_INTERFACE.GENR_MUX0/GEN_SEL_DELAY[1].sel_int_reg[1][0]_rep/C
  -------------------------------------------------------------------    -------------------
    SLICE_X26Y62         FDRE (Prop_fdre_C_Q)         0.419     6.462 r  design_1_i/v_tc_0/U0/U_VIDEO_CTRL/AXI4_LITE_INTERFACE.GENR_MUX0/GEN_SEL_DELAY[1].sel_int_reg[1][0]_rep/Q
                         net (fo=130, routed)         8.033    14.495    design_1_i/v_tc_0/U0/U_VIDEO_CTRL/AXI4_LITE_INTERFACE.GENR_MUX0/GEN_SEL_DELAY[1].sel_int_reg[1][0]_rep_n_0
    SLICE_X41Y84         LUT5 (Prop_lut5_I3_O)        0.299    14.794 r  design_1_i/v_tc_0/U0/U_VIDEO_CTRL/AXI4_LITE_INTERFACE.GENR_MUX0/GEN_TREE.GEN_BRANCH[5].GEN_MUX_REG.data_out_reg[5][11]_i_1/O
                         net (fo=1, routed)           0.000    14.794    design_1_i/v_tc_0/U0/U_VIDEO_CTRL/AXI4_LITE_INTERFACE.GENR_MUX0/GEN_TREE.GEN_BRANCH[5].GEN_MUX_REG.data_out_reg[5][11]_i_1_n_0
    SLICE_X41Y84         FDRE                                         r  design_1_i/v_tc_0/U0/U_VIDEO_CTRL/AXI4_LITE_INTERFACE.GENR_MUX0/GEN_TREE.GEN_BRANCH[5].GEN_MUX_REG.data_out_reg_reg[5][11]/D
  -------------------------------------------------------------------    -------------------

                         (clock axi_dynclk_0_PXL_CLK_O rise edge)
                                                     10.000    10.000 r  
    PS7_X0Y0             PS7                          0.000    10.000 r  design_1_i/processing_system7_0/inst/PS7_i/FCLKCLK[0]
                         net (fo=1, routed)           1.101    11.101    design_1_i/processing_system7_0/inst/FCLK_CLK_unbuffered[0]
    BUFGCTRL_X0Y1        BUFG (Prop_bufg_I_O)         0.091    11.192 r  design_1_i/processing_system7_0/inst/buffer_fclk_clk_0.FCLK_CLK_0_BUFG/O
                         net (fo=1587, routed)        1.477    12.669    design_1_i/axi_dynclk_0/U0/Inst_mmcme2_drp/REF_CLK_I
    MMCME2_ADV_X0Y1      MMCME2_ADV (Prop_mmcme2_adv_CLKIN1_CLKOUT0)
                                                      0.083    12.752 r  design_1_i/axi_dynclk_0/U0/Inst_mmcme2_drp/mmcm_adv_inst/CLKOUT0
                         net (fo=2, routed)           0.960    13.712    design_1_i/axi_dynclk_0/U0/I
    BUFR_X0Y5            BUFR (Prop_bufr_I_O)         0.918    14.630 r  design_1_i/axi_dynclk_0/U0/BUFR_inst/O
                         net (fo=2843, routed)        0.756    15.386    design_1_i/v_tc_0/U0/U_VIDEO_CTRL/AXI4_LITE_INTERFACE.GENR_MUX0/vid_aclk
    SLICE_X41Y84         FDRE                                         r  design_1_i/v_tc_0/U0/U_VIDEO_CTRL/AXI4_LITE_INTERFACE.GENR_MUX0/GEN_TREE.GEN_BRANCH[5].GEN_MUX_REG.data_out_reg_reg[5][11]/C
                         clock pessimism              0.550    15.936    
                         clock uncertainty           -0.066    15.870    
    SLICE_X41Y84         FDRE (Setup_fdre_C_D)        0.029    15.899    design_1_i/v_tc_0/U0/U_VIDEO_CTRL/AXI4_LITE_INTERFACE.GENR_MUX0/GEN_TREE.GEN_BRANCH[5].GEN_MUX_REG.data_out_reg_reg[5][11]
  -------------------------------------------------------------------
                         required time                         15.899    
                         arrival time                         -14.794    
  -------------------------------------------------------------------
                         slack                                  1.104    

Slack (MET) :             1.140ns  (required time - arrival time)
  Source:                 design_1_i/v_tc_0/U0/U_VIDEO_CTRL/AXI4_LITE_INTERFACE.SYNC2VIDCLK_I/data_sync_reg[2][34]/C
                            (rising edge-triggered cell FDRE clocked by axi_dynclk_0_PXL_CLK_O  {rise@0.000ns fall@4.000ns period=10.000ns})
  Destination:            design_1_i/v_tc_0/U0/U_VIDEO_CTRL/AXI4_LITE_INTERFACE.GENR_MUX0/GEN_TREE.GEN_BRANCH[46].GEN_MUX_REG.data_out_reg_reg[46][23]/D
                            (rising edge-triggered cell FDRE clocked by axi_dynclk_0_PXL_CLK_O  {rise@0.000ns fall@4.000ns period=10.000ns})
  Path Group:             axi_dynclk_0_PXL_CLK_O
  Path Type:              Setup (Max at Slow Process Corner)
  Requirement:            10.000ns  (axi_dynclk_0_PXL_CLK_O rise@10.000ns - axi_dynclk_0_PXL_CLK_O rise@0.000ns)
  Data Path Delay:        8.825ns  (logic 0.715ns (8.102%)  route 8.110ns (91.898%))
  Logic Levels:           1  (LUT3=1)
  Clock Path Skew:        -0.046ns (DCD - SCD + CPR)
    Destination Clock Delay (DCD):    5.452ns = ( 15.452 - 10.000 ) 
    Source Clock Delay      (SCD):    6.048ns
    Clock Pessimism Removal (CPR):    0.550ns
  Clock Uncertainty:      0.066ns  ((TSJ^2 + DJ^2)^1/2) / 2 + PE
    Total System Jitter     (TSJ):    0.071ns
    Discrete Jitter          (DJ):    0.112ns
    Phase Error              (PE):    0.000ns

    Location             Delay type                Incr(ns)  Path(ns)    Netlist Resource(s)
  -------------------------------------------------------------------    -------------------
                         (clock axi_dynclk_0_PXL_CLK_O rise edge)
                                                      0.000     0.000 r  
    PS7_X0Y0             PS7                          0.000     0.000 r  design_1_i/processing_system7_0/inst/PS7_i/FCLKCLK[0]
                         net (fo=1, routed)           1.207     1.207    design_1_i/processing_system7_0/inst/FCLK_CLK_unbuffered[0]
    BUFGCTRL_X0Y1        BUFG (Prop_bufg_I_O)         0.101     1.308 r  design_1_i/processing_system7_0/inst/buffer_fclk_clk_0.FCLK_CLK_0_BUFG/O
                         net (fo=1587, routed)        1.666     2.974    design_1_i/axi_dynclk_0/U0/Inst_mmcme2_drp/REF_CLK_I
    MMCME2_ADV_X0Y1      MMCME2_ADV (Prop_mmcme2_adv_CLKIN1_CLKOUT0)
                                                      0.088     3.062 r  design_1_i/axi_dynclk_0/U0/Inst_mmcme2_drp/mmcm_adv_inst/CLKOUT0
                         net (fo=2, routed)           1.063     4.125    design_1_i/axi_dynclk_0/U0/I
    BUFR_X0Y5            BUFR (Prop_bufr_I_O)         1.031     5.156 r  design_1_i/axi_dynclk_0/U0/BUFR_inst/O
                         net (fo=2843, routed)        0.892     6.048    design_1_i/v_tc_0/U0/U_VIDEO_CTRL/AXI4_LITE_INTERFACE.SYNC2VIDCLK_I/vid_aclk
    SLICE_X22Y55         FDRE                                         r  design_1_i/v_tc_0/U0/U_VIDEO_CTRL/AXI4_LITE_INTERFACE.SYNC2VIDCLK_I/data_sync_reg[2][34]/C
  -------------------------------------------------------------------    -------------------
    SLICE_X22Y55         FDRE (Prop_fdre_C_Q)         0.419     6.467 r  design_1_i/v_tc_0/U0/U_VIDEO_CTRL/AXI4_LITE_INTERFACE.SYNC2VIDCLK_I/data_sync_reg[2][34]/Q
                         net (fo=434, routed)         8.110    14.577    design_1_i/v_tc_0/U0/U_VIDEO_CTRL/AXI4_LITE_INTERFACE.SYNC2VIDCLK_I/data_sync[2]_2[34]
    SLICE_X32Y85         LUT3 (Prop_lut3_I1_O)        0.296    14.873 r  design_1_i/v_tc_0/U0/U_VIDEO_CTRL/AXI4_LITE_INTERFACE.SYNC2VIDCLK_I/GEN_TREE.GEN_BRANCH[46].GEN_MUX_REG.data_out_reg[46][23]_i_1/O
                         net (fo=1, routed)           0.000    14.873    design_1_i/v_tc_0/U0/U_VIDEO_CTRL/AXI4_LITE_INTERFACE.GENR_MUX0/GEN_TREE.GEN_BRANCH[46].GEN_MUX_REG.data_out_reg_reg[46][23]_0
    SLICE_X32Y85         FDRE                                         r  design_1_i/v_tc_0/U0/U_VIDEO_CTRL/AXI4_LITE_INTERFACE.GENR_MUX0/GEN_TREE.GEN_BRANCH[46].GEN_MUX_REG.data_out_reg_reg[46][23]/D
  -------------------------------------------------------------------    -------------------

                         (clock axi_dynclk_0_PXL_CLK_O rise edge)
                                                     10.000    10.000 r  
    PS7_X0Y0             PS7                          0.000    10.000 r  design_1_i/processing_system7_0/inst/PS7_i/FCLKCLK[0]
                         net (fo=1, routed)           1.101    11.101    design_1_i/processing_system7_0/inst/FCLK_CLK_unbuffered[0]
    BUFGCTRL_X0Y1        BUFG (Prop_bufg_I_O)         0.091    11.192 r  design_1_i/processing_system7_0/inst/buffer_fclk_clk_0.FCLK_CLK_0_BUFG/O
                         net (fo=1587, routed)        1.477    12.669    design_1_i/axi_dynclk_0/U0/Inst_mmcme2_drp/REF_CLK_I
    MMCME2_ADV_X0Y1      MMCME2_ADV (Prop_mmcme2_adv_CLKIN1_CLKOUT0)
                                                      0.083    12.752 r  design_1_i/axi_dynclk_0/U0/Inst_mmcme2_drp/mmcm_adv_inst/CLKOUT0
                         net (fo=2, routed)           0.960    13.712    design_1_i/axi_dynclk_0/U0/I
    BUFR_X0Y5            BUFR (Prop_bufr_I_O)         0.918    14.630 r  design_1_i/axi_dynclk_0/U0/BUFR_inst/O
                         net (fo=2843, routed)        0.822    15.452    design_1_i/v_tc_0/U0/U_VIDEO_CTRL/AXI4_LITE_INTERFACE.GENR_MUX0/vid_aclk
    SLICE_X32Y85         FDRE                                         r  design_1_i/v_tc_0/U0/U_VIDEO_CTRL/AXI4_LITE_INTERFACE.GENR_MUX0/GEN_TREE.GEN_BRANCH[46].GEN_MUX_REG.data_out_reg_reg[46][23]/C
                         clock pessimism              0.550    16.002    
                         clock uncertainty           -0.066    15.936    
    SLICE_X32Y85         FDRE (Setup_fdre_C_D)        0.077    16.013    design_1_i/v_tc_0/U0/U_VIDEO_CTRL/AXI4_LITE_INTERFACE.GENR_MUX0/GEN_TREE.GEN_BRANCH[46].GEN_MUX_REG.data_out_reg_reg[46][23]
  -------------------------------------------------------------------
                         required time                         16.013    
                         arrival time                         -14.873    
  -------------------------------------------------------------------
                         slack                                  1.140    

Slack (MET) :             1.146ns  (required time - arrival time)
  Source:                 design_1_i/v_tc_0/U0/U_VIDEO_CTRL/AXI4_LITE_INTERFACE.SYNC2VIDCLK_I/data_sync_reg[2][34]/C
                            (rising edge-triggered cell FDRE clocked by axi_dynclk_0_PXL_CLK_O  {rise@0.000ns fall@4.000ns period=10.000ns})
  Destination:            design_1_i/v_tc_0/U0/U_VIDEO_CTRL/AXI4_LITE_INTERFACE.GENR_MUX0/GEN_TREE.GEN_BRANCH[48].GEN_MUX_REG.data_out_reg_reg[48][25]/D
                            (rising edge-triggered cell FDRE clocked by axi_dynclk_0_PXL_CLK_O  {rise@0.000ns fall@4.000ns period=10.000ns})
  Path Group:             axi_dynclk_0_PXL_CLK_O
  Path Type:              Setup (Max at Slow Process Corner)
  Requirement:            10.000ns  (axi_dynclk_0_PXL_CLK_O rise@10.000ns - axi_dynclk_0_PXL_CLK_O rise@0.000ns)
  Data Path Delay:        8.823ns  (logic 0.715ns (8.104%)  route 8.108ns (91.896%))
  Logic Levels:           1  (LUT3=1)
  Clock Path Skew:        -0.046ns (DCD - SCD + CPR)
    Destination Clock Delay (DCD):    5.452ns = ( 15.452 - 10.000 ) 
    Source Clock Delay      (SCD):    6.048ns
    Clock Pessimism Removal (CPR):    0.550ns
  Clock Uncertainty:      0.066ns  ((TSJ^2 + DJ^2)^1/2) / 2 + PE
    Total System Jitter     (TSJ):    0.071ns
    Discrete Jitter          (DJ):    0.112ns
    Phase Error              (PE):    0.000ns

    Location             Delay type                Incr(ns)  Path(ns)    Netlist Resource(s)
  -------------------------------------------------------------------    -------------------
                         (clock axi_dynclk_0_PXL_CLK_O rise edge)
                                                      0.000     0.000 r  
    PS7_X0Y0             PS7                          0.000     0.000 r  design_1_i/processing_system7_0/inst/PS7_i/FCLKCLK[0]
                         net (fo=1, routed)           1.207     1.207    design_1_i/processing_system7_0/inst/FCLK_CLK_unbuffered[0]
    BUFGCTRL_X0Y1        BUFG (Prop_bufg_I_O)         0.101     1.308 r  design_1_i/processing_system7_0/inst/buffer_fclk_clk_0.FCLK_CLK_0_BUFG/O
                         net (fo=1587, routed)        1.666     2.974    design_1_i/axi_dynclk_0/U0/Inst_mmcme2_drp/REF_CLK_I
    MMCME2_ADV_X0Y1      MMCME2_ADV (Prop_mmcme2_adv_CLKIN1_CLKOUT0)
                                                      0.088     3.062 r  design_1_i/axi_dynclk_0/U0/Inst_mmcme2_drp/mmcm_adv_inst/CLKOUT0
                         net (fo=2, routed)           1.063     4.125    design_1_i/axi_dynclk_0/U0/I
    BUFR_X0Y5            BUFR (Prop_bufr_I_O)         1.031     5.156 r  design_1_i/axi_dynclk_0/U0/BUFR_inst/O
                         net (fo=2843, routed)        0.892     6.048    design_1_i/v_tc_0/U0/U_VIDEO_CTRL/AXI4_LITE_INTERFACE.SYNC2VIDCLK_I/vid_aclk
    SLICE_X22Y55         FDRE                                         r  design_1_i/v_tc_0/U0/U_VIDEO_CTRL/AXI4_LITE_INTERFACE.SYNC2VIDCLK_I/data_sync_reg[2][34]/C
  -------------------------------------------------------------------    -------------------
    SLICE_X22Y55         FDRE (Prop_fdre_C_Q)         0.419     6.467 r  design_1_i/v_tc_0/U0/U_VIDEO_CTRL/AXI4_LITE_INTERFACE.SYNC2VIDCLK_I/data_sync_reg[2][34]/Q
                         net (fo=434, routed)         8.108    14.575    design_1_i/v_tc_0/U0/U_VIDEO_CTRL/AXI4_LITE_INTERFACE.SYNC2VIDCLK_I/data_sync[2]_2[34]
    SLICE_X32Y85         LUT3 (Prop_lut3_I1_O)        0.296    14.871 r  design_1_i/v_tc_0/U0/U_VIDEO_CTRL/AXI4_LITE_INTERFACE.SYNC2VIDCLK_I/GEN_TREE.GEN_BRANCH[48].GEN_MUX_REG.data_out_reg[48][25]_i_1/O
                         net (fo=1, routed)           0.000    14.871    design_1_i/v_tc_0/U0/U_VIDEO_CTRL/AXI4_LITE_INTERFACE.GENR_MUX0/GEN_TREE.GEN_BRANCH[48].GEN_MUX_REG.data_out_reg_reg[48][25]_0
    SLICE_X32Y85         FDRE                                         r  design_1_i/v_tc_0/U0/U_VIDEO_CTRL/AXI4_LITE_INTERFACE.GENR_MUX0/GEN_TREE.GEN_BRANCH[48].GEN_MUX_REG.data_out_reg_reg[48][25]/D
  -------------------------------------------------------------------    -------------------

                         (clock axi_dynclk_0_PXL_CLK_O rise edge)
                                                     10.000    10.000 r  
    PS7_X0Y0             PS7                          0.000    10.000 r  design_1_i/processing_system7_0/inst/PS7_i/FCLKCLK[0]
                         net (fo=1, routed)           1.101    11.101    design_1_i/processing_system7_0/inst/FCLK_CLK_unbuffered[0]
    BUFGCTRL_X0Y1        BUFG (Prop_bufg_I_O)         0.091    11.192 r  design_1_i/processing_system7_0/inst/buffer_fclk_clk_0.FCLK_CLK_0_BUFG/O
                         net (fo=1587, routed)        1.477    12.669    design_1_i/axi_dynclk_0/U0/Inst_mmcme2_drp/REF_CLK_I
    MMCME2_ADV_X0Y1      MMCME2_ADV (Prop_mmcme2_adv_CLKIN1_CLKOUT0)
                                                      0.083    12.752 r  design_1_i/axi_dynclk_0/U0/Inst_mmcme2_drp/mmcm_adv_inst/CLKOUT0
                         net (fo=2, routed)           0.960    13.712    design_1_i/axi_dynclk_0/U0/I
    BUFR_X0Y5            BUFR (Prop_bufr_I_O)         0.918    14.630 r  design_1_i/axi_dynclk_0/U0/BUFR_inst/O
                         net (fo=2843, routed)        0.822    15.452    design_1_i/v_tc_0/U0/U_VIDEO_CTRL/AXI4_LITE_INTERFACE.GENR_MUX0/vid_aclk
    SLICE_X32Y85         FDRE                                         r  design_1_i/v_tc_0/U0/U_VIDEO_CTRL/AXI4_LITE_INTERFACE.GENR_MUX0/GEN_TREE.GEN_BRANCH[48].GEN_MUX_REG.data_out_reg_reg[48][25]/C
                         clock pessimism              0.550    16.002    
                         clock uncertainty           -0.066    15.936    
    SLICE_X32Y85         FDRE (Setup_fdre_C_D)        0.081    16.017    design_1_i/v_tc_0/U0/U_VIDEO_CTRL/AXI4_LITE_INTERFACE.GENR_MUX0/GEN_TREE.GEN_BRANCH[48].GEN_MUX_REG.data_out_reg_reg[48][25]
  -------------------------------------------------------------------
                         required time                         16.017    
                         arrival time                         -14.871    
  -------------------------------------------------------------------
                         slack                                  1.146    

Slack (MET) :             1.153ns  (required time - arrival time)
  Source:                 design_1_i/v_tc_0/U0/U_VIDEO_CTRL/AXI4_LITE_INTERFACE.SYNC2VIDCLK_I/data_sync_reg[2][34]/C
                            (rising edge-triggered cell FDRE clocked by axi_dynclk_0_PXL_CLK_O  {rise@0.000ns fall@4.000ns period=10.000ns})
  Destination:            design_1_i/v_tc_0/U0/U_VIDEO_CTRL/AXI4_LITE_INTERFACE.GENR_MUX0/GEN_TREE.GEN_BRANCH[49].GEN_MUX_REG.data_out_reg_reg[49][26]/D
                            (rising edge-triggered cell FDRE clocked by axi_dynclk_0_PXL_CLK_O  {rise@0.000ns fall@4.000ns period=10.000ns})
  Path Group:             axi_dynclk_0_PXL_CLK_O
  Path Type:              Setup (Max at Slow Process Corner)
  Requirement:            10.000ns  (axi_dynclk_0_PXL_CLK_O rise@10.000ns - axi_dynclk_0_PXL_CLK_O rise@0.000ns)
  Data Path Delay:        8.813ns  (logic 0.715ns (8.113%)  route 8.098ns (91.887%))
  Logic Levels:           1  (LUT3=1)
  Clock Path Skew:        -0.046ns (DCD - SCD + CPR)
    Destination Clock Delay (DCD):    5.452ns = ( 15.452 - 10.000 ) 
    Source Clock Delay      (SCD):    6.048ns
    Clock Pessimism Removal (CPR):    0.550ns
  Clock Uncertainty:      0.066ns  ((TSJ^2 + DJ^2)^1/2) / 2 + PE
    Total System Jitter     (TSJ):    0.071ns
    Discrete Jitter          (DJ):    0.112ns
    Phase Error              (PE):    0.000ns

    Location             Delay type                Incr(ns)  Path(ns)    Netlist Resource(s)
  -------------------------------------------------------------------    -------------------
                         (clock axi_dynclk_0_PXL_CLK_O rise edge)
                                                      0.000     0.000 r  
    PS7_X0Y0             PS7                          0.000     0.000 r  design_1_i/processing_system7_0/inst/PS7_i/FCLKCLK[0]
                         net (fo=1, routed)           1.207     1.207    design_1_i/processing_system7_0/inst/FCLK_CLK_unbuffered[0]
    BUFGCTRL_X0Y1        BUFG (Prop_bufg_I_O)         0.101     1.308 r  design_1_i/processing_system7_0/inst/buffer_fclk_clk_0.FCLK_CLK_0_BUFG/O
                         net (fo=1587, routed)        1.666     2.974    design_1_i/axi_dynclk_0/U0/Inst_mmcme2_drp/REF_CLK_I
    MMCME2_ADV_X0Y1      MMCME2_ADV (Prop_mmcme2_adv_CLKIN1_CLKOUT0)
                                                      0.088     3.062 r  design_1_i/axi_dynclk_0/U0/Inst_mmcme2_drp/mmcm_adv_inst/CLKOUT0
                         net (fo=2, routed)           1.063     4.125    design_1_i/axi_dynclk_0/U0/I
    BUFR_X0Y5            BUFR (Prop_bufr_I_O)         1.031     5.156 r  design_1_i/axi_dynclk_0/U0/BUFR_inst/O
                         net (fo=2843, routed)        0.892     6.048    design_1_i/v_tc_0/U0/U_VIDEO_CTRL/AXI4_LITE_INTERFACE.SYNC2VIDCLK_I/vid_aclk
    SLICE_X22Y55         FDRE                                         r  design_1_i/v_tc_0/U0/U_VIDEO_CTRL/AXI4_LITE_INTERFACE.SYNC2VIDCLK_I/data_sync_reg[2][34]/C
  -------------------------------------------------------------------    -------------------
    SLICE_X22Y55         FDRE (Prop_fdre_C_Q)         0.419     6.467 r  design_1_i/v_tc_0/U0/U_VIDEO_CTRL/AXI4_LITE_INTERFACE.SYNC2VIDCLK_I/data_sync_reg[2][34]/Q
                         net (fo=434, routed)         8.098    14.565    design_1_i/v_tc_0/U0/U_VIDEO_CTRL/AXI4_LITE_INTERFACE.SYNC2VIDCLK_I/data_sync[2]_2[34]
    SLICE_X32Y85         LUT3 (Prop_lut3_I1_O)        0.296    14.861 r  design_1_i/v_tc_0/U0/U_VIDEO_CTRL/AXI4_LITE_INTERFACE.SYNC2VIDCLK_I/GEN_TREE.GEN_BRANCH[49].GEN_MUX_REG.data_out_reg[49][26]_i_1/O
                         net (fo=1, routed)           0.000    14.861    design_1_i/v_tc_0/U0/U_VIDEO_CTRL/AXI4_LITE_INTERFACE.GENR_MUX0/p_0_in[26]
    SLICE_X32Y85         FDRE                                         r  design_1_i/v_tc_0/U0/U_VIDEO_CTRL/AXI4_LITE_INTERFACE.GENR_MUX0/GEN_TREE.GEN_BRANCH[49].GEN_MUX_REG.data_out_reg_reg[49][26]/D
  -------------------------------------------------------------------    -------------------

                         (clock axi_dynclk_0_PXL_CLK_O rise edge)
                                                     10.000    10.000 r  
    PS7_X0Y0             PS7                          0.000    10.000 r  design_1_i/processing_system7_0/inst/PS7_i/FCLKCLK[0]
                         net (fo=1, routed)           1.101    11.101    design_1_i/processing_system7_0/inst/FCLK_CLK_unbuffered[0]
    BUFGCTRL_X0Y1        BUFG (Prop_bufg_I_O)         0.091    11.192 r  design_1_i/processing_system7_0/inst/buffer_fclk_clk_0.FCLK_CLK_0_BUFG/O
                         net (fo=1587, routed)        1.477    12.669    design_1_i/axi_dynclk_0/U0/Inst_mmcme2_drp/REF_CLK_I
    MMCME2_ADV_X0Y1      MMCME2_ADV (Prop_mmcme2_adv_CLKIN1_CLKOUT0)
                                                      0.083    12.752 r  design_1_i/axi_dynclk_0/U0/Inst_mmcme2_drp/mmcm_adv_inst/CLKOUT0
                         net (fo=2, routed)           0.960    13.712    design_1_i/axi_dynclk_0/U0/I
    BUFR_X0Y5            BUFR (Prop_bufr_I_O)         0.918    14.630 r  design_1_i/axi_dynclk_0/U0/BUFR_inst/O
                         net (fo=2843, routed)        0.822    15.452    design_1_i/v_tc_0/U0/U_VIDEO_CTRL/AXI4_LITE_INTERFACE.GENR_MUX0/vid_aclk
    SLICE_X32Y85         FDRE                                         r  design_1_i/v_tc_0/U0/U_VIDEO_CTRL/AXI4_LITE_INTERFACE.GENR_MUX0/GEN_TREE.GEN_BRANCH[49].GEN_MUX_REG.data_out_reg_reg[49][26]/C
                         clock pessimism              0.550    16.002    
                         clock uncertainty           -0.066    15.936    
    SLICE_X32Y85         FDRE (Setup_fdre_C_D)        0.079    16.015    design_1_i/v_tc_0/U0/U_VIDEO_CTRL/AXI4_LITE_INTERFACE.GENR_MUX0/GEN_TREE.GEN_BRANCH[49].GEN_MUX_REG.data_out_reg_reg[49][26]
  -------------------------------------------------------------------
                         required time                         16.015    
                         arrival time                         -14.861    
  -------------------------------------------------------------------
                         slack                                  1.153    





Min Delay Paths
--------------------------------------------------------------------------------------
Slack (MET) :             0.106ns  (arrival time - required time)
  Source:                 design_1_i/v_tc_0/U0/U_VIDEO_CTRL/AXI4_LITE_INTERFACE.time_control_regs_int_reg[26][26]/C
                            (rising edge-triggered cell FDSE clocked by axi_dynclk_0_PXL_CLK_O  {rise@0.000ns fall@4.000ns period=10.000ns})
  Destination:            design_1_i/v_tc_0/U0/U_VIDEO_CTRL/AXI4_LITE_INTERFACE.GENR_MUX0/GEN_TREE.GEN_BRANCH[48].GEN_MUX_REG.data_out_reg_reg[48][26]/D
                            (rising edge-triggered cell FDRE clocked by axi_dynclk_0_PXL_CLK_O  {rise@0.000ns fall@4.000ns period=10.000ns})
  Path Group:             axi_dynclk_0_PXL_CLK_O
  Path Type:              Hold (Min at Fast Process Corner)
  Requirement:            0.000ns  (axi_dynclk_0_PXL_CLK_O rise@0.000ns - axi_dynclk_0_PXL_CLK_O rise@0.000ns)
  Data Path Delay:        0.240ns  (logic 0.186ns (77.466%)  route 0.054ns (22.534%))
  Logic Levels:           1  (LUT3=1)
  Clock Path Skew:        0.013ns (DCD - SCD - CPR)
    Destination Clock Delay (DCD):    2.388ns
    Source Clock Delay      (SCD):    1.853ns
    Clock Pessimism Removal (CPR):    0.522ns

    Location             Delay type                Incr(ns)  Path(ns)    Netlist Resource(s)
  -------------------------------------------------------------------    -------------------
                         (clock axi_dynclk_0_PXL_CLK_O rise edge)
                                                      0.000     0.000 r  
    PS7_X0Y0             PS7                          0.000     0.000 r  design_1_i/processing_system7_0/inst/PS7_i/FCLKCLK[0]
                         net (fo=1, routed)           0.315     0.315    design_1_i/processing_system7_0/inst/FCLK_CLK_unbuffered[0]
    BUFGCTRL_X0Y1        BUFG (Prop_bufg_I_O)         0.026     0.341 r  design_1_i/processing_system7_0/inst/buffer_fclk_clk_0.FCLK_CLK_0_BUFG/O
                         net (fo=1587, routed)        0.544     0.885    design_1_i/axi_dynclk_0/U0/Inst_mmcme2_drp/REF_CLK_I
    MMCME2_ADV_X0Y1      MMCME2_ADV (Prop_mmcme2_adv_CLKIN1_CLKOUT0)
                                                      0.050     0.935 r  design_1_i/axi_dynclk_0/U0/Inst_mmcme2_drp/mmcm_adv_inst/CLKOUT0
                         net (fo=2, routed)           0.363     1.298    design_1_i/axi_dynclk_0/U0/I
    BUFR_X0Y5            BUFR (Prop_bufr_I_O)         0.270     1.568 r  design_1_i/axi_dynclk_0/U0/BUFR_inst/O
                         net (fo=2843, routed)        0.285     1.853    design_1_i/v_tc_0/U0/U_VIDEO_CTRL/vid_aclk
    SLICE_X33Y85         FDSE                                         r  design_1_i/v_tc_0/U0/U_VIDEO_CTRL/AXI4_LITE_INTERFACE.time_control_regs_int_reg[26][26]/C
  -------------------------------------------------------------------    -------------------
    SLICE_X33Y85         FDSE (Prop_fdse_C_Q)         0.141     1.994 r  design_1_i/v_tc_0/U0/U_VIDEO_CTRL/AXI4_LITE_INTERFACE.time_control_regs_int_reg[26][26]/Q
                         net (fo=1, routed)           0.054     2.048    design_1_i/v_tc_0/U0/U_VIDEO_CTRL/AXI4_LITE_INTERFACE.SYNC2VIDCLK_I/genr_regs[253]
    SLICE_X32Y85         LUT3 (Prop_lut3_I2_O)        0.045     2.093 r  design_1_i/v_tc_0/U0/U_VIDEO_CTRL/AXI4_LITE_INTERFACE.SYNC2VIDCLK_I/GEN_TREE.GEN_BRANCH[48].GEN_MUX_REG.data_out_reg[48][26]_i_1/O
                         net (fo=1, routed)           0.000     2.093    design_1_i/v_tc_0/U0/U_VIDEO_CTRL/AXI4_LITE_INTERFACE.GENR_MUX0/GEN_TREE.GEN_BRANCH[48].GEN_MUX_REG.data_out_reg_reg[48][26]_0
    SLICE_X32Y85         FDRE                                         r  design_1_i/v_tc_0/U0/U_VIDEO_CTRL/AXI4_LITE_INTERFACE.GENR_MUX0/GEN_TREE.GEN_BRANCH[48].GEN_MUX_REG.data_out_reg_reg[48][26]/D
  -------------------------------------------------------------------    -------------------

                         (clock axi_dynclk_0_PXL_CLK_O rise edge)
                                                      0.000     0.000 r  
    PS7_X0Y0             PS7                          0.000     0.000 r  design_1_i/processing_system7_0/inst/PS7_i/FCLKCLK[0]
                         net (fo=1, routed)           0.341     0.341    design_1_i/processing_system7_0/inst/FCLK_CLK_unbuffered[0]
    BUFGCTRL_X0Y1        BUFG (Prop_bufg_I_O)         0.029     0.370 r  design_1_i/processing_system7_0/inst/buffer_fclk_clk_0.FCLK_CLK_0_BUFG/O
                         net (fo=1587, routed)        0.811     1.181    design_1_i/axi_dynclk_0/U0/Inst_mmcme2_drp/REF_CLK_I
    MMCME2_ADV_X0Y1      MMCME2_ADV (Prop_mmcme2_adv_CLKIN1_CLKOUT0)
                                                      0.053     1.234 r  design_1_i/axi_dynclk_0/U0/Inst_mmcme2_drp/mmcm_adv_inst/CLKOUT0
                         net (fo=2, routed)           0.402     1.636    design_1_i/axi_dynclk_0/U0/I
    BUFR_X0Y5            BUFR (Prop_bufr_I_O)         0.431     2.067 r  design_1_i/axi_dynclk_0/U0/BUFR_inst/O
                         net (fo=2843, routed)        0.321     2.388    design_1_i/v_tc_0/U0/U_VIDEO_CTRL/AXI4_LITE_INTERFACE.GENR_MUX0/vid_aclk
    SLICE_X32Y85         FDRE                                         r  design_1_i/v_tc_0/U0/U_VIDEO_CTRL/AXI4_LITE_INTERFACE.GENR_MUX0/GEN_TREE.GEN_BRANCH[48].GEN_MUX_REG.data_out_reg_reg[48][26]/C
                         clock pessimism             -0.522     1.866    
    SLICE_X32Y85         FDRE (Hold_fdre_C_D)         0.121     1.987    design_1_i/v_tc_0/U0/U_VIDEO_CTRL/AXI4_LITE_INTERFACE.GENR_MUX0/GEN_TREE.GEN_BRANCH[48].GEN_MUX_REG.data_out_reg_reg[48][26]
  -------------------------------------------------------------------
                         required time                         -1.987    
                         arrival time                           2.093    
  -------------------------------------------------------------------
                         slack                                  0.106    

Slack (MET) :             0.106ns  (arrival time - required time)
  Source:                 design_1_i/v_tc_0/U0/U_VIDEO_CTRL/AXI4_LITE_INTERFACE.genr_control_regs_int_reg[0][8]/C
                            (rising edge-triggered cell FDRE clocked by axi_dynclk_0_PXL_CLK_O  {rise@0.000ns fall@4.000ns period=10.000ns})
  Destination:            design_1_i/v_tc_0/U0/U_VIDEO_CTRL/AXI4_LITE_INTERFACE.GENR_MUX0/GEN_TREE.GEN_BRANCH[31].GEN_MUX_REG.data_out_reg_reg[31][8]/D
                            (rising edge-triggered cell FDRE clocked by axi_dynclk_0_PXL_CLK_O  {rise@0.000ns fall@4.000ns period=10.000ns})
  Path Group:             axi_dynclk_0_PXL_CLK_O
  Path Type:              Hold (Min at Fast Process Corner)
  Requirement:            0.000ns  (axi_dynclk_0_PXL_CLK_O rise@0.000ns - axi_dynclk_0_PXL_CLK_O rise@0.000ns)
  Data Path Delay:        0.240ns  (logic 0.186ns (77.466%)  route 0.054ns (22.534%))
  Logic Levels:           1  (LUT3=1)
  Clock Path Skew:        0.013ns (DCD - SCD - CPR)
    Destination Clock Delay (DCD):    2.378ns
    Source Clock Delay      (SCD):    1.844ns
    Clock Pessimism Removal (CPR):    0.521ns

    Location             Delay type                Incr(ns)  Path(ns)    Netlist Resource(s)
  -------------------------------------------------------------------    -------------------
                         (clock axi_dynclk_0_PXL_CLK_O rise edge)
                                                      0.000     0.000 r  
    PS7_X0Y0             PS7                          0.000     0.000 r  design_1_i/processing_system7_0/inst/PS7_i/FCLKCLK[0]
                         net (fo=1, routed)           0.315     0.315    design_1_i/processing_system7_0/inst/FCLK_CLK_unbuffered[0]
    BUFGCTRL_X0Y1        BUFG (Prop_bufg_I_O)         0.026     0.341 r  design_1_i/processing_system7_0/inst/buffer_fclk_clk_0.FCLK_CLK_0_BUFG/O
                         net (fo=1587, routed)        0.544     0.885    design_1_i/axi_dynclk_0/U0/Inst_mmcme2_drp/REF_CLK_I
    MMCME2_ADV_X0Y1      MMCME2_ADV (Prop_mmcme2_adv_CLKIN1_CLKOUT0)
                                                      0.050     0.935 r  design_1_i/axi_dynclk_0/U0/Inst_mmcme2_drp/mmcm_adv_inst/CLKOUT0
                         net (fo=2, routed)           0.363     1.298    design_1_i/axi_dynclk_0/U0/I
    BUFR_X0Y5            BUFR (Prop_bufr_I_O)         0.270     1.568 r  design_1_i/axi_dynclk_0/U0/BUFR_inst/O
                         net (fo=2843, routed)        0.276     1.844    design_1_i/v_tc_0/U0/U_VIDEO_CTRL/vid_aclk
    SLICE_X29Y74         FDRE                                         r  design_1_i/v_tc_0/U0/U_VIDEO_CTRL/AXI4_LITE_INTERFACE.genr_control_regs_int_reg[0][8]/C
  -------------------------------------------------------------------    -------------------
    SLICE_X29Y74         FDRE (Prop_fdre_C_Q)         0.141     1.985 r  design_1_i/v_tc_0/U0/U_VIDEO_CTRL/AXI4_LITE_INTERFACE.genr_control_regs_int_reg[0][8]/Q
                         net (fo=1, routed)           0.054     2.039    design_1_i/v_tc_0/U0/U_VIDEO_CTRL/AXI4_LITE_INTERFACE.SYNC2VIDCLK_I/genr_control_regs[0][5]
    SLICE_X28Y74         LUT3 (Prop_lut3_I2_O)        0.045     2.084 r  design_1_i/v_tc_0/U0/U_VIDEO_CTRL/AXI4_LITE_INTERFACE.SYNC2VIDCLK_I/GEN_TREE.GEN_BRANCH[31].GEN_MUX_REG.data_out_reg[31][8]_i_1/O
                         net (fo=1, routed)           0.000     2.084    design_1_i/v_tc_0/U0/U_VIDEO_CTRL/AXI4_LITE_INTERFACE.GENR_MUX0/GEN_TREE.GEN_BRANCH[31].GEN_MUX_REG.data_out_reg_reg[31][8]_0
    SLICE_X28Y74         FDRE                                         r  design_1_i/v_tc_0/U0/U_VIDEO_CTRL/AXI4_LITE_INTERFACE.GENR_MUX0/GEN_TREE.GEN_BRANCH[31].GEN_MUX_REG.data_out_reg_reg[31][8]/D
  -------------------------------------------------------------------    -------------------

                         (clock axi_dynclk_0_PXL_CLK_O rise edge)
                                                      0.000     0.000 r  
    PS7_X0Y0             PS7                          0.000     0.000 r  design_1_i/processing_system7_0/inst/PS7_i/FCLKCLK[0]
                         net (fo=1, routed)           0.341     0.341    design_1_i/processing_system7_0/inst/FCLK_CLK_unbuffered[0]
    BUFGCTRL_X0Y1        BUFG (Prop_bufg_I_O)         0.029     0.370 r  design_1_i/processing_system7_0/inst/buffer_fclk_clk_0.FCLK_CLK_0_BUFG/O
                         net (fo=1587, routed)        0.811     1.181    design_1_i/axi_dynclk_0/U0/Inst_mmcme2_drp/REF_CLK_I
    MMCME2_ADV_X0Y1      MMCME2_ADV (Prop_mmcme2_adv_CLKIN1_CLKOUT0)
                                                      0.053     1.234 r  design_1_i/axi_dynclk_0/U0/Inst_mmcme2_drp/mmcm_adv_inst/CLKOUT0
                         net (fo=2, routed)           0.402     1.636    design_1_i/axi_dynclk_0/U0/I
    BUFR_X0Y5            BUFR (Prop_bufr_I_O)         0.431     2.067 r  design_1_i/axi_dynclk_0/U0/BUFR_inst/O
                         net (fo=2843, routed)        0.311     2.378    design_1_i/v_tc_0/U0/U_VIDEO_CTRL/AXI4_LITE_INTERFACE.GENR_MUX0/vid_aclk
    SLICE_X28Y74         FDRE                                         r  design_1_i/v_tc_0/U0/U_VIDEO_CTRL/AXI4_LITE_INTERFACE.GENR_MUX0/GEN_TREE.GEN_BRANCH[31].GEN_MUX_REG.data_out_reg_reg[31][8]/C
                         clock pessimism             -0.521     1.857    
    SLICE_X28Y74         FDRE (Hold_fdre_C_D)         0.121     1.978    design_1_i/v_tc_0/U0/U_VIDEO_CTRL/AXI4_LITE_INTERFACE.GENR_MUX0/GEN_TREE.GEN_BRANCH[31].GEN_MUX_REG.data_out_reg_reg[31][8]
  -------------------------------------------------------------------
                         required time                         -1.978    
                         arrival time                           2.084    
  -------------------------------------------------------------------
                         slack                                  0.106    

Slack (MET) :             0.106ns  (arrival time - required time)
  Source:                 design_1_i/v_tc_0/U0/U_VIDEO_CTRL/AXI4_LITE_INTERFACE.time_control_regs_int_reg[19][1]/C
                            (rising edge-triggered cell FDSE clocked by axi_dynclk_0_PXL_CLK_O  {rise@0.000ns fall@4.000ns period=10.000ns})
  Destination:            design_1_i/v_tc_0/U0/U_VIDEO_CTRL/AXI4_LITE_INTERFACE.GENR_MUX0/GEN_TREE.GEN_BRANCH[44].GEN_MUX_REG.data_out_reg_reg[44][1]/D
                            (rising edge-triggered cell FDRE clocked by axi_dynclk_0_PXL_CLK_O  {rise@0.000ns fall@4.000ns period=10.000ns})
  Path Group:             axi_dynclk_0_PXL_CLK_O
  Path Type:              Hold (Min at Fast Process Corner)
  Requirement:            0.000ns  (axi_dynclk_0_PXL_CLK_O rise@0.000ns - axi_dynclk_0_PXL_CLK_O rise@0.000ns)
  Data Path Delay:        0.240ns  (logic 0.186ns (77.466%)  route 0.054ns (22.534%))
  Logic Levels:           1  (LUT3=1)
  Clock Path Skew:        0.013ns (DCD - SCD - CPR)
    Destination Clock Delay (DCD):    2.359ns
    Source Clock Delay      (SCD):    1.827ns
    Clock Pessimism Removal (CPR):    0.519ns

    Location             Delay type                Incr(ns)  Path(ns)    Netlist Resource(s)
  -------------------------------------------------------------------    -------------------
                         (clock axi_dynclk_0_PXL_CLK_O rise edge)
                                                      0.000     0.000 r  
    PS7_X0Y0             PS7                          0.000     0.000 r  design_1_i/processing_system7_0/inst/PS7_i/FCLKCLK[0]
                         net (fo=1, routed)           0.315     0.315    design_1_i/processing_system7_0/inst/FCLK_CLK_unbuffered[0]
    BUFGCTRL_X0Y1        BUFG (Prop_bufg_I_O)         0.026     0.341 r  design_1_i/processing_system7_0/inst/buffer_fclk_clk_0.FCLK_CLK_0_BUFG/O
                         net (fo=1587, routed)        0.544     0.885    design_1_i/axi_dynclk_0/U0/Inst_mmcme2_drp/REF_CLK_I
    MMCME2_ADV_X0Y1      MMCME2_ADV (Prop_mmcme2_adv_CLKIN1_CLKOUT0)
                                                      0.050     0.935 r  design_1_i/axi_dynclk_0/U0/Inst_mmcme2_drp/mmcm_adv_inst/CLKOUT0
                         net (fo=2, routed)           0.363     1.298    design_1_i/axi_dynclk_0/U0/I
    BUFR_X0Y5            BUFR (Prop_bufr_I_O)         0.270     1.568 r  design_1_i/axi_dynclk_0/U0/BUFR_inst/O
                         net (fo=2843, routed)        0.259     1.827    design_1_i/v_tc_0/U0/U_VIDEO_CTRL/vid_aclk
    SLICE_X39Y67         FDSE                                         r  design_1_i/v_tc_0/U0/U_VIDEO_CTRL/AXI4_LITE_INTERFACE.time_control_regs_int_reg[19][1]/C
  -------------------------------------------------------------------    -------------------
    SLICE_X39Y67         FDSE (Prop_fdse_C_Q)         0.141     1.968 r  design_1_i/v_tc_0/U0/U_VIDEO_CTRL/AXI4_LITE_INTERFACE.time_control_regs_int_reg[19][1]/Q
                         net (fo=1, routed)           0.054     2.022    design_1_i/v_tc_0/U0/U_VIDEO_CTRL/AXI4_LITE_INTERFACE.SYNC2VIDCLK_I/genr_regs[33]
    SLICE_X38Y67         LUT3 (Prop_lut3_I0_O)        0.045     2.067 r  design_1_i/v_tc_0/U0/U_VIDEO_CTRL/AXI4_LITE_INTERFACE.SYNC2VIDCLK_I/GEN_TREE.GEN_BRANCH[44].GEN_MUX_REG.data_out_reg[44][1]_i_1/O
                         net (fo=1, routed)           0.000     2.067    design_1_i/v_tc_0/U0/U_VIDEO_CTRL/AXI4_LITE_INTERFACE.GENR_MUX0/GEN_TREE.GEN_BRANCH[44].GEN_MUX_REG.data_out_reg_reg[44][1]_0
    SLICE_X38Y67         FDRE                                         r  design_1_i/v_tc_0/U0/U_VIDEO_CTRL/AXI4_LITE_INTERFACE.GENR_MUX0/GEN_TREE.GEN_BRANCH[44].GEN_MUX_REG.data_out_reg_reg[44][1]/D
  -------------------------------------------------------------------    -------------------

                         (clock axi_dynclk_0_PXL_CLK_O rise edge)
                                                      0.000     0.000 r  
    PS7_X0Y0             PS7                          0.000     0.000 r  design_1_i/processing_system7_0/inst/PS7_i/FCLKCLK[0]
                         net (fo=1, routed)           0.341     0.341    design_1_i/processing_system7_0/inst/FCLK_CLK_unbuffered[0]
    BUFGCTRL_X0Y1        BUFG (Prop_bufg_I_O)         0.029     0.370 r  design_1_i/processing_system7_0/inst/buffer_fclk_clk_0.FCLK_CLK_0_BUFG/O
                         net (fo=1587, routed)        0.811     1.181    design_1_i/axi_dynclk_0/U0/Inst_mmcme2_drp/REF_CLK_I
    MMCME2_ADV_X0Y1      MMCME2_ADV (Prop_mmcme2_adv_CLKIN1_CLKOUT0)
                                                      0.053     1.234 r  design_1_i/axi_dynclk_0/U0/Inst_mmcme2_drp/mmcm_adv_inst/CLKOUT0
                         net (fo=2, routed)           0.402     1.636    design_1_i/axi_dynclk_0/U0/I
    BUFR_X0Y5            BUFR (Prop_bufr_I_O)         0.431     2.067 r  design_1_i/axi_dynclk_0/U0/BUFR_inst/O
                         net (fo=2843, routed)        0.292     2.359    design_1_i/v_tc_0/U0/U_VIDEO_CTRL/AXI4_LITE_INTERFACE.GENR_MUX0/vid_aclk
    SLICE_X38Y67         FDRE                                         r  design_1_i/v_tc_0/U0/U_VIDEO_CTRL/AXI4_LITE_INTERFACE.GENR_MUX0/GEN_TREE.GEN_BRANCH[44].GEN_MUX_REG.data_out_reg_reg[44][1]/C
                         clock pessimism             -0.519     1.840    
    SLICE_X38Y67         FDRE (Hold_fdre_C_D)         0.121     1.961    design_1_i/v_tc_0/U0/U_VIDEO_CTRL/AXI4_LITE_INTERFACE.GENR_MUX0/GEN_TREE.GEN_BRANCH[44].GEN_MUX_REG.data_out_reg_reg[44][1]
  -------------------------------------------------------------------
                         required time                         -1.961    
                         arrival time                           2.067    
  -------------------------------------------------------------------
                         slack                                  0.106    

Slack (MET) :             0.106ns  (arrival time - required time)
  Source:                 design_1_i/v_tc_0/U0/U_VIDEO_CTRL/GEN_HAS_IRQ.intr_stat_set_d_reg[10]/C
                            (rising edge-triggered cell FDRE clocked by axi_dynclk_0_PXL_CLK_O  {rise@0.000ns fall@4.000ns period=10.000ns})
  Destination:            design_1_i/v_tc_0/U0/U_VIDEO_CTRL/GEN_HAS_IRQ.intr_stat_reg[10]/D
                            (rising edge-triggered cell FDRE clocked by axi_dynclk_0_PXL_CLK_O  {rise@0.000ns fall@4.000ns period=10.000ns})
  Path Group:             axi_dynclk_0_PXL_CLK_O
  Path Type:              Hold (Min at Fast Process Corner)
  Requirement:            0.000ns  (axi_dynclk_0_PXL_CLK_O rise@0.000ns - axi_dynclk_0_PXL_CLK_O rise@0.000ns)
  Data Path Delay:        0.240ns  (logic 0.186ns (77.466%)  route 0.054ns (22.534%))
  Logic Levels:           1  (LUT5=1)
  Clock Path Skew:        0.013ns (DCD - SCD - CPR)
    Destination Clock Delay (DCD):    2.383ns
    Source Clock Delay      (SCD):    1.848ns
    Clock Pessimism Removal (CPR):    0.522ns

    Location             Delay type                Incr(ns)  Path(ns)    Netlist Resource(s)
  -------------------------------------------------------------------    -------------------
                         (clock axi_dynclk_0_PXL_CLK_O rise edge)
                                                      0.000     0.000 r  
    PS7_X0Y0             PS7                          0.000     0.000 r  design_1_i/processing_system7_0/inst/PS7_i/FCLKCLK[0]
                         net (fo=1, routed)           0.315     0.315    design_1_i/processing_system7_0/inst/FCLK_CLK_unbuffered[0]
    BUFGCTRL_X0Y1        BUFG (Prop_bufg_I_O)         0.026     0.341 r  design_1_i/processing_system7_0/inst/buffer_fclk_clk_0.FCLK_CLK_0_BUFG/O
                         net (fo=1587, routed)        0.544     0.885    design_1_i/axi_dynclk_0/U0/Inst_mmcme2_drp/REF_CLK_I
    MMCME2_ADV_X0Y1      MMCME2_ADV (Prop_mmcme2_adv_CLKIN1_CLKOUT0)
                                                      0.050     0.935 r  design_1_i/axi_dynclk_0/U0/Inst_mmcme2_drp/mmcm_adv_inst/CLKOUT0
                         net (fo=2, routed)           0.363     1.298    design_1_i/axi_dynclk_0/U0/I
    BUFR_X0Y5            BUFR (Prop_bufr_I_O)         0.270     1.568 r  design_1_i/axi_dynclk_0/U0/BUFR_inst/O
                         net (fo=2843, routed)        0.280     1.848    design_1_i/v_tc_0/U0/U_VIDEO_CTRL/vid_aclk
    SLICE_X29Y70         FDRE                                         r  design_1_i/v_tc_0/U0/U_VIDEO_CTRL/GEN_HAS_IRQ.intr_stat_set_d_reg[10]/C
  -------------------------------------------------------------------    -------------------
    SLICE_X29Y70         FDRE (Prop_fdre_C_Q)         0.141     1.989 f  design_1_i/v_tc_0/U0/U_VIDEO_CTRL/GEN_HAS_IRQ.intr_stat_set_d_reg[10]/Q
                         net (fo=1, routed)           0.054     2.043    design_1_i/v_tc_0/U0/U_VIDEO_CTRL/intr_stat_set_d[10]
    SLICE_X28Y70         LUT5 (Prop_lut5_I1_O)        0.045     2.088 r  design_1_i/v_tc_0/U0/U_VIDEO_CTRL/GEN_HAS_IRQ.intr_stat[10]_i_1/O
                         net (fo=1, routed)           0.000     2.088    design_1_i/v_tc_0/U0/U_VIDEO_CTRL/GEN_HAS_IRQ.intr_stat[10]_i_1_n_0
    SLICE_X28Y70         FDRE                                         r  design_1_i/v_tc_0/U0/U_VIDEO_CTRL/GEN_HAS_IRQ.intr_stat_reg[10]/D
  -------------------------------------------------------------------    -------------------

                         (clock axi_dynclk_0_PXL_CLK_O rise edge)
                                                      0.000     0.000 r  
    PS7_X0Y0             PS7                          0.000     0.000 r  design_1_i/processing_system7_0/inst/PS7_i/FCLKCLK[0]
                         net (fo=1, routed)           0.341     0.341    design_1_i/processing_system7_0/inst/FCLK_CLK_unbuffered[0]
    BUFGCTRL_X0Y1        BUFG (Prop_bufg_I_O)         0.029     0.370 r  design_1_i/processing_system7_0/inst/buffer_fclk_clk_0.FCLK_CLK_0_BUFG/O
                         net (fo=1587, routed)        0.811     1.181    design_1_i/axi_dynclk_0/U0/Inst_mmcme2_drp/REF_CLK_I
    MMCME2_ADV_X0Y1      MMCME2_ADV (Prop_mmcme2_adv_CLKIN1_CLKOUT0)
                                                      0.053     1.234 r  design_1_i/axi_dynclk_0/U0/Inst_mmcme2_drp/mmcm_adv_inst/CLKOUT0
                         net (fo=2, routed)           0.402     1.636    design_1_i/axi_dynclk_0/U0/I
    BUFR_X0Y5            BUFR (Prop_bufr_I_O)         0.431     2.067 r  design_1_i/axi_dynclk_0/U0/BUFR_inst/O
                         net (fo=2843, routed)        0.316     2.383    design_1_i/v_tc_0/U0/U_VIDEO_CTRL/vid_aclk
    SLICE_X28Y70         FDRE                                         r  design_1_i/v_tc_0/U0/U_VIDEO_CTRL/GEN_HAS_IRQ.intr_stat_reg[10]/C
                         clock pessimism             -0.522     1.861    
    SLICE_X28Y70         FDRE (Hold_fdre_C_D)         0.121     1.982    design_1_i/v_tc_0/U0/U_VIDEO_CTRL/GEN_HAS_IRQ.intr_stat_reg[10]
  -------------------------------------------------------------------
                         required time                         -1.982    
                         arrival time                           2.088    
  -------------------------------------------------------------------
                         slack                                  0.106    

Slack (MET) :             0.117ns  (arrival time - required time)
  Source:                 design_1_i/v_tc_0/U0/U_VIDEO_CTRL/GEN_HAS_IRQ.intr_stat_reg[5]/C
                            (rising edge-triggered cell FDRE clocked by axi_dynclk_0_PXL_CLK_O  {rise@0.000ns fall@4.000ns period=10.000ns})
  Destination:            design_1_i/v_tc_0/U0/U_VIDEO_CTRL/AXI4_LITE_INTERFACE.GENR_MUX0/GEN_TREE.GEN_BRANCH[31].GEN_MUX_REG.data_out_reg_reg[31][5]/D
                            (rising edge-triggered cell FDRE clocked by axi_dynclk_0_PXL_CLK_O  {rise@0.000ns fall@4.000ns period=10.000ns})
  Path Group:             axi_dynclk_0_PXL_CLK_O
  Path Type:              Hold (Min at Fast Process Corner)
  Requirement:            0.000ns  (axi_dynclk_0_PXL_CLK_O rise@0.000ns - axi_dynclk_0_PXL_CLK_O rise@0.000ns)
  Data Path Delay:        0.251ns  (logic 0.186ns (74.103%)  route 0.065ns (25.897%))
  Logic Levels:           1  (LUT3=1)
  Clock Path Skew:        0.013ns (DCD - SCD - CPR)
    Destination Clock Delay (DCD):    2.388ns
    Source Clock Delay      (SCD):    1.854ns
    Clock Pessimism Removal (CPR):    0.521ns

    Location             Delay type                Incr(ns)  Path(ns)    Netlist Resource(s)
  -------------------------------------------------------------------    -------------------
                         (clock axi_dynclk_0_PXL_CLK_O rise edge)
                                                      0.000     0.000 r  
    PS7_X0Y0             PS7                          0.000     0.000 r  design_1_i/processing_system7_0/inst/PS7_i/FCLKCLK[0]
                         net (fo=1, routed)           0.315     0.315    design_1_i/processing_system7_0/inst/FCLK_CLK_unbuffered[0]
    BUFGCTRL_X0Y1        BUFG (Prop_bufg_I_O)         0.026     0.341 r  design_1_i/processing_system7_0/inst/buffer_fclk_clk_0.FCLK_CLK_0_BUFG/O
                         net (fo=1587, routed)        0.544     0.885    design_1_i/axi_dynclk_0/U0/Inst_mmcme2_drp/REF_CLK_I
    MMCME2_ADV_X0Y1      MMCME2_ADV (Prop_mmcme2_adv_CLKIN1_CLKOUT0)
                                                      0.050     0.935 r  design_1_i/axi_dynclk_0/U0/Inst_mmcme2_drp/mmcm_adv_inst/CLKOUT0
                         net (fo=2, routed)           0.363     1.298    design_1_i/axi_dynclk_0/U0/I
    BUFR_X0Y5            BUFR (Prop_bufr_I_O)         0.270     1.568 r  design_1_i/axi_dynclk_0/U0/BUFR_inst/O
                         net (fo=2843, routed)        0.286     1.854    design_1_i/v_tc_0/U0/U_VIDEO_CTRL/vid_aclk
    SLICE_X35Y87         FDRE                                         r  design_1_i/v_tc_0/U0/U_VIDEO_CTRL/GEN_HAS_IRQ.intr_stat_reg[5]/C
  -------------------------------------------------------------------    -------------------
    SLICE_X35Y87         FDRE (Prop_fdre_C_Q)         0.141     1.995 r  design_1_i/v_tc_0/U0/U_VIDEO_CTRL/GEN_HAS_IRQ.intr_stat_reg[5]/Q
                         net (fo=2, routed)           0.065     2.060    design_1_i/v_tc_0/U0/U_VIDEO_CTRL/AXI4_LITE_INTERFACE.SYNC2VIDCLK_I/genr_status_regs_int_reg[1][5]
    SLICE_X34Y87         LUT3 (Prop_lut3_I0_O)        0.045     2.105 r  design_1_i/v_tc_0/U0/U_VIDEO_CTRL/AXI4_LITE_INTERFACE.SYNC2VIDCLK_I/GEN_TREE.GEN_BRANCH[31].GEN_MUX_REG.data_out_reg[31][5]_i_1/O
                         net (fo=1, routed)           0.000     2.105    design_1_i/v_tc_0/U0/U_VIDEO_CTRL/AXI4_LITE_INTERFACE.GENR_MUX0/GEN_TREE.GEN_BRANCH[31].GEN_MUX_REG.data_out_reg_reg[31][5]_0
    SLICE_X34Y87         FDRE                                         r  design_1_i/v_tc_0/U0/U_VIDEO_CTRL/AXI4_LITE_INTERFACE.GENR_MUX0/GEN_TREE.GEN_BRANCH[31].GEN_MUX_REG.data_out_reg_reg[31][5]/D
  -------------------------------------------------------------------    -------------------

                         (clock axi_dynclk_0_PXL_CLK_O rise edge)
                                                      0.000     0.000 r  
    PS7_X0Y0             PS7                          0.000     0.000 r  design_1_i/processing_system7_0/inst/PS7_i/FCLKCLK[0]
                         net (fo=1, routed)           0.341     0.341    design_1_i/processing_system7_0/inst/FCLK_CLK_unbuffered[0]
    BUFGCTRL_X0Y1        BUFG (Prop_bufg_I_O)         0.029     0.370 r  design_1_i/processing_system7_0/inst/buffer_fclk_clk_0.FCLK_CLK_0_BUFG/O
                         net (fo=1587, routed)        0.811     1.181    design_1_i/axi_dynclk_0/U0/Inst_mmcme2_drp/REF_CLK_I
    MMCME2_ADV_X0Y1      MMCME2_ADV (Prop_mmcme2_adv_CLKIN1_CLKOUT0)
                                                      0.053     1.234 r  design_1_i/axi_dynclk_0/U0/Inst_mmcme2_drp/mmcm_adv_inst/CLKOUT0
                         net (fo=2, routed)           0.402     1.636    design_1_i/axi_dynclk_0/U0/I
    BUFR_X0Y5            BUFR (Prop_bufr_I_O)         0.431     2.067 r  design_1_i/axi_dynclk_0/U0/BUFR_inst/O
                         net (fo=2843, routed)        0.321     2.388    design_1_i/v_tc_0/U0/U_VIDEO_CTRL/AXI4_LITE_INTERFACE.GENR_MUX0/vid_aclk
    SLICE_X34Y87         FDRE                                         r  design_1_i/v_tc_0/U0/U_VIDEO_CTRL/AXI4_LITE_INTERFACE.GENR_MUX0/GEN_TREE.GEN_BRANCH[31].GEN_MUX_REG.data_out_reg_reg[31][5]/C
                         clock pessimism             -0.521     1.867    
    SLICE_X34Y87         FDRE (Hold_fdre_C_D)         0.121     1.988    design_1_i/v_tc_0/U0/U_VIDEO_CTRL/AXI4_LITE_INTERFACE.GENR_MUX0/GEN_TREE.GEN_BRANCH[31].GEN_MUX_REG.data_out_reg_reg[31][5]
  -------------------------------------------------------------------
                         required time                         -1.988    
                         arrival time                           2.105    
  -------------------------------------------------------------------
                         slack                                  0.117    

Slack (MET) :             0.121ns  (arrival time - required time)
  Source:                 design_1_i/v_axi4s_vid_out_0/inst/COUPLER_INST/generate_async_fifo.FIFO_INST/XPM_FIFO_ASYNC_INST/gnuram_async_fifo.xpm_fifo_base_inst/gen_cdc_pntr.wr_pntr_cdc_inst/dest_graysync_ff_reg[0][3]/C
                            (rising edge-triggered cell FDRE clocked by axi_dynclk_0_PXL_CLK_O  {rise@0.000ns fall@4.000ns period=10.000ns})
  Destination:            design_1_i/v_axi4s_vid_out_0/inst/COUPLER_INST/generate_async_fifo.FIFO_INST/XPM_FIFO_ASYNC_INST/gnuram_async_fifo.xpm_fifo_base_inst/gen_cdc_pntr.wr_pntr_cdc_inst/dest_graysync_ff_reg[1][3]/D
                            (rising edge-triggered cell FDRE clocked by axi_dynclk_0_PXL_CLK_O  {rise@0.000ns fall@4.000ns period=10.000ns})
  Path Group:             axi_dynclk_0_PXL_CLK_O
  Path Type:              Hold (Min at Fast Process Corner)
  Requirement:            0.000ns  (axi_dynclk_0_PXL_CLK_O rise@0.000ns - axi_dynclk_0_PXL_CLK_O rise@0.000ns)
  Data Path Delay:        0.197ns  (logic 0.141ns (71.611%)  route 0.056ns (28.389%))
  Logic Levels:           0  
  Clock Path Skew:        0.000ns (DCD - SCD - CPR)
    Destination Clock Delay (DCD):    2.395ns
    Source Clock Delay      (SCD):    1.859ns
    Clock Pessimism Removal (CPR):    0.536ns

    Location             Delay type                Incr(ns)  Path(ns)    Netlist Resource(s)
  -------------------------------------------------------------------    -------------------
                         (clock axi_dynclk_0_PXL_CLK_O rise edge)
                                                      0.000     0.000 r  
    PS7_X0Y0             PS7                          0.000     0.000 r  design_1_i/processing_system7_0/inst/PS7_i/FCLKCLK[0]
                         net (fo=1, routed)           0.315     0.315    design_1_i/processing_system7_0/inst/FCLK_CLK_unbuffered[0]
    BUFGCTRL_X0Y1        BUFG (Prop_bufg_I_O)         0.026     0.341 r  design_1_i/processing_system7_0/inst/buffer_fclk_clk_0.FCLK_CLK_0_BUFG/O
                         net (fo=1587, routed)        0.544     0.885    design_1_i/axi_dynclk_0/U0/Inst_mmcme2_drp/REF_CLK_I
    MMCME2_ADV_X0Y1      MMCME2_ADV (Prop_mmcme2_adv_CLKIN1_CLKOUT0)
                                                      0.050     0.935 r  design_1_i/axi_dynclk_0/U0/Inst_mmcme2_drp/mmcm_adv_inst/CLKOUT0
                         net (fo=2, routed)           0.363     1.298    design_1_i/axi_dynclk_0/U0/I
    BUFR_X0Y5            BUFR (Prop_bufr_I_O)         0.270     1.568 r  design_1_i/axi_dynclk_0/U0/BUFR_inst/O
                         net (fo=2843, routed)        0.291     1.859    design_1_i/v_axi4s_vid_out_0/inst/COUPLER_INST/generate_async_fifo.FIFO_INST/XPM_FIFO_ASYNC_INST/gnuram_async_fifo.xpm_fifo_base_inst/gen_cdc_pntr.wr_pntr_cdc_inst/dest_clk
    SLICE_X27Y52         FDRE                                         r  design_1_i/v_axi4s_vid_out_0/inst/COUPLER_INST/generate_async_fifo.FIFO_INST/XPM_FIFO_ASYNC_INST/gnuram_async_fifo.xpm_fifo_base_inst/gen_cdc_pntr.wr_pntr_cdc_inst/dest_graysync_ff_reg[0][3]/C
  -------------------------------------------------------------------    -------------------
    SLICE_X27Y52         FDRE (Prop_fdre_C_Q)         0.141     2.000 r  design_1_i/v_axi4s_vid_out_0/inst/COUPLER_INST/generate_async_fifo.FIFO_INST/XPM_FIFO_ASYNC_INST/gnuram_async_fifo.xpm_fifo_base_inst/gen_cdc_pntr.wr_pntr_cdc_inst/dest_graysync_ff_reg[0][3]/Q
                         net (fo=1, routed)           0.056     2.055    design_1_i/v_axi4s_vid_out_0/inst/COUPLER_INST/generate_async_fifo.FIFO_INST/XPM_FIFO_ASYNC_INST/gnuram_async_fifo.xpm_fifo_base_inst/gen_cdc_pntr.wr_pntr_cdc_inst/dest_graysync_ff[0][3]
    SLICE_X27Y52         FDRE                                         r  design_1_i/v_axi4s_vid_out_0/inst/COUPLER_INST/generate_async_fifo.FIFO_INST/XPM_FIFO_ASYNC_INST/gnuram_async_fifo.xpm_fifo_base_inst/gen_cdc_pntr.wr_pntr_cdc_inst/dest_graysync_ff_reg[1][3]/D
  -------------------------------------------------------------------    -------------------

                         (clock axi_dynclk_0_PXL_CLK_O rise edge)
                                                      0.000     0.000 r  
    PS7_X0Y0             PS7                          0.000     0.000 r  design_1_i/processing_system7_0/inst/PS7_i/FCLKCLK[0]
                         net (fo=1, routed)           0.341     0.341    design_1_i/processing_system7_0/inst/FCLK_CLK_unbuffered[0]
    BUFGCTRL_X0Y1        BUFG (Prop_bufg_I_O)         0.029     0.370 r  design_1_i/processing_system7_0/inst/buffer_fclk_clk_0.FCLK_CLK_0_BUFG/O
                         net (fo=1587, routed)        0.811     1.181    design_1_i/axi_dynclk_0/U0/Inst_mmcme2_drp/REF_CLK_I
    MMCME2_ADV_X0Y1      MMCME2_ADV (Prop_mmcme2_adv_CLKIN1_CLKOUT0)
                                                      0.053     1.234 r  design_1_i/axi_dynclk_0/U0/Inst_mmcme2_drp/mmcm_adv_inst/CLKOUT0
                         net (fo=2, routed)           0.402     1.636    design_1_i/axi_dynclk_0/U0/I
    BUFR_X0Y5            BUFR (Prop_bufr_I_O)         0.431     2.067 r  design_1_i/axi_dynclk_0/U0/BUFR_inst/O
                         net (fo=2843, routed)        0.328     2.395    design_1_i/v_axi4s_vid_out_0/inst/COUPLER_INST/generate_async_fifo.FIFO_INST/XPM_FIFO_ASYNC_INST/gnuram_async_fifo.xpm_fifo_base_inst/gen_cdc_pntr.wr_pntr_cdc_inst/dest_clk
    SLICE_X27Y52         FDRE                                         r  design_1_i/v_axi4s_vid_out_0/inst/COUPLER_INST/generate_async_fifo.FIFO_INST/XPM_FIFO_ASYNC_INST/gnuram_async_fifo.xpm_fifo_base_inst/gen_cdc_pntr.wr_pntr_cdc_inst/dest_graysync_ff_reg[1][3]/C
                         clock pessimism             -0.536     1.859    
    SLICE_X27Y52         FDRE (Hold_fdre_C_D)         0.076     1.935    design_1_i/v_axi4s_vid_out_0/inst/COUPLER_INST/generate_async_fifo.FIFO_INST/XPM_FIFO_ASYNC_INST/gnuram_async_fifo.xpm_fifo_base_inst/gen_cdc_pntr.wr_pntr_cdc_inst/dest_graysync_ff_reg[1][3]
  -------------------------------------------------------------------
                         required time                         -1.935    
                         arrival time                           2.055    
  -------------------------------------------------------------------
                         slack                                  0.121    

Slack (MET) :             0.121ns  (arrival time - required time)
  Source:                 design_1_i/v_tc_0/U0/U_VIDEO_CTRL/AXI4_LITE_INTERFACE.SYNC2VIDCLK_I/data_sync_reg[0][18]/C
                            (rising edge-triggered cell FDRE clocked by axi_dynclk_0_PXL_CLK_O  {rise@0.000ns fall@4.000ns period=10.000ns})
  Destination:            design_1_i/v_tc_0/U0/U_VIDEO_CTRL/AXI4_LITE_INTERFACE.SYNC2VIDCLK_I/data_sync_reg[1][18]/D
                            (rising edge-triggered cell FDRE clocked by axi_dynclk_0_PXL_CLK_O  {rise@0.000ns fall@4.000ns period=10.000ns})
  Path Group:             axi_dynclk_0_PXL_CLK_O
  Path Type:              Hold (Min at Fast Process Corner)
  Requirement:            0.000ns  (axi_dynclk_0_PXL_CLK_O rise@0.000ns - axi_dynclk_0_PXL_CLK_O rise@0.000ns)
  Data Path Delay:        0.197ns  (logic 0.141ns (71.611%)  route 0.056ns (28.389%))
  Logic Levels:           0  
  Clock Path Skew:        0.000ns (DCD - SCD - CPR)
    Destination Clock Delay (DCD):    2.394ns
    Source Clock Delay      (SCD):    1.858ns
    Clock Pessimism Removal (CPR):    0.536ns

    Location             Delay type                Incr(ns)  Path(ns)    Netlist Resource(s)
  -------------------------------------------------------------------    -------------------
                         (clock axi_dynclk_0_PXL_CLK_O rise edge)
                                                      0.000     0.000 r  
    PS7_X0Y0             PS7                          0.000     0.000 r  design_1_i/processing_system7_0/inst/PS7_i/FCLKCLK[0]
                         net (fo=1, routed)           0.315     0.315    design_1_i/processing_system7_0/inst/FCLK_CLK_unbuffered[0]
    BUFGCTRL_X0Y1        BUFG (Prop_bufg_I_O)         0.026     0.341 r  design_1_i/processing_system7_0/inst/buffer_fclk_clk_0.FCLK_CLK_0_BUFG/O
                         net (fo=1587, routed)        0.544     0.885    design_1_i/axi_dynclk_0/U0/Inst_mmcme2_drp/REF_CLK_I
    MMCME2_ADV_X0Y1      MMCME2_ADV (Prop_mmcme2_adv_CLKIN1_CLKOUT0)
                                                      0.050     0.935 r  design_1_i/axi_dynclk_0/U0/Inst_mmcme2_drp/mmcm_adv_inst/CLKOUT0
                         net (fo=2, routed)           0.363     1.298    design_1_i/axi_dynclk_0/U0/I
    BUFR_X0Y5            BUFR (Prop_bufr_I_O)         0.270     1.568 r  design_1_i/axi_dynclk_0/U0/BUFR_inst/O
                         net (fo=2843, routed)        0.290     1.858    design_1_i/v_tc_0/U0/U_VIDEO_CTRL/AXI4_LITE_INTERFACE.SYNC2VIDCLK_I/vid_aclk
    SLICE_X27Y54         FDRE                                         r  design_1_i/v_tc_0/U0/U_VIDEO_CTRL/AXI4_LITE_INTERFACE.SYNC2VIDCLK_I/data_sync_reg[0][18]/C
  -------------------------------------------------------------------    -------------------
    SLICE_X27Y54         FDRE (Prop_fdre_C_Q)         0.141     1.999 r  design_1_i/v_tc_0/U0/U_VIDEO_CTRL/AXI4_LITE_INTERFACE.SYNC2VIDCLK_I/data_sync_reg[0][18]/Q
                         net (fo=1, routed)           0.056     2.054    design_1_i/v_tc_0/U0/U_VIDEO_CTRL/AXI4_LITE_INTERFACE.SYNC2VIDCLK_I/data_sync[0]_0[18]
    SLICE_X27Y54         FDRE                                         r  design_1_i/v_tc_0/U0/U_VIDEO_CTRL/AXI4_LITE_INTERFACE.SYNC2VIDCLK_I/data_sync_reg[1][18]/D
  -------------------------------------------------------------------    -------------------

                         (clock axi_dynclk_0_PXL_CLK_O rise edge)
                                                      0.000     0.000 r  
    PS7_X0Y0             PS7                          0.000     0.000 r  design_1_i/processing_system7_0/inst/PS7_i/FCLKCLK[0]
                         net (fo=1, routed)           0.341     0.341    design_1_i/processing_system7_0/inst/FCLK_CLK_unbuffered[0]
    BUFGCTRL_X0Y1        BUFG (Prop_bufg_I_O)         0.029     0.370 r  design_1_i/processing_system7_0/inst/buffer_fclk_clk_0.FCLK_CLK_0_BUFG/O
                         net (fo=1587, routed)        0.811     1.181    design_1_i/axi_dynclk_0/U0/Inst_mmcme2_drp/REF_CLK_I
    MMCME2_ADV_X0Y1      MMCME2_ADV (Prop_mmcme2_adv_CLKIN1_CLKOUT0)
                                                      0.053     1.234 r  design_1_i/axi_dynclk_0/U0/Inst_mmcme2_drp/mmcm_adv_inst/CLKOUT0
                         net (fo=2, routed)           0.402     1.636    design_1_i/axi_dynclk_0/U0/I
    BUFR_X0Y5            BUFR (Prop_bufr_I_O)         0.431     2.067 r  design_1_i/axi_dynclk_0/U0/BUFR_inst/O
                         net (fo=2843, routed)        0.327     2.394    design_1_i/v_tc_0/U0/U_VIDEO_CTRL/AXI4_LITE_INTERFACE.SYNC2VIDCLK_I/vid_aclk
    SLICE_X27Y54         FDRE                                         r  design_1_i/v_tc_0/U0/U_VIDEO_CTRL/AXI4_LITE_INTERFACE.SYNC2VIDCLK_I/data_sync_reg[1][18]/C
                         clock pessimism             -0.536     1.858    
    SLICE_X27Y54         FDRE (Hold_fdre_C_D)         0.076     1.934    design_1_i/v_tc_0/U0/U_VIDEO_CTRL/AXI4_LITE_INTERFACE.SYNC2VIDCLK_I/data_sync_reg[1][18]
  -------------------------------------------------------------------
                         required time                         -1.934    
                         arrival time                           2.054    
  -------------------------------------------------------------------
                         slack                                  0.121    

Slack (MET) :             0.121ns  (arrival time - required time)
  Source:                 design_1_i/v_tc_0/U0/U_VIDEO_CTRL/AXI4_LITE_INTERFACE.SYNC2VIDCLK_I/data_sync_reg[0][30]/C
                            (rising edge-triggered cell FDRE clocked by axi_dynclk_0_PXL_CLK_O  {rise@0.000ns fall@4.000ns period=10.000ns})
  Destination:            design_1_i/v_tc_0/U0/U_VIDEO_CTRL/AXI4_LITE_INTERFACE.SYNC2VIDCLK_I/data_sync_reg[1][30]/D
                            (rising edge-triggered cell FDRE clocked by axi_dynclk_0_PXL_CLK_O  {rise@0.000ns fall@4.000ns period=10.000ns})
  Path Group:             axi_dynclk_0_PXL_CLK_O
  Path Type:              Hold (Min at Fast Process Corner)
  Requirement:            0.000ns  (axi_dynclk_0_PXL_CLK_O rise@0.000ns - axi_dynclk_0_PXL_CLK_O rise@0.000ns)
  Data Path Delay:        0.197ns  (logic 0.141ns (71.611%)  route 0.056ns (28.389%))
  Logic Levels:           0  
  Clock Path Skew:        0.000ns (DCD - SCD - CPR)
    Destination Clock Delay (DCD):    2.395ns
    Source Clock Delay      (SCD):    1.859ns
    Clock Pessimism Removal (CPR):    0.536ns

    Location             Delay type                Incr(ns)  Path(ns)    Netlist Resource(s)
  -------------------------------------------------------------------    -------------------
                         (clock axi_dynclk_0_PXL_CLK_O rise edge)
                                                      0.000     0.000 r  
    PS7_X0Y0             PS7                          0.000     0.000 r  design_1_i/processing_system7_0/inst/PS7_i/FCLKCLK[0]
                         net (fo=1, routed)           0.315     0.315    design_1_i/processing_system7_0/inst/FCLK_CLK_unbuffered[0]
    BUFGCTRL_X0Y1        BUFG (Prop_bufg_I_O)         0.026     0.341 r  design_1_i/processing_system7_0/inst/buffer_fclk_clk_0.FCLK_CLK_0_BUFG/O
                         net (fo=1587, routed)        0.544     0.885    design_1_i/axi_dynclk_0/U0/Inst_mmcme2_drp/REF_CLK_I
    MMCME2_ADV_X0Y1      MMCME2_ADV (Prop_mmcme2_adv_CLKIN1_CLKOUT0)
                                                      0.050     0.935 r  design_1_i/axi_dynclk_0/U0/Inst_mmcme2_drp/mmcm_adv_inst/CLKOUT0
                         net (fo=2, routed)           0.363     1.298    design_1_i/axi_dynclk_0/U0/I
    BUFR_X0Y5            BUFR (Prop_bufr_I_O)         0.270     1.568 r  design_1_i/axi_dynclk_0/U0/BUFR_inst/O
                         net (fo=2843, routed)        0.291     1.859    design_1_i/v_tc_0/U0/U_VIDEO_CTRL/AXI4_LITE_INTERFACE.SYNC2VIDCLK_I/vid_aclk
    SLICE_X23Y52         FDRE                                         r  design_1_i/v_tc_0/U0/U_VIDEO_CTRL/AXI4_LITE_INTERFACE.SYNC2VIDCLK_I/data_sync_reg[0][30]/C
  -------------------------------------------------------------------    -------------------
    SLICE_X23Y52         FDRE (Prop_fdre_C_Q)         0.141     2.000 r  design_1_i/v_tc_0/U0/U_VIDEO_CTRL/AXI4_LITE_INTERFACE.SYNC2VIDCLK_I/data_sync_reg[0][30]/Q
                         net (fo=1, routed)           0.056     2.055    design_1_i/v_tc_0/U0/U_VIDEO_CTRL/AXI4_LITE_INTERFACE.SYNC2VIDCLK_I/data_sync[0]_0[30]
    SLICE_X23Y52         FDRE                                         r  design_1_i/v_tc_0/U0/U_VIDEO_CTRL/AXI4_LITE_INTERFACE.SYNC2VIDCLK_I/data_sync_reg[1][30]/D
  -------------------------------------------------------------------    -------------------

                         (clock axi_dynclk_0_PXL_CLK_O rise edge)
                                                      0.000     0.000 r  
    PS7_X0Y0             PS7                          0.000     0.000 r  design_1_i/processing_system7_0/inst/PS7_i/FCLKCLK[0]
                         net (fo=1, routed)           0.341     0.341    design_1_i/processing_system7_0/inst/FCLK_CLK_unbuffered[0]
    BUFGCTRL_X0Y1        BUFG (Prop_bufg_I_O)         0.029     0.370 r  design_1_i/processing_system7_0/inst/buffer_fclk_clk_0.FCLK_CLK_0_BUFG/O
                         net (fo=1587, routed)        0.811     1.181    design_1_i/axi_dynclk_0/U0/Inst_mmcme2_drp/REF_CLK_I
    MMCME2_ADV_X0Y1      MMCME2_ADV (Prop_mmcme2_adv_CLKIN1_CLKOUT0)
                                                      0.053     1.234 r  design_1_i/axi_dynclk_0/U0/Inst_mmcme2_drp/mmcm_adv_inst/CLKOUT0
                         net (fo=2, routed)           0.402     1.636    design_1_i/axi_dynclk_0/U0/I
    BUFR_X0Y5            BUFR (Prop_bufr_I_O)         0.431     2.067 r  design_1_i/axi_dynclk_0/U0/BUFR_inst/O
                         net (fo=2843, routed)        0.328     2.395    design_1_i/v_tc_0/U0/U_VIDEO_CTRL/AXI4_LITE_INTERFACE.SYNC2VIDCLK_I/vid_aclk
    SLICE_X23Y52         FDRE                                         r  design_1_i/v_tc_0/U0/U_VIDEO_CTRL/AXI4_LITE_INTERFACE.SYNC2VIDCLK_I/data_sync_reg[1][30]/C
                         clock pessimism             -0.536     1.859    
    SLICE_X23Y52         FDRE (Hold_fdre_C_D)         0.076     1.935    design_1_i/v_tc_0/U0/U_VIDEO_CTRL/AXI4_LITE_INTERFACE.SYNC2VIDCLK_I/data_sync_reg[1][30]
  -------------------------------------------------------------------
                         required time                         -1.935    
                         arrival time                           2.055    
  -------------------------------------------------------------------
                         slack                                  0.121    

Slack (MET) :             0.121ns  (arrival time - required time)
  Source:                 design_1_i/v_tc_0/U0/U_VIDEO_CTRL/AXI4_LITE_INTERFACE.SYNC2VIDCLK_I/data_sync_reg[0][36]/C
                            (rising edge-triggered cell FDRE clocked by axi_dynclk_0_PXL_CLK_O  {rise@0.000ns fall@4.000ns period=10.000ns})
  Destination:            design_1_i/v_tc_0/U0/U_VIDEO_CTRL/AXI4_LITE_INTERFACE.SYNC2VIDCLK_I/data_sync_reg[1][36]/D
                            (rising edge-triggered cell FDRE clocked by axi_dynclk_0_PXL_CLK_O  {rise@0.000ns fall@4.000ns period=10.000ns})
  Path Group:             axi_dynclk_0_PXL_CLK_O
  Path Type:              Hold (Min at Fast Process Corner)
  Requirement:            0.000ns  (axi_dynclk_0_PXL_CLK_O rise@0.000ns - axi_dynclk_0_PXL_CLK_O rise@0.000ns)
  Data Path Delay:        0.197ns  (logic 0.141ns (71.611%)  route 0.056ns (28.389%))
  Logic Levels:           0  
  Clock Path Skew:        0.000ns (DCD - SCD - CPR)
    Destination Clock Delay (DCD):    2.392ns
    Source Clock Delay      (SCD):    1.856ns
    Clock Pessimism Removal (CPR):    0.536ns

    Location             Delay type                Incr(ns)  Path(ns)    Netlist Resource(s)
  -------------------------------------------------------------------    -------------------
                         (clock axi_dynclk_0_PXL_CLK_O rise edge)
                                                      0.000     0.000 r  
    PS7_X0Y0             PS7                          0.000     0.000 r  design_1_i/processing_system7_0/inst/PS7_i/FCLKCLK[0]
                         net (fo=1, routed)           0.315     0.315    design_1_i/processing_system7_0/inst/FCLK_CLK_unbuffered[0]
    BUFGCTRL_X0Y1        BUFG (Prop_bufg_I_O)         0.026     0.341 r  design_1_i/processing_system7_0/inst/buffer_fclk_clk_0.FCLK_CLK_0_BUFG/O
                         net (fo=1587, routed)        0.544     0.885    design_1_i/axi_dynclk_0/U0/Inst_mmcme2_drp/REF_CLK_I
    MMCME2_ADV_X0Y1      MMCME2_ADV (Prop_mmcme2_adv_CLKIN1_CLKOUT0)
                                                      0.050     0.935 r  design_1_i/axi_dynclk_0/U0/Inst_mmcme2_drp/mmcm_adv_inst/CLKOUT0
                         net (fo=2, routed)           0.363     1.298    design_1_i/axi_dynclk_0/U0/I
    BUFR_X0Y5            BUFR (Prop_bufr_I_O)         0.270     1.568 r  design_1_i/axi_dynclk_0/U0/BUFR_inst/O
                         net (fo=2843, routed)        0.288     1.856    design_1_i/v_tc_0/U0/U_VIDEO_CTRL/AXI4_LITE_INTERFACE.SYNC2VIDCLK_I/vid_aclk
    SLICE_X23Y61         FDRE                                         r  design_1_i/v_tc_0/U0/U_VIDEO_CTRL/AXI4_LITE_INTERFACE.SYNC2VIDCLK_I/data_sync_reg[0][36]/C
  -------------------------------------------------------------------    -------------------
    SLICE_X23Y61         FDRE (Prop_fdre_C_Q)         0.141     1.997 r  design_1_i/v_tc_0/U0/U_VIDEO_CTRL/AXI4_LITE_INTERFACE.SYNC2VIDCLK_I/data_sync_reg[0][36]/Q
                         net (fo=1, routed)           0.056     2.052    design_1_i/v_tc_0/U0/U_VIDEO_CTRL/AXI4_LITE_INTERFACE.SYNC2VIDCLK_I/data_sync[0]_0[36]
    SLICE_X23Y61         FDRE                                         r  design_1_i/v_tc_0/U0/U_VIDEO_CTRL/AXI4_LITE_INTERFACE.SYNC2VIDCLK_I/data_sync_reg[1][36]/D
  -------------------------------------------------------------------    -------------------

                         (clock axi_dynclk_0_PXL_CLK_O rise edge)
                                                      0.000     0.000 r  
    PS7_X0Y0             PS7                          0.000     0.000 r  design_1_i/processing_system7_0/inst/PS7_i/FCLKCLK[0]
                         net (fo=1, routed)           0.341     0.341    design_1_i/processing_system7_0/inst/FCLK_CLK_unbuffered[0]
    BUFGCTRL_X0Y1        BUFG (Prop_bufg_I_O)         0.029     0.370 r  design_1_i/processing_system7_0/inst/buffer_fclk_clk_0.FCLK_CLK_0_BUFG/O
                         net (fo=1587, routed)        0.811     1.181    design_1_i/axi_dynclk_0/U0/Inst_mmcme2_drp/REF_CLK_I
    MMCME2_ADV_X0Y1      MMCME2_ADV (Prop_mmcme2_adv_CLKIN1_CLKOUT0)
                                                      0.053     1.234 r  design_1_i/axi_dynclk_0/U0/Inst_mmcme2_drp/mmcm_adv_inst/CLKOUT0
                         net (fo=2, routed)           0.402     1.636    design_1_i/axi_dynclk_0/U0/I
    BUFR_X0Y5            BUFR (Prop_bufr_I_O)         0.431     2.067 r  design_1_i/axi_dynclk_0/U0/BUFR_inst/O
                         net (fo=2843, routed)        0.325     2.392    design_1_i/v_tc_0/U0/U_VIDEO_CTRL/AXI4_LITE_INTERFACE.SYNC2VIDCLK_I/vid_aclk
    SLICE_X23Y61         FDRE                                         r  design_1_i/v_tc_0/U0/U_VIDEO_CTRL/AXI4_LITE_INTERFACE.SYNC2VIDCLK_I/data_sync_reg[1][36]/C
                         clock pessimism             -0.536     1.856    
    SLICE_X23Y61         FDRE (Hold_fdre_C_D)         0.076     1.932    design_1_i/v_tc_0/U0/U_VIDEO_CTRL/AXI4_LITE_INTERFACE.SYNC2VIDCLK_I/data_sync_reg[1][36]
  -------------------------------------------------------------------
                         required time                         -1.932    
                         arrival time                           2.052    
  -------------------------------------------------------------------
                         slack                                  0.121    

Slack (MET) :             0.121ns  (arrival time - required time)
  Source:                 design_1_i/v_axi4s_vid_out_0/inst/COUPLER_INST/generate_async_fifo.FIFO_INST/XPM_FIFO_ASYNC_INST/gnuram_async_fifo.xpm_fifo_base_inst/gen_cdc_pntr.wr_pntr_cdc_inst/dest_graysync_ff_reg[0][9]/C
                            (rising edge-triggered cell FDRE clocked by axi_dynclk_0_PXL_CLK_O  {rise@0.000ns fall@4.000ns period=10.000ns})
  Destination:            design_1_i/v_axi4s_vid_out_0/inst/COUPLER_INST/generate_async_fifo.FIFO_INST/XPM_FIFO_ASYNC_INST/gnuram_async_fifo.xpm_fifo_base_inst/gen_cdc_pntr.wr_pntr_cdc_inst/dest_graysync_ff_reg[1][9]/D
                            (rising edge-triggered cell FDRE clocked by axi_dynclk_0_PXL_CLK_O  {rise@0.000ns fall@4.000ns period=10.000ns})
  Path Group:             axi_dynclk_0_PXL_CLK_O
  Path Type:              Hold (Min at Fast Process Corner)
  Requirement:            0.000ns  (axi_dynclk_0_PXL_CLK_O rise@0.000ns - axi_dynclk_0_PXL_CLK_O rise@0.000ns)
  Data Path Delay:        0.197ns  (logic 0.141ns (71.611%)  route 0.056ns (28.389%))
  Logic Levels:           0  
  Clock Path Skew:        0.000ns (DCD - SCD - CPR)
    Destination Clock Delay (DCD):    2.394ns
    Source Clock Delay      (SCD):    1.857ns
    Clock Pessimism Removal (CPR):    0.537ns

    Location             Delay type                Incr(ns)  Path(ns)    Netlist Resource(s)
  -------------------------------------------------------------------    -------------------
                         (clock axi_dynclk_0_PXL_CLK_O rise edge)
                                                      0.000     0.000 r  
    PS7_X0Y0             PS7                          0.000     0.000 r  design_1_i/processing_system7_0/inst/PS7_i/FCLKCLK[0]
                         net (fo=1, routed)           0.315     0.315    design_1_i/processing_system7_0/inst/FCLK_CLK_unbuffered[0]
    BUFGCTRL_X0Y1        BUFG (Prop_bufg_I_O)         0.026     0.341 r  design_1_i/processing_system7_0/inst/buffer_fclk_clk_0.FCLK_CLK_0_BUFG/O
                         net (fo=1587, routed)        0.544     0.885    design_1_i/axi_dynclk_0/U0/Inst_mmcme2_drp/REF_CLK_I
    MMCME2_ADV_X0Y1      MMCME2_ADV (Prop_mmcme2_adv_CLKIN1_CLKOUT0)
                                                      0.050     0.935 r  design_1_i/axi_dynclk_0/U0/Inst_mmcme2_drp/mmcm_adv_inst/CLKOUT0
                         net (fo=2, routed)           0.363     1.298    design_1_i/axi_dynclk_0/U0/I
    BUFR_X0Y5            BUFR (Prop_bufr_I_O)         0.270     1.568 r  design_1_i/axi_dynclk_0/U0/BUFR_inst/O
                         net (fo=2843, routed)        0.289     1.857    design_1_i/v_axi4s_vid_out_0/inst/COUPLER_INST/generate_async_fifo.FIFO_INST/XPM_FIFO_ASYNC_INST/gnuram_async_fifo.xpm_fifo_base_inst/gen_cdc_pntr.wr_pntr_cdc_inst/dest_clk
    SLICE_X31Y54         FDRE                                         r  design_1_i/v_axi4s_vid_out_0/inst/COUPLER_INST/generate_async_fifo.FIFO_INST/XPM_FIFO_ASYNC_INST/gnuram_async_fifo.xpm_fifo_base_inst/gen_cdc_pntr.wr_pntr_cdc_inst/dest_graysync_ff_reg[0][9]/C
  -------------------------------------------------------------------    -------------------
    SLICE_X31Y54         FDRE (Prop_fdre_C_Q)         0.141     1.998 r  design_1_i/v_axi4s_vid_out_0/inst/COUPLER_INST/generate_async_fifo.FIFO_INST/XPM_FIFO_ASYNC_INST/gnuram_async_fifo.xpm_fifo_base_inst/gen_cdc_pntr.wr_pntr_cdc_inst/dest_graysync_ff_reg[0][9]/Q
                         net (fo=1, routed)           0.056     2.053    design_1_i/v_axi4s_vid_out_0/inst/COUPLER_INST/generate_async_fifo.FIFO_INST/XPM_FIFO_ASYNC_INST/gnuram_async_fifo.xpm_fifo_base_inst/gen_cdc_pntr.wr_pntr_cdc_inst/dest_graysync_ff[0][9]
    SLICE_X31Y54         FDRE                                         r  design_1_i/v_axi4s_vid_out_0/inst/COUPLER_INST/generate_async_fifo.FIFO_INST/XPM_FIFO_ASYNC_INST/gnuram_async_fifo.xpm_fifo_base_inst/gen_cdc_pntr.wr_pntr_cdc_inst/dest_graysync_ff_reg[1][9]/D
  -------------------------------------------------------------------    -------------------

                         (clock axi_dynclk_0_PXL_CLK_O rise edge)
                                                      0.000     0.000 r  
    PS7_X0Y0             PS7                          0.000     0.000 r  design_1_i/processing_system7_0/inst/PS7_i/FCLKCLK[0]
                         net (fo=1, routed)           0.341     0.341    design_1_i/processing_system7_0/inst/FCLK_CLK_unbuffered[0]
    BUFGCTRL_X0Y1        BUFG (Prop_bufg_I_O)         0.029     0.370 r  design_1_i/processing_system7_0/inst/buffer_fclk_clk_0.FCLK_CLK_0_BUFG/O
                         net (fo=1587, routed)        0.811     1.181    design_1_i/axi_dynclk_0/U0/Inst_mmcme2_drp/REF_CLK_I
    MMCME2_ADV_X0Y1      MMCME2_ADV (Prop_mmcme2_adv_CLKIN1_CLKOUT0)
                                                      0.053     1.234 r  design_1_i/axi_dynclk_0/U0/Inst_mmcme2_drp/mmcm_adv_inst/CLKOUT0
                         net (fo=2, routed)           0.402     1.636    design_1_i/axi_dynclk_0/U0/I
    BUFR_X0Y5            BUFR (Prop_bufr_I_O)         0.431     2.067 r  design_1_i/axi_dynclk_0/U0/BUFR_inst/O
                         net (fo=2843, routed)        0.327     2.394    design_1_i/v_axi4s_vid_out_0/inst/COUPLER_INST/generate_async_fifo.FIFO_INST/XPM_FIFO_ASYNC_INST/gnuram_async_fifo.xpm_fifo_base_inst/gen_cdc_pntr.wr_pntr_cdc_inst/dest_clk
    SLICE_X31Y54         FDRE                                         r  design_1_i/v_axi4s_vid_out_0/inst/COUPLER_INST/generate_async_fifo.FIFO_INST/XPM_FIFO_ASYNC_INST/gnuram_async_fifo.xpm_fifo_base_inst/gen_cdc_pntr.wr_pntr_cdc_inst/dest_graysync_ff_reg[1][9]/C
                         clock pessimism             -0.537     1.857    
    SLICE_X31Y54         FDRE (Hold_fdre_C_D)         0.076     1.933    design_1_i/v_axi4s_vid_out_0/inst/COUPLER_INST/generate_async_fifo.FIFO_INST/XPM_FIFO_ASYNC_INST/gnuram_async_fifo.xpm_fifo_base_inst/gen_cdc_pntr.wr_pntr_cdc_inst/dest_graysync_ff_reg[1][9]
  -------------------------------------------------------------------
                         required time                         -1.933    
                         arrival time                           2.053    
  -------------------------------------------------------------------
                         slack                                  0.121    





Pulse Width Checks
--------------------------------------------------------------------------------------
Clock Name:         axi_dynclk_0_PXL_CLK_O
Waveform(ns):       { 0.000 4.000 }
Period(ns):         10.000
Sources:            { design_1_i/axi_dynclk_0/U0/BUFR_inst/O }

Check Type        Corner  Lib Pin             Reference Pin  Required(ns)  Actual(ns)  Slack(ns)  Location      Pin
Min Period        n/a     RAMB36E1/CLKBWRCLK  n/a            2.576         10.000      7.424      RAMB36_X1Y11  design_1_i/v_axi4s_vid_out_0/inst/COUPLER_INST/generate_async_fifo.FIFO_INST/XPM_FIFO_ASYNC_INST/gnuram_async_fifo.xpm_fifo_base_inst/gen_sdpram.xpm_memory_base_inst/gen_wr_a.gen_word_narrow.mem_reg_0/CLKBWRCLK
Min Period        n/a     RAMB36E1/CLKBWRCLK  n/a            2.576         10.000      7.424      RAMB36_X2Y10  design_1_i/v_axi4s_vid_out_0/inst/COUPLER_INST/generate_async_fifo.FIFO_INST/XPM_FIFO_ASYNC_INST/gnuram_async_fifo.xpm_fifo_base_inst/gen_sdpram.xpm_memory_base_inst/gen_wr_a.gen_word_narrow.mem_reg_1/CLKBWRCLK
Min Period        n/a     RAMB36E1/CLKBWRCLK  n/a            2.576         10.000      7.424      RAMB36_X1Y10  design_1_i/v_axi4s_vid_out_0/inst/COUPLER_INST/generate_async_fifo.FIFO_INST/XPM_FIFO_ASYNC_INST/gnuram_async_fifo.xpm_fifo_base_inst/gen_sdpram.xpm_memory_base_inst/gen_wr_a.gen_word_narrow.mem_reg_2/CLKBWRCLK
Min Period        n/a     OSERDESE2/CLKDIV    n/a            1.667         10.000      8.333      OLOGIC_X0Y74  design_1_i/rgb2dvi_0/U0/ClockSerializer/SerializerMaster/CLKDIV
Min Period        n/a     OSERDESE2/CLKDIV    n/a            1.667         10.000      8.333      OLOGIC_X0Y73  design_1_i/rgb2dvi_0/U0/ClockSerializer/SerializerSlave/CLKDIV
Min Period        n/a     OSERDESE2/CLKDIV    n/a            1.667         10.000      8.333      OLOGIC_X0Y92  design_1_i/rgb2dvi_0/U0/DataEncoders[0].DataSerializer/SerializerMaster/CLKDIV
Min Period        n/a     OSERDESE2/CLKDIV    n/a            1.667         10.000      8.333      OLOGIC_X0Y91  design_1_i/rgb2dvi_0/U0/DataEncoders[0].DataSerializer/SerializerSlave/CLKDIV
Min Period        n/a     OSERDESE2/CLKDIV    n/a            1.667         10.000      8.333      OLOGIC_X0Y98  design_1_i/rgb2dvi_0/U0/DataEncoders[1].DataSerializer/SerializerMaster/CLKDIV
Min Period        n/a     OSERDESE2/CLKDIV    n/a            1.667         10.000      8.333      OLOGIC_X0Y97  design_1_i/rgb2dvi_0/U0/DataEncoders[1].DataSerializer/SerializerSlave/CLKDIV
Min Period        n/a     OSERDESE2/CLKDIV    n/a            1.667         10.000      8.333      OLOGIC_X0Y96  design_1_i/rgb2dvi_0/U0/DataEncoders[2].DataSerializer/SerializerMaster/CLKDIV
Low Pulse Width   Slow    SRL16E/CLK          n/a            0.980         6.000       5.020      SLICE_X34Y64  design_1_i/v_tc_0/U0/U_TC_TOP/detect_en_d_reg[1]_srl2___U_TC_TOP_detect_en_d_reg_r_0/CLK
Low Pulse Width   Fast    SRL16E/CLK          n/a            0.980         6.000       5.020      SLICE_X34Y64  design_1_i/v_tc_0/U0/U_TC_TOP/detect_en_d_reg[1]_srl2___U_TC_TOP_detect_en_d_reg_r_0/CLK
Low Pulse Width   Slow    SRL16E/CLK          n/a            0.980         6.000       5.020      SLICE_X24Y58  design_1_i/v_tc_0/U0/U_TC_TOP/generate_en_d_reg[1]_srl2___U_TC_TOP_detect_en_d_reg_r_0/CLK
Low Pulse Width   Fast    SRL16E/CLK          n/a            0.980         6.000       5.020      SLICE_X24Y58  design_1_i/v_tc_0/U0/U_TC_TOP/generate_en_d_reg[1]_srl2___U_TC_TOP_detect_en_d_reg_r_0/CLK
Low Pulse Width   Slow    SRL16E/CLK          n/a            0.980         6.000       5.020      SLICE_X24Y58  design_1_i/v_tc_0/U0/U_VIDEO_CTRL/AXI4_LITE_INTERFACE.CORE_MUX0/GEN_SEL_DELAY[3].sel_int_reg[3][1]_srl2/CLK
Low Pulse Width   Fast    SRL16E/CLK          n/a            0.980         6.000       5.020      SLICE_X24Y58  design_1_i/v_tc_0/U0/U_VIDEO_CTRL/AXI4_LITE_INTERFACE.CORE_MUX0/GEN_SEL_DELAY[3].sel_int_reg[3][1]_srl2/CLK
Low Pulse Width   Slow    SRL16E/CLK          n/a            0.980         6.000       5.020      SLICE_X24Y58  design_1_i/v_tc_0/U0/U_VIDEO_CTRL/AXI4_LITE_INTERFACE.GENR_MUX0/GEN_SEL_DELAY[4].sel_int_reg[4][1]_srl3/CLK
Low Pulse Width   Fast    SRL16E/CLK          n/a            0.980         6.000       5.020      SLICE_X24Y58  design_1_i/v_tc_0/U0/U_VIDEO_CTRL/AXI4_LITE_INTERFACE.GENR_MUX0/GEN_SEL_DELAY[4].sel_int_reg[4][1]_srl3/CLK
Low Pulse Width   Slow    SRL16E/CLK          n/a            0.980         6.000       5.020      SLICE_X24Y58  design_1_i/v_tc_0/U0/U_VIDEO_CTRL/AXI4_LITE_INTERFACE.GENR_MUX0/GEN_SEL_DELAY[5].sel_int_reg[5][1]_srl4/CLK
Low Pulse Width   Fast    SRL16E/CLK          n/a            0.980         6.000       5.020      SLICE_X24Y58  design_1_i/v_tc_0/U0/U_VIDEO_CTRL/AXI4_LITE_INTERFACE.GENR_MUX0/GEN_SEL_DELAY[5].sel_int_reg[5][1]_srl4/CLK
High Pulse Width  Slow    SRL16E/CLK          n/a            0.980         4.000       3.020      SLICE_X34Y64  design_1_i/v_tc_0/U0/U_TC_TOP/detect_en_d_reg[1]_srl2___U_TC_TOP_detect_en_d_reg_r_0/CLK
High Pulse Width  Fast    SRL16E/CLK          n/a            0.980         4.000       3.020      SLICE_X34Y64  design_1_i/v_tc_0/U0/U_TC_TOP/detect_en_d_reg[1]_srl2___U_TC_TOP_detect_en_d_reg_r_0/CLK
High Pulse Width  Slow    SRL16E/CLK          n/a            0.980         4.000       3.020      SLICE_X24Y58  design_1_i/v_tc_0/U0/U_TC_TOP/generate_en_d_reg[1]_srl2___U_TC_TOP_detect_en_d_reg_r_0/CLK
High Pulse Width  Fast    SRL16E/CLK          n/a            0.980         4.000       3.020      SLICE_X24Y58  design_1_i/v_tc_0/U0/U_TC_TOP/generate_en_d_reg[1]_srl2___U_TC_TOP_detect_en_d_reg_r_0/CLK
High Pulse Width  Slow    SRL16E/CLK          n/a            0.980         4.000       3.020      SLICE_X24Y58  design_1_i/v_tc_0/U0/U_VIDEO_CTRL/AXI4_LITE_INTERFACE.CORE_MUX0/GEN_SEL_DELAY[3].sel_int_reg[3][1]_srl2/CLK
High Pulse Width  Fast    SRL16E/CLK          n/a            0.980         4.000       3.020      SLICE_X24Y58  design_1_i/v_tc_0/U0/U_VIDEO_CTRL/AXI4_LITE_INTERFACE.CORE_MUX0/GEN_SEL_DELAY[3].sel_int_reg[3][1]_srl2/CLK
High Pulse Width  Slow    SRL16E/CLK          n/a            0.980         4.000       3.020      SLICE_X24Y58  design_1_i/v_tc_0/U0/U_VIDEO_CTRL/AXI4_LITE_INTERFACE.GENR_MUX0/GEN_SEL_DELAY[4].sel_int_reg[4][1]_srl3/CLK
High Pulse Width  Fast    SRL16E/CLK          n/a            0.980         4.000       3.020      SLICE_X24Y58  design_1_i/v_tc_0/U0/U_VIDEO_CTRL/AXI4_LITE_INTERFACE.GENR_MUX0/GEN_SEL_DELAY[4].sel_int_reg[4][1]_srl3/CLK
High Pulse Width  Slow    SRL16E/CLK          n/a            0.980         4.000       3.020      SLICE_X24Y58  design_1_i/v_tc_0/U0/U_VIDEO_CTRL/AXI4_LITE_INTERFACE.GENR_MUX0/GEN_SEL_DELAY[5].sel_int_reg[5][1]_srl4/CLK
High Pulse Width  Fast    SRL16E/CLK          n/a            0.980         4.000       3.020      SLICE_X24Y58  design_1_i/v_tc_0/U0/U_VIDEO_CTRL/AXI4_LITE_INTERFACE.GENR_MUX0/GEN_SEL_DELAY[5].sel_int_reg[5][1]_srl4/CLK



---------------------------------------------------------------------------------------------------
From Clock:  mmcm_fbclk_out
  To Clock:  mmcm_fbclk_out

Setup :           NA  Failing Endpoints,  Worst Slack           NA  ,  Total Violation           NA
Hold  :           NA  Failing Endpoints,  Worst Slack           NA  ,  Total Violation           NA
PW    :            0  Failing Endpoints,  Worst Slack        8.751ns,  Total Violation        0.000ns
---------------------------------------------------------------------------------------------------


Pulse Width Checks
--------------------------------------------------------------------------------------
Clock Name:         mmcm_fbclk_out
Waveform(ns):       { 0.000 5.000 }
Period(ns):         10.000
Sources:            { design_1_i/axi_dynclk_0/U0/Inst_mmcme2_drp/mmcm_adv_inst/CLKFBOUT }

Check Type  Corner  Lib Pin              Reference Pin  Required(ns)  Actual(ns)  Slack(ns)  Location         Pin
Min Period  n/a     MMCME2_ADV/CLKFBOUT  n/a            1.249         10.000      8.751      MMCME2_ADV_X0Y1  design_1_i/axi_dynclk_0/U0/Inst_mmcme2_drp/mmcm_adv_inst/CLKFBOUT
Min Period  n/a     MMCME2_ADV/CLKFBIN   n/a            1.249         10.000      8.751      MMCME2_ADV_X0Y1  design_1_i/axi_dynclk_0/U0/Inst_mmcme2_drp/mmcm_adv_inst/CLKFBIN
Max Period  n/a     MMCME2_ADV/CLKFBIN   n/a            100.000       10.000      90.000     MMCME2_ADV_X0Y1  design_1_i/axi_dynclk_0/U0/Inst_mmcme2_drp/mmcm_adv_inst/CLKFBIN
Max Period  n/a     MMCME2_ADV/CLKFBOUT  n/a            213.360       10.000      203.360    MMCME2_ADV_X0Y1  design_1_i/axi_dynclk_0/U0/Inst_mmcme2_drp/mmcm_adv_inst/CLKFBOUT



---------------------------------------------------------------------------------------------------
From Clock:  clk_fpga_1
  To Clock:  clk_fpga_1

Setup :            0  Failing Endpoints,  Worst Slack        0.654ns,  Total Violation        0.000ns
Hold  :            0  Failing Endpoints,  Worst Slack        0.056ns,  Total Violation        0.000ns
PW    :            0  Failing Endpoints,  Worst Slack        2.250ns,  Total Violation        0.000ns
---------------------------------------------------------------------------------------------------


Max Delay Paths
--------------------------------------------------------------------------------------
Slack (MET) :             0.654ns  (required time - arrival time)
  Source:                 design_1_i/axi_smc/inst/m00_exit_pipeline/m00_exit/inst/splitter_inst/gen_axi3.splitter_inst/gen_rsplitter.artrans_cntr_reg[0]/C
                            (rising edge-triggered cell FDRE clocked by clk_fpga_1  {rise@0.000ns fall@3.500ns period=7.000ns})
  Destination:            design_1_i/processing_system7_0/inst/PS7_i/SAXIHP0ARSIZE[0]
                            (rising edge-triggered cell PS7 clocked by clk_fpga_1  {rise@0.000ns fall@3.500ns period=7.000ns})
  Path Group:             clk_fpga_1
  Path Type:              Setup (Max at Slow Process Corner)
  Requirement:            7.000ns  (clk_fpga_1 rise@7.000ns - clk_fpga_1 rise@0.000ns)
  Data Path Delay:        5.647ns  (logic 1.076ns (19.054%)  route 4.571ns (80.946%))
  Logic Levels:           5  (LUT4=1 LUT6=4)
  Clock Path Skew:        0.105ns (DCD - SCD + CPR)
    Destination Clock Delay (DCD):    2.865ns = ( 9.865 - 7.000 ) 
    Source Clock Delay      (SCD):    2.990ns
    Clock Pessimism Removal (CPR):    0.230ns
  Clock Uncertainty:      0.111ns  ((TSJ^2 + TIJ^2)^1/2 + DJ) / 2 + PE
    Total System Jitter     (TSJ):    0.071ns
    Total Input Jitter      (TIJ):    0.210ns
    Discrete Jitter          (DJ):    0.000ns
    Phase Error              (PE):    0.000ns

    Location             Delay type                Incr(ns)  Path(ns)    Netlist Resource(s)
  -------------------------------------------------------------------    -------------------
                         (clock clk_fpga_1 rise edge)
                                                      0.000     0.000 r  
    PS7_X0Y0             PS7                          0.000     0.000 r  design_1_i/processing_system7_0/inst/PS7_i/FCLKCLK[1]
                         net (fo=1, routed)           1.207     1.207    design_1_i/processing_system7_0/inst/FCLK_CLK_unbuffered[1]
    BUFGCTRL_X0Y0        BUFG (Prop_bufg_I_O)         0.101     1.308 r  design_1_i/processing_system7_0/inst/buffer_fclk_clk_1.FCLK_CLK_1_BUFG/O
                         net (fo=2030, routed)        1.682     2.990    design_1_i/axi_smc/inst/m00_exit_pipeline/m00_exit/inst/splitter_inst/gen_axi3.splitter_inst/aclk
    SLICE_X13Y0          FDRE                                         r  design_1_i/axi_smc/inst/m00_exit_pipeline/m00_exit/inst/splitter_inst/gen_axi3.splitter_inst/gen_rsplitter.artrans_cntr_reg[0]/C
  -------------------------------------------------------------------    -------------------
    SLICE_X13Y0          FDRE (Prop_fdre_C_Q)         0.456     3.446 r  design_1_i/axi_smc/inst/m00_exit_pipeline/m00_exit/inst/splitter_inst/gen_axi3.splitter_inst/gen_rsplitter.artrans_cntr_reg[0]/Q
                         net (fo=7, routed)           0.944     4.390    design_1_i/axi_smc/inst/m00_exit_pipeline/m00_exit/inst/splitter_inst/gen_axi3.splitter_inst/ar_cmd_reg/sel0__0[0]
    SLICE_X14Y1          LUT6 (Prop_lut6_I3_O)        0.124     4.514 r  design_1_i/axi_smc/inst/m00_exit_pipeline/m00_exit/inst/splitter_inst/gen_axi3.splitter_inst/ar_cmd_reg/gen_rsplitter.artrans_cntr[7]_i_3/O
                         net (fo=4, routed)           0.518     5.032    design_1_i/axi_smc/inst/m00_exit_pipeline/m00_exit/inst/splitter_inst/gen_axi3.splitter_inst/ar_cmd_reg/gen_rsplitter.artrans_cntr_reg[5]
    SLICE_X15Y1          LUT4 (Prop_lut4_I2_O)        0.124     5.156 r  design_1_i/axi_smc/inst/m00_exit_pipeline/m00_exit/inst/splitter_inst/gen_axi3.splitter_inst/ar_cmd_reg/m_axi_arlen[3]_INST_0_i_3/O
                         net (fo=9, routed)           0.756     5.912    design_1_i/axi_smc/inst/m00_exit_pipeline/m00_exit/inst/splitter_inst/gen_axi3.splitter_inst/ar_cmd_reg/gen_rsplitter.ar_split_state_reg_0
    SLICE_X10Y0          LUT6 (Prop_lut6_I5_O)        0.124     6.036 r  design_1_i/axi_smc/inst/m00_exit_pipeline/m00_exit/inst/splitter_inst/gen_axi3.splitter_inst/ar_cmd_reg/m_axi_arlen[2]_INST_0_i_1/O
                         net (fo=3, routed)           0.749     6.785    design_1_i/axi_smc/inst/m00_exit_pipeline/m00_exit/inst/splitter_inst/gen_axi3.splitter_inst/ar_cmd_reg/s_arcmd[1127]
    SLICE_X8Y1           LUT6 (Prop_lut6_I0_O)        0.124     6.909 r  design_1_i/axi_smc/inst/m00_exit_pipeline/m00_exit/inst/splitter_inst/gen_axi3.splitter_inst/ar_cmd_reg/m_axi_arsize[1]_INST_0_i_5/O
                         net (fo=2, routed)           0.814     7.724    design_1_i/axi_smc/inst/m00_exit_pipeline/m00_exit/inst/splitter_inst/gen_axi3.splitter_inst/ar_cmd_reg/m_axi_arsize[1]_INST_0_i_5_n_0
    SLICE_X7Y1           LUT6 (Prop_lut6_I4_O)        0.124     7.848 r  design_1_i/axi_smc/inst/m00_exit_pipeline/m00_exit/inst/splitter_inst/gen_axi3.splitter_inst/ar_cmd_reg/m_axi_arsize[0]_INST_0/O
                         net (fo=1, routed)           0.789     8.637    design_1_i/processing_system7_0/inst/S_AXI_HP0_ARSIZE[0]
    PS7_X0Y0             PS7                                          r  design_1_i/processing_system7_0/inst/PS7_i/SAXIHP0ARSIZE[0]
  -------------------------------------------------------------------    -------------------

                         (clock clk_fpga_1 rise edge)
                                                      7.000     7.000 r  
    PS7_X0Y0             PS7                          0.000     7.000 r  design_1_i/processing_system7_0/inst/PS7_i/FCLKCLK[1]
                         net (fo=1, routed)           1.101     8.101    design_1_i/processing_system7_0/inst/FCLK_CLK_unbuffered[1]
    BUFGCTRL_X0Y0        BUFG (Prop_bufg_I_O)         0.091     8.192 r  design_1_i/processing_system7_0/inst/buffer_fclk_clk_1.FCLK_CLK_1_BUFG/O
                         net (fo=2030, routed)        1.673     9.865    design_1_i/processing_system7_0/inst/S_AXI_HP0_ACLK
    PS7_X0Y0             PS7                                          r  design_1_i/processing_system7_0/inst/PS7_i/SAXIHP0ACLK
                         clock pessimism              0.230    10.095    
                         clock uncertainty           -0.111     9.985    
    PS7_X0Y0             PS7 (Setup_ps7_SAXIHP0ACLK_SAXIHP0ARSIZE[0])
                                                     -0.694     9.291    design_1_i/processing_system7_0/inst/PS7_i
  -------------------------------------------------------------------
                         required time                          9.291    
                         arrival time                          -8.637    
  -------------------------------------------------------------------
                         slack                                  0.654    

Slack (MET) :             0.880ns  (required time - arrival time)
  Source:                 design_1_i/axi_smc/inst/m00_exit_pipeline/m00_exit/inst/splitter_inst/gen_axi3.splitter_inst/gen_rsplitter.artrans_cntr_reg[0]/C
                            (rising edge-triggered cell FDRE clocked by clk_fpga_1  {rise@0.000ns fall@3.500ns period=7.000ns})
  Destination:            design_1_i/processing_system7_0/inst/PS7_i/SAXIHP0ARSIZE[1]
                            (rising edge-triggered cell PS7 clocked by clk_fpga_1  {rise@0.000ns fall@3.500ns period=7.000ns})
  Path Group:             clk_fpga_1
  Path Type:              Setup (Max at Slow Process Corner)
  Requirement:            7.000ns  (clk_fpga_1 rise@7.000ns - clk_fpga_1 rise@0.000ns)
  Data Path Delay:        5.420ns  (logic 1.076ns (19.852%)  route 4.344ns (80.148%))
  Logic Levels:           5  (LUT4=1 LUT6=4)
  Clock Path Skew:        0.105ns (DCD - SCD + CPR)
    Destination Clock Delay (DCD):    2.865ns = ( 9.865 - 7.000 ) 
    Source Clock Delay      (SCD):    2.990ns
    Clock Pessimism Removal (CPR):    0.230ns
  Clock Uncertainty:      0.111ns  ((TSJ^2 + TIJ^2)^1/2 + DJ) / 2 + PE
    Total System Jitter     (TSJ):    0.071ns
    Total Input Jitter      (TIJ):    0.210ns
    Discrete Jitter          (DJ):    0.000ns
    Phase Error              (PE):    0.000ns

    Location             Delay type                Incr(ns)  Path(ns)    Netlist Resource(s)
  -------------------------------------------------------------------    -------------------
                         (clock clk_fpga_1 rise edge)
                                                      0.000     0.000 r  
    PS7_X0Y0             PS7                          0.000     0.000 r  design_1_i/processing_system7_0/inst/PS7_i/FCLKCLK[1]
                         net (fo=1, routed)           1.207     1.207    design_1_i/processing_system7_0/inst/FCLK_CLK_unbuffered[1]
    BUFGCTRL_X0Y0        BUFG (Prop_bufg_I_O)         0.101     1.308 r  design_1_i/processing_system7_0/inst/buffer_fclk_clk_1.FCLK_CLK_1_BUFG/O
                         net (fo=2030, routed)        1.682     2.990    design_1_i/axi_smc/inst/m00_exit_pipeline/m00_exit/inst/splitter_inst/gen_axi3.splitter_inst/aclk
    SLICE_X13Y0          FDRE                                         r  design_1_i/axi_smc/inst/m00_exit_pipeline/m00_exit/inst/splitter_inst/gen_axi3.splitter_inst/gen_rsplitter.artrans_cntr_reg[0]/C
  -------------------------------------------------------------------    -------------------
    SLICE_X13Y0          FDRE (Prop_fdre_C_Q)         0.456     3.446 r  design_1_i/axi_smc/inst/m00_exit_pipeline/m00_exit/inst/splitter_inst/gen_axi3.splitter_inst/gen_rsplitter.artrans_cntr_reg[0]/Q
                         net (fo=7, routed)           0.944     4.390    design_1_i/axi_smc/inst/m00_exit_pipeline/m00_exit/inst/splitter_inst/gen_axi3.splitter_inst/ar_cmd_reg/sel0__0[0]
    SLICE_X14Y1          LUT6 (Prop_lut6_I3_O)        0.124     4.514 r  design_1_i/axi_smc/inst/m00_exit_pipeline/m00_exit/inst/splitter_inst/gen_axi3.splitter_inst/ar_cmd_reg/gen_rsplitter.artrans_cntr[7]_i_3/O
                         net (fo=4, routed)           0.518     5.032    design_1_i/axi_smc/inst/m00_exit_pipeline/m00_exit/inst/splitter_inst/gen_axi3.splitter_inst/ar_cmd_reg/gen_rsplitter.artrans_cntr_reg[5]
    SLICE_X15Y1          LUT4 (Prop_lut4_I2_O)        0.124     5.156 r  design_1_i/axi_smc/inst/m00_exit_pipeline/m00_exit/inst/splitter_inst/gen_axi3.splitter_inst/ar_cmd_reg/m_axi_arlen[3]_INST_0_i_3/O
                         net (fo=9, routed)           0.756     5.912    design_1_i/axi_smc/inst/m00_exit_pipeline/m00_exit/inst/splitter_inst/gen_axi3.splitter_inst/ar_cmd_reg/gen_rsplitter.ar_split_state_reg_0
    SLICE_X10Y0          LUT6 (Prop_lut6_I5_O)        0.124     6.036 r  design_1_i/axi_smc/inst/m00_exit_pipeline/m00_exit/inst/splitter_inst/gen_axi3.splitter_inst/ar_cmd_reg/m_axi_arlen[2]_INST_0_i_1/O
                         net (fo=3, routed)           0.749     6.785    design_1_i/axi_smc/inst/m00_exit_pipeline/m00_exit/inst/splitter_inst/gen_axi3.splitter_inst/ar_cmd_reg/s_arcmd[1127]
    SLICE_X8Y1           LUT6 (Prop_lut6_I0_O)        0.124     6.909 r  design_1_i/axi_smc/inst/m00_exit_pipeline/m00_exit/inst/splitter_inst/gen_axi3.splitter_inst/ar_cmd_reg/m_axi_arsize[1]_INST_0_i_5/O
                         net (fo=2, routed)           0.589     7.499    design_1_i/axi_smc/inst/m00_exit_pipeline/m00_exit/inst/splitter_inst/gen_axi3.splitter_inst/ar_cmd_reg/m_axi_arsize[1]_INST_0_i_5_n_0
    SLICE_X7Y1           LUT6 (Prop_lut6_I4_O)        0.124     7.623 r  design_1_i/axi_smc/inst/m00_exit_pipeline/m00_exit/inst/splitter_inst/gen_axi3.splitter_inst/ar_cmd_reg/m_axi_arsize[1]_INST_0/O
                         net (fo=1, routed)           0.788     8.410    design_1_i/processing_system7_0/inst/S_AXI_HP0_ARSIZE[1]
    PS7_X0Y0             PS7                                          r  design_1_i/processing_system7_0/inst/PS7_i/SAXIHP0ARSIZE[1]
  -------------------------------------------------------------------    -------------------

                         (clock clk_fpga_1 rise edge)
                                                      7.000     7.000 r  
    PS7_X0Y0             PS7                          0.000     7.000 r  design_1_i/processing_system7_0/inst/PS7_i/FCLKCLK[1]
                         net (fo=1, routed)           1.101     8.101    design_1_i/processing_system7_0/inst/FCLK_CLK_unbuffered[1]
    BUFGCTRL_X0Y0        BUFG (Prop_bufg_I_O)         0.091     8.192 r  design_1_i/processing_system7_0/inst/buffer_fclk_clk_1.FCLK_CLK_1_BUFG/O
                         net (fo=2030, routed)        1.673     9.865    design_1_i/processing_system7_0/inst/S_AXI_HP0_ACLK
    PS7_X0Y0             PS7                                          r  design_1_i/processing_system7_0/inst/PS7_i/SAXIHP0ACLK
                         clock pessimism              0.230    10.095    
                         clock uncertainty           -0.111     9.985    
    PS7_X0Y0             PS7 (Setup_ps7_SAXIHP0ACLK_SAXIHP0ARSIZE[1])
                                                     -0.694     9.291    design_1_i/processing_system7_0/inst/PS7_i
  -------------------------------------------------------------------
                         required time                          9.291    
                         arrival time                          -8.410    
  -------------------------------------------------------------------
                         slack                                  0.880    

Slack (MET) :             1.062ns  (required time - arrival time)
  Source:                 design_1_i/v_axi4s_vid_out_0/inst/COUPLER_INST/generate_async_fifo.FIFO_INST/XPM_FIFO_ASYNC_INST/gnuram_async_fifo.xpm_fifo_base_inst/xpm_fifo_rst_inst/gen_rst_ic.wr_rst_busy_ic_reg/C
                            (rising edge-triggered cell FDRE clocked by clk_fpga_1  {rise@0.000ns fall@3.500ns period=7.000ns})
  Destination:            design_1_i/axi_vdma_0/U0/GEN_SPRT_FOR_MM2S.MM2S_LINEBUFFER_I/GEN_LINEBUF_NO_SOF.GEN_LINEBUFFER.GEN_SYNC_FIFO.I_LINEBUFFER_FIFO/xpm_fifo_sync_inst/xpm_fifo_base_inst/gen_sdpram.xpm_memory_base_inst/gen_wr_a.gen_word_narrow.mem_reg_2/REGCEB
                            (rising edge-triggered cell RAMB36E1 clocked by clk_fpga_1  {rise@0.000ns fall@3.500ns period=7.000ns})
  Path Group:             clk_fpga_1
  Path Type:              Setup (Max at Slow Process Corner)
  Requirement:            7.000ns  (clk_fpga_1 rise@7.000ns - clk_fpga_1 rise@0.000ns)
  Data Path Delay:        5.145ns  (logic 0.978ns (19.009%)  route 4.167ns (80.991%))
  Logic Levels:           4  (LUT2=2 LUT4=1 LUT6=1)
  Clock Path Skew:        -0.118ns (DCD - SCD + CPR)
    Destination Clock Delay (DCD):    2.733ns = ( 9.733 - 7.000 ) 
    Source Clock Delay      (SCD):    2.981ns
    Clock Pessimism Removal (CPR):    0.130ns
  Clock Uncertainty:      0.111ns  ((TSJ^2 + TIJ^2)^1/2 + DJ) / 2 + PE
    Total System Jitter     (TSJ):    0.071ns
    Total Input Jitter      (TIJ):    0.210ns
    Discrete Jitter          (DJ):    0.000ns
    Phase Error              (PE):    0.000ns

    Location             Delay type                Incr(ns)  Path(ns)    Netlist Resource(s)
  -------------------------------------------------------------------    -------------------
                         (clock clk_fpga_1 rise edge)
                                                      0.000     0.000 r  
    PS7_X0Y0             PS7                          0.000     0.000 r  design_1_i/processing_system7_0/inst/PS7_i/FCLKCLK[1]
                         net (fo=1, routed)           1.207     1.207    design_1_i/processing_system7_0/inst/FCLK_CLK_unbuffered[1]
    BUFGCTRL_X0Y0        BUFG (Prop_bufg_I_O)         0.101     1.308 r  design_1_i/processing_system7_0/inst/buffer_fclk_clk_1.FCLK_CLK_1_BUFG/O
                         net (fo=2030, routed)        1.673     2.981    design_1_i/v_axi4s_vid_out_0/inst/COUPLER_INST/generate_async_fifo.FIFO_INST/XPM_FIFO_ASYNC_INST/gnuram_async_fifo.xpm_fifo_base_inst/xpm_fifo_rst_inst/wr_clk
    SLICE_X26Y43         FDRE                                         r  design_1_i/v_axi4s_vid_out_0/inst/COUPLER_INST/generate_async_fifo.FIFO_INST/XPM_FIFO_ASYNC_INST/gnuram_async_fifo.xpm_fifo_base_inst/xpm_fifo_rst_inst/gen_rst_ic.wr_rst_busy_ic_reg/C
  -------------------------------------------------------------------    -------------------
    SLICE_X26Y43         FDRE (Prop_fdre_C_Q)         0.456     3.437 f  design_1_i/v_axi4s_vid_out_0/inst/COUPLER_INST/generate_async_fifo.FIFO_INST/XPM_FIFO_ASYNC_INST/gnuram_async_fifo.xpm_fifo_base_inst/xpm_fifo_rst_inst/gen_rst_ic.wr_rst_busy_ic_reg/Q
                         net (fo=57, routed)          0.684     4.121    design_1_i/v_axi4s_vid_out_0/inst/COUPLER_INST/generate_async_fifo.FIFO_INST/XPM_FIFO_ASYNC_INST/gnuram_async_fifo.xpm_fifo_base_inst/xpm_fifo_rst_inst/wrst_busy
    SLICE_X26Y43         LUT2 (Prop_lut2_I0_O)        0.124     4.245 f  design_1_i/v_axi4s_vid_out_0/inst/COUPLER_INST/generate_async_fifo.FIFO_INST/XPM_FIFO_ASYNC_INST/gnuram_async_fifo.xpm_fifo_base_inst/xpm_fifo_rst_inst/wr_rst_busy_INST_0/O
                         net (fo=2, routed)           0.312     4.557    design_1_i/v_axi4s_vid_out_0/inst/COUPLER_INST/generate_async_fifo.FIFO_INST/wr_rst_busy_i
    SLICE_X26Y42         LUT2 (Prop_lut2_I0_O)        0.124     4.681 r  design_1_i/v_axi4s_vid_out_0/inst/COUPLER_INST/generate_async_fifo.FIFO_INST/s_axis_video_tready_INST_0/O
                         net (fo=6, routed)           1.324     6.004    design_1_i/axi_vdma_0/U0/GEN_SPRT_FOR_MM2S.MM2S_LINEBUFFER_I/GEN_LINEBUF_NO_SOF.GEN_LINEBUFFER.I_MSTR_SKID/m_axis_mm2s_tready
    SLICE_X19Y21         LUT6 (Prop_lut6_I1_O)        0.124     6.128 r  design_1_i/axi_vdma_0/U0/GEN_SPRT_FOR_MM2S.MM2S_LINEBUFFER_I/GEN_LINEBUF_NO_SOF.GEN_LINEBUFFER.I_MSTR_SKID/sig_s_ready_dup_i_1/O
                         net (fo=6, routed)           0.854     6.982    design_1_i/axi_vdma_0/U0/GEN_SPRT_FOR_MM2S.MM2S_LINEBUFFER_I/GEN_LINEBUF_NO_SOF.GEN_LINEBUFFER.GEN_SYNC_FIFO.I_LINEBUFFER_FIFO/xpm_fifo_sync_inst/xpm_fifo_base_inst/gen_sdpram.xpm_memory_base_inst/pwropt
    SLICE_X20Y14         LUT4 (Prop_lut4_I2_O)        0.150     7.132 r  design_1_i/axi_vdma_0/U0/GEN_SPRT_FOR_MM2S.MM2S_LINEBUFFER_I/GEN_LINEBUF_NO_SOF.GEN_LINEBUFFER.GEN_SYNC_FIFO.I_LINEBUFFER_FIFO/xpm_fifo_sync_inst/xpm_fifo_base_inst/gen_sdpram.xpm_memory_base_inst/gen_wr_a.gen_word_narrow.mem_reg_2_REGCEB_cooolgate_en_gate_6/O
                         net (fo=1, routed)           0.993     8.126    design_1_i/axi_vdma_0/U0/GEN_SPRT_FOR_MM2S.MM2S_LINEBUFFER_I/GEN_LINEBUF_NO_SOF.GEN_LINEBUFFER.GEN_SYNC_FIFO.I_LINEBUFFER_FIFO/xpm_fifo_sync_inst/xpm_fifo_base_inst/gen_sdpram.xpm_memory_base_inst/gen_wr_a.gen_word_narrow.mem_reg_2_REGCEB_cooolgate_en_sig_4
    RAMB36_X0Y2          RAMB36E1                                     r  design_1_i/axi_vdma_0/U0/GEN_SPRT_FOR_MM2S.MM2S_LINEBUFFER_I/GEN_LINEBUF_NO_SOF.GEN_LINEBUFFER.GEN_SYNC_FIFO.I_LINEBUFFER_FIFO/xpm_fifo_sync_inst/xpm_fifo_base_inst/gen_sdpram.xpm_memory_base_inst/gen_wr_a.gen_word_narrow.mem_reg_2/REGCEB
  -------------------------------------------------------------------    -------------------

                         (clock clk_fpga_1 rise edge)
                                                      7.000     7.000 r  
    PS7_X0Y0             PS7                          0.000     7.000 r  design_1_i/processing_system7_0/inst/PS7_i/FCLKCLK[1]
                         net (fo=1, routed)           1.101     8.101    design_1_i/processing_system7_0/inst/FCLK_CLK_unbuffered[1]
    BUFGCTRL_X0Y0        BUFG (Prop_bufg_I_O)         0.091     8.192 r  design_1_i/processing_system7_0/inst/buffer_fclk_clk_1.FCLK_CLK_1_BUFG/O
                         net (fo=2030, routed)        1.541     9.733    design_1_i/axi_vdma_0/U0/GEN_SPRT_FOR_MM2S.MM2S_LINEBUFFER_I/GEN_LINEBUF_NO_SOF.GEN_LINEBUFFER.GEN_SYNC_FIFO.I_LINEBUFFER_FIFO/xpm_fifo_sync_inst/xpm_fifo_base_inst/gen_sdpram.xpm_memory_base_inst/clka
    RAMB36_X0Y2          RAMB36E1                                     r  design_1_i/axi_vdma_0/U0/GEN_SPRT_FOR_MM2S.MM2S_LINEBUFFER_I/GEN_LINEBUF_NO_SOF.GEN_LINEBUFFER.GEN_SYNC_FIFO.I_LINEBUFFER_FIFO/xpm_fifo_sync_inst/xpm_fifo_base_inst/gen_sdpram.xpm_memory_base_inst/gen_wr_a.gen_word_narrow.mem_reg_2/CLKBWRCLK
                         clock pessimism              0.130     9.863    
                         clock uncertainty           -0.111     9.752    
    RAMB36_X0Y2          RAMB36E1 (Setup_ramb36e1_CLKBWRCLK_REGCEB)
                                                     -0.564     9.188    design_1_i/axi_vdma_0/U0/GEN_SPRT_FOR_MM2S.MM2S_LINEBUFFER_I/GEN_LINEBUF_NO_SOF.GEN_LINEBUFFER.GEN_SYNC_FIFO.I_LINEBUFFER_FIFO/xpm_fifo_sync_inst/xpm_fifo_base_inst/gen_sdpram.xpm_memory_base_inst/gen_wr_a.gen_word_narrow.mem_reg_2
  -------------------------------------------------------------------
                         required time                          9.188    
                         arrival time                          -8.126    
  -------------------------------------------------------------------
                         slack                                  1.062    

Slack (MET) :             1.126ns  (required time - arrival time)
  Source:                 design_1_i/v_axi4s_vid_out_0/inst/COUPLER_INST/generate_async_fifo.FIFO_INST/XPM_FIFO_ASYNC_INST/gnuram_async_fifo.xpm_fifo_base_inst/xpm_fifo_rst_inst/gen_rst_ic.wr_rst_busy_ic_reg/C
                            (rising edge-triggered cell FDRE clocked by clk_fpga_1  {rise@0.000ns fall@3.500ns period=7.000ns})
  Destination:            design_1_i/axi_vdma_0/U0/GEN_SPRT_FOR_MM2S.MM2S_LINEBUFFER_I/GEN_LINEBUF_NO_SOF.GEN_LINEBUFFER.GEN_SYNC_FIFO.I_LINEBUFFER_FIFO/xpm_fifo_sync_inst/xpm_fifo_base_inst/gen_sdpram.xpm_memory_base_inst/gen_wr_a.gen_word_narrow.mem_reg_0/REGCEB
                            (rising edge-triggered cell RAMB36E1 clocked by clk_fpga_1  {rise@0.000ns fall@3.500ns period=7.000ns})
  Path Group:             clk_fpga_1
  Path Type:              Setup (Max at Slow Process Corner)
  Requirement:            7.000ns  (clk_fpga_1 rise@7.000ns - clk_fpga_1 rise@0.000ns)
  Data Path Delay:        5.281ns  (logic 0.952ns (18.028%)  route 4.329ns (81.972%))
  Logic Levels:           4  (LUT2=2 LUT4=1 LUT6=1)
  Clock Path Skew:        -0.122ns (DCD - SCD + CPR)
    Destination Clock Delay (DCD):    2.729ns = ( 9.729 - 7.000 ) 
    Source Clock Delay      (SCD):    2.981ns
    Clock Pessimism Removal (CPR):    0.130ns
  Clock Uncertainty:      0.111ns  ((TSJ^2 + TIJ^2)^1/2 + DJ) / 2 + PE
    Total System Jitter     (TSJ):    0.071ns
    Total Input Jitter      (TIJ):    0.210ns
    Discrete Jitter          (DJ):    0.000ns
    Phase Error              (PE):    0.000ns

    Location             Delay type                Incr(ns)  Path(ns)    Netlist Resource(s)
  -------------------------------------------------------------------    -------------------
                         (clock clk_fpga_1 rise edge)
                                                      0.000     0.000 r  
    PS7_X0Y0             PS7                          0.000     0.000 r  design_1_i/processing_system7_0/inst/PS7_i/FCLKCLK[1]
                         net (fo=1, routed)           1.207     1.207    design_1_i/processing_system7_0/inst/FCLK_CLK_unbuffered[1]
    BUFGCTRL_X0Y0        BUFG (Prop_bufg_I_O)         0.101     1.308 r  design_1_i/processing_system7_0/inst/buffer_fclk_clk_1.FCLK_CLK_1_BUFG/O
                         net (fo=2030, routed)        1.673     2.981    design_1_i/v_axi4s_vid_out_0/inst/COUPLER_INST/generate_async_fifo.FIFO_INST/XPM_FIFO_ASYNC_INST/gnuram_async_fifo.xpm_fifo_base_inst/xpm_fifo_rst_inst/wr_clk
    SLICE_X26Y43         FDRE                                         r  design_1_i/v_axi4s_vid_out_0/inst/COUPLER_INST/generate_async_fifo.FIFO_INST/XPM_FIFO_ASYNC_INST/gnuram_async_fifo.xpm_fifo_base_inst/xpm_fifo_rst_inst/gen_rst_ic.wr_rst_busy_ic_reg/C
  -------------------------------------------------------------------    -------------------
    SLICE_X26Y43         FDRE (Prop_fdre_C_Q)         0.456     3.437 f  design_1_i/v_axi4s_vid_out_0/inst/COUPLER_INST/generate_async_fifo.FIFO_INST/XPM_FIFO_ASYNC_INST/gnuram_async_fifo.xpm_fifo_base_inst/xpm_fifo_rst_inst/gen_rst_ic.wr_rst_busy_ic_reg/Q
                         net (fo=57, routed)          0.684     4.121    design_1_i/v_axi4s_vid_out_0/inst/COUPLER_INST/generate_async_fifo.FIFO_INST/XPM_FIFO_ASYNC_INST/gnuram_async_fifo.xpm_fifo_base_inst/xpm_fifo_rst_inst/wrst_busy
    SLICE_X26Y43         LUT2 (Prop_lut2_I0_O)        0.124     4.245 f  design_1_i/v_axi4s_vid_out_0/inst/COUPLER_INST/generate_async_fifo.FIFO_INST/XPM_FIFO_ASYNC_INST/gnuram_async_fifo.xpm_fifo_base_inst/xpm_fifo_rst_inst/wr_rst_busy_INST_0/O
                         net (fo=2, routed)           0.312     4.557    design_1_i/v_axi4s_vid_out_0/inst/COUPLER_INST/generate_async_fifo.FIFO_INST/wr_rst_busy_i
    SLICE_X26Y42         LUT2 (Prop_lut2_I0_O)        0.124     4.681 r  design_1_i/v_axi4s_vid_out_0/inst/COUPLER_INST/generate_async_fifo.FIFO_INST/s_axis_video_tready_INST_0/O
                         net (fo=6, routed)           1.324     6.004    design_1_i/axi_vdma_0/U0/GEN_SPRT_FOR_MM2S.MM2S_LINEBUFFER_I/GEN_LINEBUF_NO_SOF.GEN_LINEBUFFER.I_MSTR_SKID/m_axis_mm2s_tready
    SLICE_X19Y21         LUT6 (Prop_lut6_I1_O)        0.124     6.128 r  design_1_i/axi_vdma_0/U0/GEN_SPRT_FOR_MM2S.MM2S_LINEBUFFER_I/GEN_LINEBUF_NO_SOF.GEN_LINEBUFFER.I_MSTR_SKID/sig_s_ready_dup_i_1/O
                         net (fo=6, routed)           0.854     6.982    design_1_i/axi_vdma_0/U0/GEN_SPRT_FOR_MM2S.MM2S_LINEBUFFER_I/GEN_LINEBUF_NO_SOF.GEN_LINEBUFFER.GEN_SYNC_FIFO.I_LINEBUFFER_FIFO/xpm_fifo_sync_inst/xpm_fifo_base_inst/gen_sdpram.xpm_memory_base_inst/pwropt
    SLICE_X20Y14         LUT4 (Prop_lut4_I2_O)        0.124     7.106 r  design_1_i/axi_vdma_0/U0/GEN_SPRT_FOR_MM2S.MM2S_LINEBUFFER_I/GEN_LINEBUF_NO_SOF.GEN_LINEBUFFER.GEN_SYNC_FIFO.I_LINEBUFFER_FIFO/xpm_fifo_sync_inst/xpm_fifo_base_inst/gen_sdpram.xpm_memory_base_inst/gen_wr_a.gen_word_narrow.mem_reg_0_REGCEB_cooolgate_en_gate_2/O
                         net (fo=1, routed)           1.155     8.262    design_1_i/axi_vdma_0/U0/GEN_SPRT_FOR_MM2S.MM2S_LINEBUFFER_I/GEN_LINEBUF_NO_SOF.GEN_LINEBUFFER.GEN_SYNC_FIFO.I_LINEBUFFER_FIFO/xpm_fifo_sync_inst/xpm_fifo_base_inst/gen_sdpram.xpm_memory_base_inst/gen_wr_a.gen_word_narrow.mem_reg_0_REGCEB_cooolgate_en_sig_2
    RAMB36_X0Y3          RAMB36E1                                     r  design_1_i/axi_vdma_0/U0/GEN_SPRT_FOR_MM2S.MM2S_LINEBUFFER_I/GEN_LINEBUF_NO_SOF.GEN_LINEBUFFER.GEN_SYNC_FIFO.I_LINEBUFFER_FIFO/xpm_fifo_sync_inst/xpm_fifo_base_inst/gen_sdpram.xpm_memory_base_inst/gen_wr_a.gen_word_narrow.mem_reg_0/REGCEB
  -------------------------------------------------------------------    -------------------

                         (clock clk_fpga_1 rise edge)
                                                      7.000     7.000 r  
    PS7_X0Y0             PS7                          0.000     7.000 r  design_1_i/processing_system7_0/inst/PS7_i/FCLKCLK[1]
                         net (fo=1, routed)           1.101     8.101    design_1_i/processing_system7_0/inst/FCLK_CLK_unbuffered[1]
    BUFGCTRL_X0Y0        BUFG (Prop_bufg_I_O)         0.091     8.192 r  design_1_i/processing_system7_0/inst/buffer_fclk_clk_1.FCLK_CLK_1_BUFG/O
                         net (fo=2030, routed)        1.537     9.729    design_1_i/axi_vdma_0/U0/GEN_SPRT_FOR_MM2S.MM2S_LINEBUFFER_I/GEN_LINEBUF_NO_SOF.GEN_LINEBUFFER.GEN_SYNC_FIFO.I_LINEBUFFER_FIFO/xpm_fifo_sync_inst/xpm_fifo_base_inst/gen_sdpram.xpm_memory_base_inst/clka
    RAMB36_X0Y3          RAMB36E1                                     r  design_1_i/axi_vdma_0/U0/GEN_SPRT_FOR_MM2S.MM2S_LINEBUFFER_I/GEN_LINEBUF_NO_SOF.GEN_LINEBUFFER.GEN_SYNC_FIFO.I_LINEBUFFER_FIFO/xpm_fifo_sync_inst/xpm_fifo_base_inst/gen_sdpram.xpm_memory_base_inst/gen_wr_a.gen_word_narrow.mem_reg_0/CLKBWRCLK
                         clock pessimism              0.130     9.859    
                         clock uncertainty           -0.111     9.748    
    RAMB36_X0Y3          RAMB36E1 (Setup_ramb36e1_CLKBWRCLK_REGCEB)
                                                     -0.360     9.388    design_1_i/axi_vdma_0/U0/GEN_SPRT_FOR_MM2S.MM2S_LINEBUFFER_I/GEN_LINEBUF_NO_SOF.GEN_LINEBUFFER.GEN_SYNC_FIFO.I_LINEBUFFER_FIFO/xpm_fifo_sync_inst/xpm_fifo_base_inst/gen_sdpram.xpm_memory_base_inst/gen_wr_a.gen_word_narrow.mem_reg_0
  -------------------------------------------------------------------
                         required time                          9.388    
                         arrival time                          -8.262    
  -------------------------------------------------------------------
                         slack                                  1.126    

Slack (MET) :             1.141ns  (required time - arrival time)
  Source:                 design_1_i/axi_smc/inst/s00_entry_pipeline/s00_mmu/inst/areset_reg/C
                            (rising edge-triggered cell FDRE clocked by clk_fpga_1  {rise@0.000ns fall@3.500ns period=7.000ns})
  Destination:            design_1_i/axi_smc/inst/s00_nodes/s00_ar_node/inst/inst_mi_handler/gen_normal_area.inst_fifo_node_payld/gen_xpm_memory_fifo.inst_fifo/gen_wr.afull_r_reg/D
                            (rising edge-triggered cell FDRE clocked by clk_fpga_1  {rise@0.000ns fall@3.500ns period=7.000ns})
  Path Group:             clk_fpga_1
  Path Type:              Setup (Max at Slow Process Corner)
  Requirement:            7.000ns  (clk_fpga_1 rise@7.000ns - clk_fpga_1 rise@0.000ns)
  Data Path Delay:        5.715ns  (logic 1.699ns (29.728%)  route 4.016ns (70.272%))
  Logic Levels:           6  (LUT2=2 LUT3=1 LUT6=3)
  Clock Path Skew:        -0.062ns (DCD - SCD + CPR)
    Destination Clock Delay (DCD):    2.692ns = ( 9.693 - 7.000 ) 
    Source Clock Delay      (SCD):    2.985ns
    Clock Pessimism Removal (CPR):    0.230ns
  Clock Uncertainty:      0.111ns  ((TSJ^2 + TIJ^2)^1/2 + DJ) / 2 + PE
    Total System Jitter     (TSJ):    0.071ns
    Total Input Jitter      (TIJ):    0.210ns
    Discrete Jitter          (DJ):    0.000ns
    Phase Error              (PE):    0.000ns

    Location             Delay type                Incr(ns)  Path(ns)    Netlist Resource(s)
  -------------------------------------------------------------------    -------------------
                         (clock clk_fpga_1 rise edge)
                                                      0.000     0.000 r  
    PS7_X0Y0             PS7                          0.000     0.000 r  design_1_i/processing_system7_0/inst/PS7_i/FCLKCLK[1]
                         net (fo=1, routed)           1.207     1.207    design_1_i/processing_system7_0/inst/FCLK_CLK_unbuffered[1]
    BUFGCTRL_X0Y0        BUFG (Prop_bufg_I_O)         0.101     1.308 r  design_1_i/processing_system7_0/inst/buffer_fclk_clk_1.FCLK_CLK_1_BUFG/O
                         net (fo=2030, routed)        1.677     2.985    design_1_i/axi_smc/inst/s00_entry_pipeline/s00_mmu/inst/aclk
    SLICE_X10Y12         FDRE                                         r  design_1_i/axi_smc/inst/s00_entry_pipeline/s00_mmu/inst/areset_reg/C
  -------------------------------------------------------------------    -------------------
    SLICE_X10Y12         FDRE (Prop_fdre_C_Q)         0.518     3.503 f  design_1_i/axi_smc/inst/s00_entry_pipeline/s00_mmu/inst/areset_reg/Q
                         net (fo=9, routed)           0.681     4.184    design_1_i/axi_smc/inst/s00_entry_pipeline/s00_mmu/inst/areset
    SLICE_X10Y12         LUT3 (Prop_lut3_I2_O)        0.124     4.308 r  design_1_i/axi_smc/inst/s00_entry_pipeline/s00_mmu/inst/m_axi_arvalid_INST_0/O
                         net (fo=1, routed)           1.101     5.409    design_1_i/axi_smc/inst/s00_entry_pipeline/s00_si_converter/inst/s_axi_arvalid
    SLICE_X18Y5          LUT2 (Prop_lut2_I0_O)        0.150     5.559 r  design_1_i/axi_smc/inst/s00_entry_pipeline/s00_si_converter/inst/m_axi_arvalid_INST_0/O
                         net (fo=9, routed)           0.808     6.367    design_1_i/axi_smc/inst/s00_nodes/s00_ar_node/inst/inst_si_handler/s_sc_send[0]
    SLICE_X17Y3          LUT2 (Prop_lut2_I0_O)        0.327     6.694 r  design_1_i/axi_smc/inst/s00_nodes/s00_ar_node/inst/inst_si_handler/count_r[5]_i_1__0/O
                         net (fo=18, routed)          0.564     7.258    design_1_i/axi_smc/inst/s00_nodes/s00_ar_node/inst/inst_mi_handler/gen_normal_area.inst_fifo_node_payld/gen_xpm_memory_fifo.inst_fifo/gen_wr.inst_wr_addra_p1/s_sc_valid
    SLICE_X17Y4          LUT6 (Prop_lut6_I1_O)        0.332     7.590 r  design_1_i/axi_smc/inst/s00_nodes/s00_ar_node/inst/inst_mi_handler/gen_normal_area.inst_fifo_node_payld/gen_xpm_memory_fifo.inst_fifo/gen_wr.inst_wr_addra_p1/gen_wr.afull_r_i_13/O
                         net (fo=1, routed)           0.154     7.744    design_1_i/axi_smc/inst/s00_nodes/s00_ar_node/inst/inst_mi_handler/gen_normal_area.inst_fifo_node_payld/gen_xpm_memory_fifo.inst_fifo/gen_wr.inst_wr_addra_p1/gen_wr.afull_r_i_13_n_0
    SLICE_X17Y4          LUT6 (Prop_lut6_I0_O)        0.124     7.868 r  design_1_i/axi_smc/inst/s00_nodes/s00_ar_node/inst/inst_mi_handler/gen_normal_area.inst_fifo_node_payld/gen_xpm_memory_fifo.inst_fifo/gen_wr.inst_wr_addra_p1/gen_wr.afull_r_i_6/O
                         net (fo=1, routed)           0.708     8.576    design_1_i/axi_smc/inst/s00_nodes/s00_ar_node/inst/inst_mi_handler/gen_normal_area.inst_fifo_node_payld/gen_xpm_memory_fifo.inst_fifo/gen_wr.inst_wr_addra_p1/gen_wr.afull_r_i_6_n_0
    SLICE_X19Y3          LUT6 (Prop_lut6_I4_O)        0.124     8.700 r  design_1_i/axi_smc/inst/s00_nodes/s00_ar_node/inst/inst_mi_handler/gen_normal_area.inst_fifo_node_payld/gen_xpm_memory_fifo.inst_fifo/gen_wr.inst_wr_addra_p1/gen_wr.afull_r_i_1/O
                         net (fo=1, routed)           0.000     8.700    design_1_i/axi_smc/inst/s00_nodes/s00_ar_node/inst/inst_mi_handler/gen_normal_area.inst_fifo_node_payld/gen_xpm_memory_fifo.inst_fifo/gen_wr.inst_wr_addra_p1_n_0
    SLICE_X19Y3          FDRE                                         r  design_1_i/axi_smc/inst/s00_nodes/s00_ar_node/inst/inst_mi_handler/gen_normal_area.inst_fifo_node_payld/gen_xpm_memory_fifo.inst_fifo/gen_wr.afull_r_reg/D
  -------------------------------------------------------------------    -------------------

                         (clock clk_fpga_1 rise edge)
                                                      7.000     7.000 r  
    PS7_X0Y0             PS7                          0.000     7.000 r  design_1_i/processing_system7_0/inst/PS7_i/FCLKCLK[1]
                         net (fo=1, routed)           1.101     8.101    design_1_i/processing_system7_0/inst/FCLK_CLK_unbuffered[1]
    BUFGCTRL_X0Y0        BUFG (Prop_bufg_I_O)         0.091     8.192 r  design_1_i/processing_system7_0/inst/buffer_fclk_clk_1.FCLK_CLK_1_BUFG/O
                         net (fo=2030, routed)        1.500     9.692    design_1_i/axi_smc/inst/s00_nodes/s00_ar_node/inst/inst_mi_handler/gen_normal_area.inst_fifo_node_payld/gen_xpm_memory_fifo.inst_fifo/s_sc_aclk
    SLICE_X19Y3          FDRE                                         r  design_1_i/axi_smc/inst/s00_nodes/s00_ar_node/inst/inst_mi_handler/gen_normal_area.inst_fifo_node_payld/gen_xpm_memory_fifo.inst_fifo/gen_wr.afull_r_reg/C
                         clock pessimism              0.230     9.923    
                         clock uncertainty           -0.111     9.812    
    SLICE_X19Y3          FDRE (Setup_fdre_C_D)        0.029     9.841    design_1_i/axi_smc/inst/s00_nodes/s00_ar_node/inst/inst_mi_handler/gen_normal_area.inst_fifo_node_payld/gen_xpm_memory_fifo.inst_fifo/gen_wr.afull_r_reg
  -------------------------------------------------------------------
                         required time                          9.841    
                         arrival time                          -8.700    
  -------------------------------------------------------------------
                         slack                                  1.141    

Slack (MET) :             1.264ns  (required time - arrival time)
  Source:                 design_1_i/axi_vdma_0/U0/I_RST_MODULE/GEN_RESET_FOR_MM2S.RESET_I/prmry_resetn_i_reg/C
                            (rising edge-triggered cell FDRE clocked by clk_fpga_1  {rise@0.000ns fall@3.500ns period=7.000ns})
  Destination:            design_1_i/axi_vdma_0/U0/I_PRMRY_DATAMOVER/GEN_MM2S_FULL.I_MM2S_FULL_WRAPPER/GEN_INCLUDE_MM2S_SF.I_RD_SF/I_DATA_FIFO/BLK_MEM.I_SYNC_FIFOGEN_FIFO/xpm_fifo_instance.xpm_fifo_sync_inst/xpm_fifo_base_inst/rdp_inst/count_value_i_reg[7]/D
                            (rising edge-triggered cell FDRE clocked by clk_fpga_1  {rise@0.000ns fall@3.500ns period=7.000ns})
  Path Group:             clk_fpga_1
  Path Type:              Setup (Max at Slow Process Corner)
  Requirement:            7.000ns  (clk_fpga_1 rise@7.000ns - clk_fpga_1 rise@0.000ns)
  Data Path Delay:        5.673ns  (logic 1.645ns (28.999%)  route 4.028ns (71.001%))
  Logic Levels:           5  (LUT2=1 LUT4=2 LUT6=2)
  Clock Path Skew:        -0.034ns (DCD - SCD + CPR)
    Destination Clock Delay (DCD):    2.699ns = ( 9.700 - 7.000 ) 
    Source Clock Delay      (SCD):    2.964ns
    Clock Pessimism Removal (CPR):    0.230ns
  Clock Uncertainty:      0.111ns  ((TSJ^2 + TIJ^2)^1/2 + DJ) / 2 + PE
    Total System Jitter     (TSJ):    0.071ns
    Total Input Jitter      (TIJ):    0.210ns
    Discrete Jitter          (DJ):    0.000ns
    Phase Error              (PE):    0.000ns

    Location             Delay type                Incr(ns)  Path(ns)    Netlist Resource(s)
  -------------------------------------------------------------------    -------------------
                         (clock clk_fpga_1 rise edge)
                                                      0.000     0.000 r  
    PS7_X0Y0             PS7                          0.000     0.000 r  design_1_i/processing_system7_0/inst/PS7_i/FCLKCLK[1]
                         net (fo=1, routed)           1.207     1.207    design_1_i/processing_system7_0/inst/FCLK_CLK_unbuffered[1]
    BUFGCTRL_X0Y0        BUFG (Prop_bufg_I_O)         0.101     1.308 r  design_1_i/processing_system7_0/inst/buffer_fclk_clk_1.FCLK_CLK_1_BUFG/O
                         net (fo=2030, routed)        1.656     2.964    design_1_i/axi_vdma_0/U0/I_RST_MODULE/GEN_RESET_FOR_MM2S.RESET_I/m_axi_mm2s_aclk
    SLICE_X14Y25         FDRE                                         r  design_1_i/axi_vdma_0/U0/I_RST_MODULE/GEN_RESET_FOR_MM2S.RESET_I/prmry_resetn_i_reg/C
  -------------------------------------------------------------------    -------------------
    SLICE_X14Y25         FDRE (Prop_fdre_C_Q)         0.419     3.383 r  design_1_i/axi_vdma_0/U0/I_RST_MODULE/GEN_RESET_FOR_MM2S.RESET_I/prmry_resetn_i_reg/Q
                         net (fo=24, routed)          1.045     4.428    design_1_i/axi_vdma_0/U0/I_RST_MODULE/GEN_RESET_FOR_MM2S.RESET_I/out
    SLICE_X12Y22         LUT2 (Prop_lut2_I1_O)        0.325     4.753 f  design_1_i/axi_vdma_0/U0/I_RST_MODULE/GEN_RESET_FOR_MM2S.RESET_I/xpm_fifo_sync_inst_i_1/O
                         net (fo=3, routed)           0.857     5.610    design_1_i/axi_vdma_0/U0/I_PRMRY_DATAMOVER/GEN_MM2S_FULL.I_MM2S_FULL_WRAPPER/GEN_INCLUDE_MM2S_SF.I_RD_SF/I_DATA_FIFO/BLK_MEM.I_SYNC_FIFOGEN_FIFO/rst
    SLICE_X14Y13         LUT6 (Prop_lut6_I1_O)        0.328     5.938 r  design_1_i/axi_vdma_0/U0/I_PRMRY_DATAMOVER/GEN_MM2S_FULL.I_MM2S_FULL_WRAPPER/GEN_INCLUDE_MM2S_SF.I_RD_SF/I_DATA_FIFO/BLK_MEM.I_SYNC_FIFOGEN_FIFO/xpm_fifo_instance.xpm_fifo_sync_inst_i_5/O
                         net (fo=13, routed)          1.054     6.992    design_1_i/axi_vdma_0/U0/I_PRMRY_DATAMOVER/GEN_MM2S_FULL.I_MM2S_FULL_WRAPPER/GEN_INCLUDE_MM2S_SF.I_RD_SF/I_DATA_FIFO/BLK_MEM.I_SYNC_FIFOGEN_FIFO/xpm_fifo_instance.xpm_fifo_sync_inst/xpm_fifo_base_inst/rdp_inst/rd_en
    SLICE_X11Y5          LUT4 (Prop_lut4_I2_O)        0.117     7.109 r  design_1_i/axi_vdma_0/U0/I_PRMRY_DATAMOVER/GEN_MM2S_FULL.I_MM2S_FULL_WRAPPER/GEN_INCLUDE_MM2S_SF.I_RD_SF/I_DATA_FIFO/BLK_MEM.I_SYNC_FIFOGEN_FIFO/xpm_fifo_instance.xpm_fifo_sync_inst/xpm_fifo_base_inst/rdp_inst/gen_sdpram.xpm_memory_base_inst_i_2/O
                         net (fo=19, routed)          0.560     7.669    design_1_i/axi_vdma_0/U0/I_PRMRY_DATAMOVER/GEN_MM2S_FULL.I_MM2S_FULL_WRAPPER/GEN_INCLUDE_MM2S_SF.I_RD_SF/I_DATA_FIFO/BLK_MEM.I_SYNC_FIFOGEN_FIFO/xpm_fifo_instance.xpm_fifo_sync_inst/xpm_fifo_base_inst/rdp_inst/FSM_sequential_gen_fwft.curr_fwft_state_reg[1]
    SLICE_X9Y3           LUT6 (Prop_lut6_I3_O)        0.332     8.001 r  design_1_i/axi_vdma_0/U0/I_PRMRY_DATAMOVER/GEN_MM2S_FULL.I_MM2S_FULL_WRAPPER/GEN_INCLUDE_MM2S_SF.I_RD_SF/I_DATA_FIFO/BLK_MEM.I_SYNC_FIFOGEN_FIFO/xpm_fifo_instance.xpm_fifo_sync_inst/xpm_fifo_base_inst/rdp_inst/count_value_i[7]_i_2__0/O
                         net (fo=1, routed)           0.511     8.513    design_1_i/axi_vdma_0/U0/I_PRMRY_DATAMOVER/GEN_MM2S_FULL.I_MM2S_FULL_WRAPPER/GEN_INCLUDE_MM2S_SF.I_RD_SF/I_DATA_FIFO/BLK_MEM.I_SYNC_FIFOGEN_FIFO/xpm_fifo_instance.xpm_fifo_sync_inst/xpm_fifo_base_inst/rdp_inst/count_value_i[7]_i_2__0_n_0
    SLICE_X10Y3          LUT4 (Prop_lut4_I1_O)        0.124     8.637 r  design_1_i/axi_vdma_0/U0/I_PRMRY_DATAMOVER/GEN_MM2S_FULL.I_MM2S_FULL_WRAPPER/GEN_INCLUDE_MM2S_SF.I_RD_SF/I_DATA_FIFO/BLK_MEM.I_SYNC_FIFOGEN_FIFO/xpm_fifo_instance.xpm_fifo_sync_inst/xpm_fifo_base_inst/rdp_inst/count_value_i[7]_i_1__0/O
                         net (fo=1, routed)           0.000     8.637    design_1_i/axi_vdma_0/U0/I_PRMRY_DATAMOVER/GEN_MM2S_FULL.I_MM2S_FULL_WRAPPER/GEN_INCLUDE_MM2S_SF.I_RD_SF/I_DATA_FIFO/BLK_MEM.I_SYNC_FIFOGEN_FIFO/xpm_fifo_instance.xpm_fifo_sync_inst/xpm_fifo_base_inst/rdp_inst/count_value_i[7]_i_1__0_n_0
    SLICE_X10Y3          FDRE                                         r  design_1_i/axi_vdma_0/U0/I_PRMRY_DATAMOVER/GEN_MM2S_FULL.I_MM2S_FULL_WRAPPER/GEN_INCLUDE_MM2S_SF.I_RD_SF/I_DATA_FIFO/BLK_MEM.I_SYNC_FIFOGEN_FIFO/xpm_fifo_instance.xpm_fifo_sync_inst/xpm_fifo_base_inst/rdp_inst/count_value_i_reg[7]/D
  -------------------------------------------------------------------    -------------------

                         (clock clk_fpga_1 rise edge)
                                                      7.000     7.000 r  
    PS7_X0Y0             PS7                          0.000     7.000 r  design_1_i/processing_system7_0/inst/PS7_i/FCLKCLK[1]
                         net (fo=1, routed)           1.101     8.101    design_1_i/processing_system7_0/inst/FCLK_CLK_unbuffered[1]
    BUFGCTRL_X0Y0        BUFG (Prop_bufg_I_O)         0.091     8.192 r  design_1_i/processing_system7_0/inst/buffer_fclk_clk_1.FCLK_CLK_1_BUFG/O
                         net (fo=2030, routed)        1.507     9.699    design_1_i/axi_vdma_0/U0/I_PRMRY_DATAMOVER/GEN_MM2S_FULL.I_MM2S_FULL_WRAPPER/GEN_INCLUDE_MM2S_SF.I_RD_SF/I_DATA_FIFO/BLK_MEM.I_SYNC_FIFOGEN_FIFO/xpm_fifo_instance.xpm_fifo_sync_inst/xpm_fifo_base_inst/rdp_inst/wr_clk
    SLICE_X10Y3          FDRE                                         r  design_1_i/axi_vdma_0/U0/I_PRMRY_DATAMOVER/GEN_MM2S_FULL.I_MM2S_FULL_WRAPPER/GEN_INCLUDE_MM2S_SF.I_RD_SF/I_DATA_FIFO/BLK_MEM.I_SYNC_FIFOGEN_FIFO/xpm_fifo_instance.xpm_fifo_sync_inst/xpm_fifo_base_inst/rdp_inst/count_value_i_reg[7]/C
                         clock pessimism              0.230     9.930    
                         clock uncertainty           -0.111     9.819    
    SLICE_X10Y3          FDRE (Setup_fdre_C_D)        0.081     9.900    design_1_i/axi_vdma_0/U0/I_PRMRY_DATAMOVER/GEN_MM2S_FULL.I_MM2S_FULL_WRAPPER/GEN_INCLUDE_MM2S_SF.I_RD_SF/I_DATA_FIFO/BLK_MEM.I_SYNC_FIFOGEN_FIFO/xpm_fifo_instance.xpm_fifo_sync_inst/xpm_fifo_base_inst/rdp_inst/count_value_i_reg[7]
  -------------------------------------------------------------------
                         required time                          9.900    
                         arrival time                          -8.637    
  -------------------------------------------------------------------
                         slack                                  1.264    

Slack (MET) :             1.299ns  (required time - arrival time)
  Source:                 design_1_i/axi_smc/inst/s00_entry_pipeline/s00_mmu/inst/areset_reg/C
                            (rising edge-triggered cell FDRE clocked by clk_fpga_1  {rise@0.000ns fall@3.500ns period=7.000ns})
  Destination:            design_1_i/axi_smc/inst/s00_nodes/s00_ar_node/inst/inst_mi_handler/gen_normal_area.inst_fifo_node_payld/gen_xpm_memory_fifo.inst_fifo/gen_wr.full_r_reg_inv/D
                            (rising edge-triggered cell FDRE clocked by clk_fpga_1  {rise@0.000ns fall@3.500ns period=7.000ns})
  Path Group:             clk_fpga_1
  Path Type:              Setup (Max at Slow Process Corner)
  Requirement:            7.000ns  (clk_fpga_1 rise@7.000ns - clk_fpga_1 rise@0.000ns)
  Data Path Delay:        5.560ns  (logic 1.699ns (30.560%)  route 3.861ns (69.440%))
  Logic Levels:           6  (LUT2=2 LUT3=1 LUT6=3)
  Clock Path Skew:        -0.062ns (DCD - SCD + CPR)
    Destination Clock Delay (DCD):    2.692ns = ( 9.693 - 7.000 ) 
    Source Clock Delay      (SCD):    2.985ns
    Clock Pessimism Removal (CPR):    0.230ns
  Clock Uncertainty:      0.111ns  ((TSJ^2 + TIJ^2)^1/2 + DJ) / 2 + PE
    Total System Jitter     (TSJ):    0.071ns
    Total Input Jitter      (TIJ):    0.210ns
    Discrete Jitter          (DJ):    0.000ns
    Phase Error              (PE):    0.000ns

    Location             Delay type                Incr(ns)  Path(ns)    Netlist Resource(s)
  -------------------------------------------------------------------    -------------------
                         (clock clk_fpga_1 rise edge)
                                                      0.000     0.000 r  
    PS7_X0Y0             PS7                          0.000     0.000 r  design_1_i/processing_system7_0/inst/PS7_i/FCLKCLK[1]
                         net (fo=1, routed)           1.207     1.207    design_1_i/processing_system7_0/inst/FCLK_CLK_unbuffered[1]
    BUFGCTRL_X0Y0        BUFG (Prop_bufg_I_O)         0.101     1.308 r  design_1_i/processing_system7_0/inst/buffer_fclk_clk_1.FCLK_CLK_1_BUFG/O
                         net (fo=2030, routed)        1.677     2.985    design_1_i/axi_smc/inst/s00_entry_pipeline/s00_mmu/inst/aclk
    SLICE_X10Y12         FDRE                                         r  design_1_i/axi_smc/inst/s00_entry_pipeline/s00_mmu/inst/areset_reg/C
  -------------------------------------------------------------------    -------------------
    SLICE_X10Y12         FDRE (Prop_fdre_C_Q)         0.518     3.503 f  design_1_i/axi_smc/inst/s00_entry_pipeline/s00_mmu/inst/areset_reg/Q
                         net (fo=9, routed)           0.681     4.184    design_1_i/axi_smc/inst/s00_entry_pipeline/s00_mmu/inst/areset
    SLICE_X10Y12         LUT3 (Prop_lut3_I2_O)        0.124     4.308 r  design_1_i/axi_smc/inst/s00_entry_pipeline/s00_mmu/inst/m_axi_arvalid_INST_0/O
                         net (fo=1, routed)           1.101     5.409    design_1_i/axi_smc/inst/s00_entry_pipeline/s00_si_converter/inst/s_axi_arvalid
    SLICE_X18Y5          LUT2 (Prop_lut2_I0_O)        0.150     5.559 r  design_1_i/axi_smc/inst/s00_entry_pipeline/s00_si_converter/inst/m_axi_arvalid_INST_0/O
                         net (fo=9, routed)           0.808     6.367    design_1_i/axi_smc/inst/s00_nodes/s00_ar_node/inst/inst_si_handler/s_sc_send[0]
    SLICE_X17Y3          LUT2 (Prop_lut2_I0_O)        0.327     6.694 r  design_1_i/axi_smc/inst/s00_nodes/s00_ar_node/inst/inst_si_handler/count_r[5]_i_1__0/O
                         net (fo=18, routed)          0.486     7.181    design_1_i/axi_smc/inst/s00_nodes/s00_ar_node/inst/inst_mi_handler/gen_normal_area.inst_fifo_node_payld/gen_xpm_memory_fifo.inst_fifo/gen_wr.inst_wr_addra_p1/s_sc_valid
    SLICE_X17Y2          LUT6 (Prop_lut6_I4_O)        0.332     7.513 f  design_1_i/axi_smc/inst/s00_nodes/s00_ar_node/inst/inst_mi_handler/gen_normal_area.inst_fifo_node_payld/gen_xpm_memory_fifo.inst_fifo/gen_wr.inst_wr_addra_p1/gen_rd.fifo_empty_r_i_7/O
                         net (fo=2, routed)           0.446     7.958    design_1_i/axi_smc/inst/s00_nodes/s00_ar_node/inst/inst_mi_handler/gen_normal_area.inst_fifo_node_payld/gen_xpm_memory_fifo.inst_fifo/gen_wr.inst_wr_addra_p1/gen_rd.fifo_empty_r_i_7_n_0
    SLICE_X17Y2          LUT6 (Prop_lut6_I0_O)        0.124     8.082 f  design_1_i/axi_smc/inst/s00_nodes/s00_ar_node/inst/inst_mi_handler/gen_normal_area.inst_fifo_node_payld/gen_xpm_memory_fifo.inst_fifo/gen_wr.inst_wr_addra_p1/gen_wr.full_r_inv_i_2/O
                         net (fo=1, routed)           0.338     8.421    design_1_i/axi_smc/inst/s00_nodes/s00_ar_node/inst/inst_mi_handler/gen_normal_area.inst_fifo_node_payld/gen_xpm_memory_fifo.inst_fifo/gen_wr.inst_wr_addra_p1/gen_wr.full_r_inv_i_2_n_0
    SLICE_X17Y3          LUT6 (Prop_lut6_I2_O)        0.124     8.545 r  design_1_i/axi_smc/inst/s00_nodes/s00_ar_node/inst/inst_mi_handler/gen_normal_area.inst_fifo_node_payld/gen_xpm_memory_fifo.inst_fifo/gen_wr.inst_wr_addra_p1/gen_wr.full_r_inv_i_1/O
                         net (fo=1, routed)           0.000     8.545    design_1_i/axi_smc/inst/s00_nodes/s00_ar_node/inst/inst_mi_handler/gen_normal_area.inst_fifo_node_payld/gen_xpm_memory_fifo.inst_fifo/gen_wr.inst_wr_addra_p1_n_2
    SLICE_X17Y3          FDRE                                         r  design_1_i/axi_smc/inst/s00_nodes/s00_ar_node/inst/inst_mi_handler/gen_normal_area.inst_fifo_node_payld/gen_xpm_memory_fifo.inst_fifo/gen_wr.full_r_reg_inv/D
  -------------------------------------------------------------------    -------------------

                         (clock clk_fpga_1 rise edge)
                                                      7.000     7.000 r  
    PS7_X0Y0             PS7                          0.000     7.000 r  design_1_i/processing_system7_0/inst/PS7_i/FCLKCLK[1]
                         net (fo=1, routed)           1.101     8.101    design_1_i/processing_system7_0/inst/FCLK_CLK_unbuffered[1]
    BUFGCTRL_X0Y0        BUFG (Prop_bufg_I_O)         0.091     8.192 r  design_1_i/processing_system7_0/inst/buffer_fclk_clk_1.FCLK_CLK_1_BUFG/O
                         net (fo=2030, routed)        1.500     9.692    design_1_i/axi_smc/inst/s00_nodes/s00_ar_node/inst/inst_mi_handler/gen_normal_area.inst_fifo_node_payld/gen_xpm_memory_fifo.inst_fifo/s_sc_aclk
    SLICE_X17Y3          FDRE                                         r  design_1_i/axi_smc/inst/s00_nodes/s00_ar_node/inst/inst_mi_handler/gen_normal_area.inst_fifo_node_payld/gen_xpm_memory_fifo.inst_fifo/gen_wr.full_r_reg_inv/C
                         clock pessimism              0.230     9.923    
                         clock uncertainty           -0.111     9.812    
    SLICE_X17Y3          FDRE (Setup_fdre_C_D)        0.031     9.843    design_1_i/axi_smc/inst/s00_nodes/s00_ar_node/inst/inst_mi_handler/gen_normal_area.inst_fifo_node_payld/gen_xpm_memory_fifo.inst_fifo/gen_wr.full_r_reg_inv
  -------------------------------------------------------------------
                         required time                          9.843    
                         arrival time                          -8.545    
  -------------------------------------------------------------------
                         slack                                  1.299    

Slack (MET) :             1.325ns  (required time - arrival time)
  Source:                 design_1_i/v_axi4s_vid_out_0/inst/COUPLER_INST/generate_async_fifo.FIFO_INST/XPM_FIFO_ASYNC_INST/gnuram_async_fifo.xpm_fifo_base_inst/xpm_fifo_rst_inst/gen_rst_ic.wr_rst_busy_ic_reg/C
                            (rising edge-triggered cell FDRE clocked by clk_fpga_1  {rise@0.000ns fall@3.500ns period=7.000ns})
  Destination:            design_1_i/axi_vdma_0/U0/GEN_SPRT_FOR_MM2S.MM2S_LINEBUFFER_I/GEN_LINEBUF_NO_SOF.GEN_LINEBUFFER.GEN_SYNC_FIFO.I_LINEBUFFER_FIFO/xpm_fifo_sync_inst/xpm_fifo_base_inst/gen_sdpram.xpm_memory_base_inst/gen_wr_a.gen_word_narrow.mem_reg_3/REGCEB
                            (rising edge-triggered cell RAMB36E1 clocked by clk_fpga_1  {rise@0.000ns fall@3.500ns period=7.000ns})
  Path Group:             clk_fpga_1
  Path Type:              Setup (Max at Slow Process Corner)
  Requirement:            7.000ns  (clk_fpga_1 rise@7.000ns - clk_fpga_1 rise@0.000ns)
  Data Path Delay:        4.956ns  (logic 0.978ns (19.735%)  route 3.978ns (80.265%))
  Logic Levels:           4  (LUT2=2 LUT4=1 LUT6=1)
  Clock Path Skew:        -0.025ns (DCD - SCD + CPR)
    Destination Clock Delay (DCD):    2.726ns = ( 9.726 - 7.000 ) 
    Source Clock Delay      (SCD):    2.981ns
    Clock Pessimism Removal (CPR):    0.230ns
  Clock Uncertainty:      0.111ns  ((TSJ^2 + TIJ^2)^1/2 + DJ) / 2 + PE
    Total System Jitter     (TSJ):    0.071ns
    Total Input Jitter      (TIJ):    0.210ns
    Discrete Jitter          (DJ):    0.000ns
    Phase Error              (PE):    0.000ns

    Location             Delay type                Incr(ns)  Path(ns)    Netlist Resource(s)
  -------------------------------------------------------------------    -------------------
                         (clock clk_fpga_1 rise edge)
                                                      0.000     0.000 r  
    PS7_X0Y0             PS7                          0.000     0.000 r  design_1_i/processing_system7_0/inst/PS7_i/FCLKCLK[1]
                         net (fo=1, routed)           1.207     1.207    design_1_i/processing_system7_0/inst/FCLK_CLK_unbuffered[1]
    BUFGCTRL_X0Y0        BUFG (Prop_bufg_I_O)         0.101     1.308 r  design_1_i/processing_system7_0/inst/buffer_fclk_clk_1.FCLK_CLK_1_BUFG/O
                         net (fo=2030, routed)        1.673     2.981    design_1_i/v_axi4s_vid_out_0/inst/COUPLER_INST/generate_async_fifo.FIFO_INST/XPM_FIFO_ASYNC_INST/gnuram_async_fifo.xpm_fifo_base_inst/xpm_fifo_rst_inst/wr_clk
    SLICE_X26Y43         FDRE                                         r  design_1_i/v_axi4s_vid_out_0/inst/COUPLER_INST/generate_async_fifo.FIFO_INST/XPM_FIFO_ASYNC_INST/gnuram_async_fifo.xpm_fifo_base_inst/xpm_fifo_rst_inst/gen_rst_ic.wr_rst_busy_ic_reg/C
  -------------------------------------------------------------------    -------------------
    SLICE_X26Y43         FDRE (Prop_fdre_C_Q)         0.456     3.437 f  design_1_i/v_axi4s_vid_out_0/inst/COUPLER_INST/generate_async_fifo.FIFO_INST/XPM_FIFO_ASYNC_INST/gnuram_async_fifo.xpm_fifo_base_inst/xpm_fifo_rst_inst/gen_rst_ic.wr_rst_busy_ic_reg/Q
                         net (fo=57, routed)          0.684     4.121    design_1_i/v_axi4s_vid_out_0/inst/COUPLER_INST/generate_async_fifo.FIFO_INST/XPM_FIFO_ASYNC_INST/gnuram_async_fifo.xpm_fifo_base_inst/xpm_fifo_rst_inst/wrst_busy
    SLICE_X26Y43         LUT2 (Prop_lut2_I0_O)        0.124     4.245 f  design_1_i/v_axi4s_vid_out_0/inst/COUPLER_INST/generate_async_fifo.FIFO_INST/XPM_FIFO_ASYNC_INST/gnuram_async_fifo.xpm_fifo_base_inst/xpm_fifo_rst_inst/wr_rst_busy_INST_0/O
                         net (fo=2, routed)           0.312     4.557    design_1_i/v_axi4s_vid_out_0/inst/COUPLER_INST/generate_async_fifo.FIFO_INST/wr_rst_busy_i
    SLICE_X26Y42         LUT2 (Prop_lut2_I0_O)        0.124     4.681 r  design_1_i/v_axi4s_vid_out_0/inst/COUPLER_INST/generate_async_fifo.FIFO_INST/s_axis_video_tready_INST_0/O
                         net (fo=6, routed)           1.324     6.004    design_1_i/axi_vdma_0/U0/GEN_SPRT_FOR_MM2S.MM2S_LINEBUFFER_I/GEN_LINEBUF_NO_SOF.GEN_LINEBUFFER.I_MSTR_SKID/m_axis_mm2s_tready
    SLICE_X19Y21         LUT6 (Prop_lut6_I1_O)        0.124     6.128 r  design_1_i/axi_vdma_0/U0/GEN_SPRT_FOR_MM2S.MM2S_LINEBUFFER_I/GEN_LINEBUF_NO_SOF.GEN_LINEBUFFER.I_MSTR_SKID/sig_s_ready_dup_i_1/O
                         net (fo=6, routed)           0.851     6.979    design_1_i/axi_vdma_0/U0/GEN_SPRT_FOR_MM2S.MM2S_LINEBUFFER_I/GEN_LINEBUF_NO_SOF.GEN_LINEBUFFER.GEN_SYNC_FIFO.I_LINEBUFFER_FIFO/xpm_fifo_sync_inst/xpm_fifo_base_inst/gen_sdpram.xpm_memory_base_inst/pwropt
    SLICE_X20Y14         LUT4 (Prop_lut4_I2_O)        0.150     7.129 r  design_1_i/axi_vdma_0/U0/GEN_SPRT_FOR_MM2S.MM2S_LINEBUFFER_I/GEN_LINEBUF_NO_SOF.GEN_LINEBUFFER.GEN_SYNC_FIFO.I_LINEBUFFER_FIFO/xpm_fifo_sync_inst/xpm_fifo_base_inst/gen_sdpram.xpm_memory_base_inst/gen_wr_a.gen_word_narrow.mem_reg_3_REGCEB_cooolgate_en_gate_8/O
                         net (fo=1, routed)           0.807     7.937    design_1_i/axi_vdma_0/U0/GEN_SPRT_FOR_MM2S.MM2S_LINEBUFFER_I/GEN_LINEBUF_NO_SOF.GEN_LINEBUFFER.GEN_SYNC_FIFO.I_LINEBUFFER_FIFO/xpm_fifo_sync_inst/xpm_fifo_base_inst/gen_sdpram.xpm_memory_base_inst/gen_wr_a.gen_word_narrow.mem_reg_3_REGCEB_cooolgate_en_sig_5
    RAMB36_X1Y2          RAMB36E1                                     r  design_1_i/axi_vdma_0/U0/GEN_SPRT_FOR_MM2S.MM2S_LINEBUFFER_I/GEN_LINEBUF_NO_SOF.GEN_LINEBUFFER.GEN_SYNC_FIFO.I_LINEBUFFER_FIFO/xpm_fifo_sync_inst/xpm_fifo_base_inst/gen_sdpram.xpm_memory_base_inst/gen_wr_a.gen_word_narrow.mem_reg_3/REGCEB
  -------------------------------------------------------------------    -------------------

                         (clock clk_fpga_1 rise edge)
                                                      7.000     7.000 r  
    PS7_X0Y0             PS7                          0.000     7.000 r  design_1_i/processing_system7_0/inst/PS7_i/FCLKCLK[1]
                         net (fo=1, routed)           1.101     8.101    design_1_i/processing_system7_0/inst/FCLK_CLK_unbuffered[1]
    BUFGCTRL_X0Y0        BUFG (Prop_bufg_I_O)         0.091     8.192 r  design_1_i/processing_system7_0/inst/buffer_fclk_clk_1.FCLK_CLK_1_BUFG/O
                         net (fo=2030, routed)        1.534     9.726    design_1_i/axi_vdma_0/U0/GEN_SPRT_FOR_MM2S.MM2S_LINEBUFFER_I/GEN_LINEBUF_NO_SOF.GEN_LINEBUFFER.GEN_SYNC_FIFO.I_LINEBUFFER_FIFO/xpm_fifo_sync_inst/xpm_fifo_base_inst/gen_sdpram.xpm_memory_base_inst/clka
    RAMB36_X1Y2          RAMB36E1                                     r  design_1_i/axi_vdma_0/U0/GEN_SPRT_FOR_MM2S.MM2S_LINEBUFFER_I/GEN_LINEBUF_NO_SOF.GEN_LINEBUFFER.GEN_SYNC_FIFO.I_LINEBUFFER_FIFO/xpm_fifo_sync_inst/xpm_fifo_base_inst/gen_sdpram.xpm_memory_base_inst/gen_wr_a.gen_word_narrow.mem_reg_3/CLKBWRCLK
                         clock pessimism              0.230     9.956    
                         clock uncertainty           -0.111     9.846    
    RAMB36_X1Y2          RAMB36E1 (Setup_ramb36e1_CLKBWRCLK_REGCEB)
                                                     -0.584     9.262    design_1_i/axi_vdma_0/U0/GEN_SPRT_FOR_MM2S.MM2S_LINEBUFFER_I/GEN_LINEBUF_NO_SOF.GEN_LINEBUFFER.GEN_SYNC_FIFO.I_LINEBUFFER_FIFO/xpm_fifo_sync_inst/xpm_fifo_base_inst/gen_sdpram.xpm_memory_base_inst/gen_wr_a.gen_word_narrow.mem_reg_3
  -------------------------------------------------------------------
                         required time                          9.262    
                         arrival time                          -7.937    
  -------------------------------------------------------------------
                         slack                                  1.325    

Slack (MET) :             1.372ns  (required time - arrival time)
  Source:                 design_1_i/axi_smc/inst/s00_entry_pipeline/s00_mmu/inst/areset_reg/C
                            (rising edge-triggered cell FDRE clocked by clk_fpga_1  {rise@0.000ns fall@3.500ns period=7.000ns})
  Destination:            design_1_i/axi_smc/inst/s00_nodes/s00_ar_node/inst/inst_mi_handler/gen_normal_area.inst_fifo_node_payld/gen_xpm_memory_fifo.inst_fifo/gen_rd.fifo_empty_r_reg/D
                            (rising edge-triggered cell FDRE clocked by clk_fpga_1  {rise@0.000ns fall@3.500ns period=7.000ns})
  Path Group:             clk_fpga_1
  Path Type:              Setup (Max at Slow Process Corner)
  Requirement:            7.000ns  (clk_fpga_1 rise@7.000ns - clk_fpga_1 rise@0.000ns)
  Data Path Delay:        5.484ns  (logic 1.699ns (30.979%)  route 3.785ns (69.021%))
  Logic Levels:           6  (LUT2=2 LUT3=1 LUT6=3)
  Clock Path Skew:        -0.062ns (DCD - SCD + CPR)
    Destination Clock Delay (DCD):    2.692ns = ( 9.693 - 7.000 ) 
    Source Clock Delay      (SCD):    2.985ns
    Clock Pessimism Removal (CPR):    0.230ns
  Clock Uncertainty:      0.111ns  ((TSJ^2 + TIJ^2)^1/2 + DJ) / 2 + PE
    Total System Jitter     (TSJ):    0.071ns
    Total Input Jitter      (TIJ):    0.210ns
    Discrete Jitter          (DJ):    0.000ns
    Phase Error              (PE):    0.000ns

    Location             Delay type                Incr(ns)  Path(ns)    Netlist Resource(s)
  -------------------------------------------------------------------    -------------------
                         (clock clk_fpga_1 rise edge)
                                                      0.000     0.000 r  
    PS7_X0Y0             PS7                          0.000     0.000 r  design_1_i/processing_system7_0/inst/PS7_i/FCLKCLK[1]
                         net (fo=1, routed)           1.207     1.207    design_1_i/processing_system7_0/inst/FCLK_CLK_unbuffered[1]
    BUFGCTRL_X0Y0        BUFG (Prop_bufg_I_O)         0.101     1.308 r  design_1_i/processing_system7_0/inst/buffer_fclk_clk_1.FCLK_CLK_1_BUFG/O
                         net (fo=2030, routed)        1.677     2.985    design_1_i/axi_smc/inst/s00_entry_pipeline/s00_mmu/inst/aclk
    SLICE_X10Y12         FDRE                                         r  design_1_i/axi_smc/inst/s00_entry_pipeline/s00_mmu/inst/areset_reg/C
  -------------------------------------------------------------------    -------------------
    SLICE_X10Y12         FDRE (Prop_fdre_C_Q)         0.518     3.503 f  design_1_i/axi_smc/inst/s00_entry_pipeline/s00_mmu/inst/areset_reg/Q
                         net (fo=9, routed)           0.681     4.184    design_1_i/axi_smc/inst/s00_entry_pipeline/s00_mmu/inst/areset
    SLICE_X10Y12         LUT3 (Prop_lut3_I2_O)        0.124     4.308 r  design_1_i/axi_smc/inst/s00_entry_pipeline/s00_mmu/inst/m_axi_arvalid_INST_0/O
                         net (fo=1, routed)           1.101     5.409    design_1_i/axi_smc/inst/s00_entry_pipeline/s00_si_converter/inst/s_axi_arvalid
    SLICE_X18Y5          LUT2 (Prop_lut2_I0_O)        0.150     5.559 r  design_1_i/axi_smc/inst/s00_entry_pipeline/s00_si_converter/inst/m_axi_arvalid_INST_0/O
                         net (fo=9, routed)           0.808     6.367    design_1_i/axi_smc/inst/s00_nodes/s00_ar_node/inst/inst_si_handler/s_sc_send[0]
    SLICE_X17Y3          LUT2 (Prop_lut2_I0_O)        0.327     6.694 r  design_1_i/axi_smc/inst/s00_nodes/s00_ar_node/inst/inst_si_handler/count_r[5]_i_1__0/O
                         net (fo=18, routed)          0.486     7.181    design_1_i/axi_smc/inst/s00_nodes/s00_ar_node/inst/inst_mi_handler/gen_normal_area.inst_fifo_node_payld/gen_xpm_memory_fifo.inst_fifo/gen_wr.inst_wr_addra_p1/s_sc_valid
    SLICE_X17Y2          LUT6 (Prop_lut6_I4_O)        0.332     7.513 r  design_1_i/axi_smc/inst/s00_nodes/s00_ar_node/inst/inst_mi_handler/gen_normal_area.inst_fifo_node_payld/gen_xpm_memory_fifo.inst_fifo/gen_wr.inst_wr_addra_p1/gen_rd.fifo_empty_r_i_7/O
                         net (fo=2, routed)           0.306     7.818    design_1_i/axi_smc/inst/s00_nodes/s00_ar_node/inst/inst_mi_handler/gen_normal_area.inst_fifo_node_payld/gen_xpm_memory_fifo.inst_fifo/gen_wr.inst_wr_addra_p1/gen_rd.fifo_empty_r_i_7_n_0
    SLICE_X17Y3          LUT6 (Prop_lut6_I5_O)        0.124     7.942 r  design_1_i/axi_smc/inst/s00_nodes/s00_ar_node/inst/inst_mi_handler/gen_normal_area.inst_fifo_node_payld/gen_xpm_memory_fifo.inst_fifo/gen_wr.inst_wr_addra_p1/gen_rd.fifo_empty_r_i_4/O
                         net (fo=1, routed)           0.403     8.345    design_1_i/axi_smc/inst/s00_nodes/s00_ar_node/inst/inst_mi_handler/gen_normal_area.inst_fifo_node_payld/gen_xpm_memory_fifo.inst_fifo/gen_wr.inst_wr_addra_p1/gen_rd.fifo_empty_r_i_4_n_0
    SLICE_X17Y3          LUT6 (Prop_lut6_I2_O)        0.124     8.469 r  design_1_i/axi_smc/inst/s00_nodes/s00_ar_node/inst/inst_mi_handler/gen_normal_area.inst_fifo_node_payld/gen_xpm_memory_fifo.inst_fifo/gen_wr.inst_wr_addra_p1/gen_rd.fifo_empty_r_i_1/O
                         net (fo=1, routed)           0.000     8.469    design_1_i/axi_smc/inst/s00_nodes/s00_ar_node/inst/inst_mi_handler/gen_normal_area.inst_fifo_node_payld/gen_xpm_memory_fifo.inst_fifo/gen_wr.inst_wr_addra_p1_n_1
    SLICE_X17Y3          FDRE                                         r  design_1_i/axi_smc/inst/s00_nodes/s00_ar_node/inst/inst_mi_handler/gen_normal_area.inst_fifo_node_payld/gen_xpm_memory_fifo.inst_fifo/gen_rd.fifo_empty_r_reg/D
  -------------------------------------------------------------------    -------------------

                         (clock clk_fpga_1 rise edge)
                                                      7.000     7.000 r  
    PS7_X0Y0             PS7                          0.000     7.000 r  design_1_i/processing_system7_0/inst/PS7_i/FCLKCLK[1]
                         net (fo=1, routed)           1.101     8.101    design_1_i/processing_system7_0/inst/FCLK_CLK_unbuffered[1]
    BUFGCTRL_X0Y0        BUFG (Prop_bufg_I_O)         0.091     8.192 r  design_1_i/processing_system7_0/inst/buffer_fclk_clk_1.FCLK_CLK_1_BUFG/O
                         net (fo=2030, routed)        1.500     9.692    design_1_i/axi_smc/inst/s00_nodes/s00_ar_node/inst/inst_mi_handler/gen_normal_area.inst_fifo_node_payld/gen_xpm_memory_fifo.inst_fifo/s_sc_aclk
    SLICE_X17Y3          FDRE                                         r  design_1_i/axi_smc/inst/s00_nodes/s00_ar_node/inst/inst_mi_handler/gen_normal_area.inst_fifo_node_payld/gen_xpm_memory_fifo.inst_fifo/gen_rd.fifo_empty_r_reg/C
                         clock pessimism              0.230     9.923    
                         clock uncertainty           -0.111     9.812    
    SLICE_X17Y3          FDRE (Setup_fdre_C_D)        0.029     9.841    design_1_i/axi_smc/inst/s00_nodes/s00_ar_node/inst/inst_mi_handler/gen_normal_area.inst_fifo_node_payld/gen_xpm_memory_fifo.inst_fifo/gen_rd.fifo_empty_r_reg
  -------------------------------------------------------------------
                         required time                          9.841    
                         arrival time                          -8.469    
  -------------------------------------------------------------------
                         slack                                  1.372    

Slack (MET) :             1.449ns  (required time - arrival time)
  Source:                 design_1_i/axi_vdma_0/U0/I_RST_MODULE/GEN_RESET_FOR_MM2S.RESET_I/prmry_resetn_i_reg/C
                            (rising edge-triggered cell FDRE clocked by clk_fpga_1  {rise@0.000ns fall@3.500ns period=7.000ns})
  Destination:            design_1_i/axi_vdma_0/U0/I_PRMRY_DATAMOVER/GEN_MM2S_FULL.I_MM2S_FULL_WRAPPER/GEN_INCLUDE_MM2S_SF.I_RD_SF/I_DATA_FIFO/BLK_MEM.I_SYNC_FIFOGEN_FIFO/xpm_fifo_instance.xpm_fifo_sync_inst/xpm_fifo_base_inst/gen_sdpram.xpm_memory_base_inst/gen_wr_a.gen_word_narrow.mem_reg/ENARDEN
                            (rising edge-triggered cell RAMB36E1 clocked by clk_fpga_1  {rise@0.000ns fall@3.500ns period=7.000ns})
  Path Group:             clk_fpga_1
  Path Type:              Setup (Max at Slow Process Corner)
  Requirement:            7.000ns  (clk_fpga_1 rise@7.000ns - clk_fpga_1 rise@0.000ns)
  Data Path Delay:        4.788ns  (logic 1.189ns (24.833%)  route 3.599ns (75.167%))
  Logic Levels:           3  (LUT2=1 LUT4=1 LUT6=1)
  Clock Path Skew:        -0.001ns (DCD - SCD + CPR)
    Destination Clock Delay (DCD):    2.733ns = ( 9.733 - 7.000 ) 
    Source Clock Delay      (SCD):    2.964ns
    Clock Pessimism Removal (CPR):    0.230ns
  Clock Uncertainty:      0.111ns  ((TSJ^2 + TIJ^2)^1/2 + DJ) / 2 + PE
    Total System Jitter     (TSJ):    0.071ns
    Total Input Jitter      (TIJ):    0.210ns
    Discrete Jitter          (DJ):    0.000ns
    Phase Error              (PE):    0.000ns

    Location             Delay type                Incr(ns)  Path(ns)    Netlist Resource(s)
  -------------------------------------------------------------------    -------------------
                         (clock clk_fpga_1 rise edge)
                                                      0.000     0.000 r  
    PS7_X0Y0             PS7                          0.000     0.000 r  design_1_i/processing_system7_0/inst/PS7_i/FCLKCLK[1]
                         net (fo=1, routed)           1.207     1.207    design_1_i/processing_system7_0/inst/FCLK_CLK_unbuffered[1]
    BUFGCTRL_X0Y0        BUFG (Prop_bufg_I_O)         0.101     1.308 r  design_1_i/processing_system7_0/inst/buffer_fclk_clk_1.FCLK_CLK_1_BUFG/O
                         net (fo=2030, routed)        1.656     2.964    design_1_i/axi_vdma_0/U0/I_RST_MODULE/GEN_RESET_FOR_MM2S.RESET_I/m_axi_mm2s_aclk
    SLICE_X14Y25         FDRE                                         r  design_1_i/axi_vdma_0/U0/I_RST_MODULE/GEN_RESET_FOR_MM2S.RESET_I/prmry_resetn_i_reg/C
  -------------------------------------------------------------------    -------------------
    SLICE_X14Y25         FDRE (Prop_fdre_C_Q)         0.419     3.383 r  design_1_i/axi_vdma_0/U0/I_RST_MODULE/GEN_RESET_FOR_MM2S.RESET_I/prmry_resetn_i_reg/Q
                         net (fo=24, routed)          1.045     4.428    design_1_i/axi_vdma_0/U0/I_RST_MODULE/GEN_RESET_FOR_MM2S.RESET_I/out
    SLICE_X12Y22         LUT2 (Prop_lut2_I1_O)        0.325     4.753 f  design_1_i/axi_vdma_0/U0/I_RST_MODULE/GEN_RESET_FOR_MM2S.RESET_I/xpm_fifo_sync_inst_i_1/O
                         net (fo=3, routed)           0.857     5.610    design_1_i/axi_vdma_0/U0/I_PRMRY_DATAMOVER/GEN_MM2S_FULL.I_MM2S_FULL_WRAPPER/GEN_INCLUDE_MM2S_SF.I_RD_SF/I_DATA_FIFO/BLK_MEM.I_SYNC_FIFOGEN_FIFO/rst
    SLICE_X14Y13         LUT6 (Prop_lut6_I1_O)        0.328     5.938 r  design_1_i/axi_vdma_0/U0/I_PRMRY_DATAMOVER/GEN_MM2S_FULL.I_MM2S_FULL_WRAPPER/GEN_INCLUDE_MM2S_SF.I_RD_SF/I_DATA_FIFO/BLK_MEM.I_SYNC_FIFOGEN_FIFO/xpm_fifo_instance.xpm_fifo_sync_inst_i_5/O
                         net (fo=13, routed)          1.054     6.992    design_1_i/axi_vdma_0/U0/I_PRMRY_DATAMOVER/GEN_MM2S_FULL.I_MM2S_FULL_WRAPPER/GEN_INCLUDE_MM2S_SF.I_RD_SF/I_DATA_FIFO/BLK_MEM.I_SYNC_FIFOGEN_FIFO/xpm_fifo_instance.xpm_fifo_sync_inst/xpm_fifo_base_inst/rdp_inst/rd_en
    SLICE_X11Y5          LUT4 (Prop_lut4_I2_O)        0.117     7.109 r  design_1_i/axi_vdma_0/U0/I_PRMRY_DATAMOVER/GEN_MM2S_FULL.I_MM2S_FULL_WRAPPER/GEN_INCLUDE_MM2S_SF.I_RD_SF/I_DATA_FIFO/BLK_MEM.I_SYNC_FIFOGEN_FIFO/xpm_fifo_instance.xpm_fifo_sync_inst/xpm_fifo_base_inst/rdp_inst/gen_sdpram.xpm_memory_base_inst_i_2/O
                         net (fo=19, routed)          0.643     7.752    design_1_i/axi_vdma_0/U0/I_PRMRY_DATAMOVER/GEN_MM2S_FULL.I_MM2S_FULL_WRAPPER/GEN_INCLUDE_MM2S_SF.I_RD_SF/I_DATA_FIFO/BLK_MEM.I_SYNC_FIFOGEN_FIFO/xpm_fifo_instance.xpm_fifo_sync_inst/xpm_fifo_base_inst/gen_sdpram.xpm_memory_base_inst/enb
    RAMB36_X0Y1          RAMB36E1                                     r  design_1_i/axi_vdma_0/U0/I_PRMRY_DATAMOVER/GEN_MM2S_FULL.I_MM2S_FULL_WRAPPER/GEN_INCLUDE_MM2S_SF.I_RD_SF/I_DATA_FIFO/BLK_MEM.I_SYNC_FIFOGEN_FIFO/xpm_fifo_instance.xpm_fifo_sync_inst/xpm_fifo_base_inst/gen_sdpram.xpm_memory_base_inst/gen_wr_a.gen_word_narrow.mem_reg/ENARDEN
  -------------------------------------------------------------------    -------------------

                         (clock clk_fpga_1 rise edge)
                                                      7.000     7.000 r  
    PS7_X0Y0             PS7                          0.000     7.000 r  design_1_i/processing_system7_0/inst/PS7_i/FCLKCLK[1]
                         net (fo=1, routed)           1.101     8.101    design_1_i/processing_system7_0/inst/FCLK_CLK_unbuffered[1]
    BUFGCTRL_X0Y0        BUFG (Prop_bufg_I_O)         0.091     8.192 r  design_1_i/processing_system7_0/inst/buffer_fclk_clk_1.FCLK_CLK_1_BUFG/O
                         net (fo=2030, routed)        1.541     9.733    design_1_i/axi_vdma_0/U0/I_PRMRY_DATAMOVER/GEN_MM2S_FULL.I_MM2S_FULL_WRAPPER/GEN_INCLUDE_MM2S_SF.I_RD_SF/I_DATA_FIFO/BLK_MEM.I_SYNC_FIFOGEN_FIFO/xpm_fifo_instance.xpm_fifo_sync_inst/xpm_fifo_base_inst/gen_sdpram.xpm_memory_base_inst/clka
    RAMB36_X0Y1          RAMB36E1                                     r  design_1_i/axi_vdma_0/U0/I_PRMRY_DATAMOVER/GEN_MM2S_FULL.I_MM2S_FULL_WRAPPER/GEN_INCLUDE_MM2S_SF.I_RD_SF/I_DATA_FIFO/BLK_MEM.I_SYNC_FIFOGEN_FIFO/xpm_fifo_instance.xpm_fifo_sync_inst/xpm_fifo_base_inst/gen_sdpram.xpm_memory_base_inst/gen_wr_a.gen_word_narrow.mem_reg/CLKARDCLK
                         clock pessimism              0.230     9.963    
                         clock uncertainty           -0.111     9.853    
    RAMB36_X0Y1          RAMB36E1 (Setup_ramb36e1_CLKARDCLK_ENARDEN)
                                                     -0.651     9.202    design_1_i/axi_vdma_0/U0/I_PRMRY_DATAMOVER/GEN_MM2S_FULL.I_MM2S_FULL_WRAPPER/GEN_INCLUDE_MM2S_SF.I_RD_SF/I_DATA_FIFO/BLK_MEM.I_SYNC_FIFOGEN_FIFO/xpm_fifo_instance.xpm_fifo_sync_inst/xpm_fifo_base_inst/gen_sdpram.xpm_memory_base_inst/gen_wr_a.gen_word_narrow.mem_reg
  -------------------------------------------------------------------
                         required time                          9.202    
                         arrival time                          -7.752    
  -------------------------------------------------------------------
                         slack                                  1.449    





Min Delay Paths
--------------------------------------------------------------------------------------
Slack (MET) :             0.056ns  (arrival time - required time)
  Source:                 design_1_i/axi_smc/inst/s00_nodes/s00_r_node/inst/inst_mi_handler/gen_normal_area.inst_fifo_node_payld/gen_xpm_memory_fifo.inst_fifo/gen_mem_rep[0].inst_xpm_memory/xpm_memory_base_inst/gen_rd_b.doutb_reg_reg[82]/C
                            (rising edge-triggered cell FDRE clocked by clk_fpga_1  {rise@0.000ns fall@3.500ns period=7.000ns})
  Destination:            design_1_i/axi_vdma_0/U0/I_PRMRY_DATAMOVER/GEN_MM2S_FULL.I_MM2S_FULL_WRAPPER/GEN_INCLUDE_MM2S_SF.I_RD_SF/I_DATA_FIFO/BLK_MEM.I_SYNC_FIFOGEN_FIFO/xpm_fifo_instance.xpm_fifo_sync_inst/xpm_fifo_base_inst/gen_sdpram.xpm_memory_base_inst/gen_wr_a.gen_word_narrow.mem_reg/DIBDI[31]
                            (rising edge-triggered cell RAMB36E1 clocked by clk_fpga_1  {rise@0.000ns fall@3.500ns period=7.000ns})
  Path Group:             clk_fpga_1
  Path Type:              Hold (Min at Fast Process Corner)
  Requirement:            0.000ns  (clk_fpga_1 rise@0.000ns - clk_fpga_1 rise@0.000ns)
  Data Path Delay:        0.378ns  (logic 0.148ns (39.200%)  route 0.230ns (60.800%))
  Logic Levels:           0  
  Clock Path Skew:        0.078ns (DCD - SCD - CPR)
    Destination Clock Delay (DCD):    1.246ns
    Source Clock Delay      (SCD):    0.906ns
    Clock Pessimism Removal (CPR):    0.262ns

    Location             Delay type                Incr(ns)  Path(ns)    Netlist Resource(s)
  -------------------------------------------------------------------    -------------------
                         (clock clk_fpga_1 rise edge)
                                                      0.000     0.000 r  
    PS7_X0Y0             PS7                          0.000     0.000 r  design_1_i/processing_system7_0/inst/PS7_i/FCLKCLK[1]
                         net (fo=1, routed)           0.315     0.315    design_1_i/processing_system7_0/inst/FCLK_CLK_unbuffered[1]
    BUFGCTRL_X0Y0        BUFG (Prop_bufg_I_O)         0.026     0.341 r  design_1_i/processing_system7_0/inst/buffer_fclk_clk_1.FCLK_CLK_1_BUFG/O
                         net (fo=2030, routed)        0.565     0.906    design_1_i/axi_smc/inst/s00_nodes/s00_r_node/inst/inst_mi_handler/gen_normal_area.inst_fifo_node_payld/gen_xpm_memory_fifo.inst_fifo/gen_mem_rep[0].inst_xpm_memory/xpm_memory_base_inst/clka
    SLICE_X8Y7           FDRE                                         r  design_1_i/axi_smc/inst/s00_nodes/s00_r_node/inst/inst_mi_handler/gen_normal_area.inst_fifo_node_payld/gen_xpm_memory_fifo.inst_fifo/gen_mem_rep[0].inst_xpm_memory/xpm_memory_base_inst/gen_rd_b.doutb_reg_reg[82]/C
  -------------------------------------------------------------------    -------------------
    SLICE_X8Y7           FDRE (Prop_fdre_C_Q)         0.148     1.054 r  design_1_i/axi_smc/inst/s00_nodes/s00_r_node/inst/inst_mi_handler/gen_normal_area.inst_fifo_node_payld/gen_xpm_memory_fifo.inst_fifo/gen_mem_rep[0].inst_xpm_memory/xpm_memory_base_inst/gen_rd_b.doutb_reg_reg[82]/Q
                         net (fo=1, routed)           0.230     1.283    design_1_i/axi_vdma_0/U0/I_PRMRY_DATAMOVER/GEN_MM2S_FULL.I_MM2S_FULL_WRAPPER/GEN_INCLUDE_MM2S_SF.I_RD_SF/I_DATA_FIFO/BLK_MEM.I_SYNC_FIFOGEN_FIFO/xpm_fifo_instance.xpm_fifo_sync_inst/xpm_fifo_base_inst/gen_sdpram.xpm_memory_base_inst/dina[63]
    RAMB36_X0Y1          RAMB36E1                                     r  design_1_i/axi_vdma_0/U0/I_PRMRY_DATAMOVER/GEN_MM2S_FULL.I_MM2S_FULL_WRAPPER/GEN_INCLUDE_MM2S_SF.I_RD_SF/I_DATA_FIFO/BLK_MEM.I_SYNC_FIFOGEN_FIFO/xpm_fifo_instance.xpm_fifo_sync_inst/xpm_fifo_base_inst/gen_sdpram.xpm_memory_base_inst/gen_wr_a.gen_word_narrow.mem_reg/DIBDI[31]
  -------------------------------------------------------------------    -------------------

                         (clock clk_fpga_1 rise edge)
                                                      0.000     0.000 r  
    PS7_X0Y0             PS7                          0.000     0.000 r  design_1_i/processing_system7_0/inst/PS7_i/FCLKCLK[1]
                         net (fo=1, routed)           0.341     0.341    design_1_i/processing_system7_0/inst/FCLK_CLK_unbuffered[1]
    BUFGCTRL_X0Y0        BUFG (Prop_bufg_I_O)         0.029     0.370 r  design_1_i/processing_system7_0/inst/buffer_fclk_clk_1.FCLK_CLK_1_BUFG/O
                         net (fo=2030, routed)        0.876     1.246    design_1_i/axi_vdma_0/U0/I_PRMRY_DATAMOVER/GEN_MM2S_FULL.I_MM2S_FULL_WRAPPER/GEN_INCLUDE_MM2S_SF.I_RD_SF/I_DATA_FIFO/BLK_MEM.I_SYNC_FIFOGEN_FIFO/xpm_fifo_instance.xpm_fifo_sync_inst/xpm_fifo_base_inst/gen_sdpram.xpm_memory_base_inst/clka
    RAMB36_X0Y1          RAMB36E1                                     r  design_1_i/axi_vdma_0/U0/I_PRMRY_DATAMOVER/GEN_MM2S_FULL.I_MM2S_FULL_WRAPPER/GEN_INCLUDE_MM2S_SF.I_RD_SF/I_DATA_FIFO/BLK_MEM.I_SYNC_FIFOGEN_FIFO/xpm_fifo_instance.xpm_fifo_sync_inst/xpm_fifo_base_inst/gen_sdpram.xpm_memory_base_inst/gen_wr_a.gen_word_narrow.mem_reg/CLKBWRCLK
                         clock pessimism             -0.262     0.984    
    RAMB36_X0Y1          RAMB36E1 (Hold_ramb36e1_CLKBWRCLK_DIBDI[31])
                                                      0.243     1.227    design_1_i/axi_vdma_0/U0/I_PRMRY_DATAMOVER/GEN_MM2S_FULL.I_MM2S_FULL_WRAPPER/GEN_INCLUDE_MM2S_SF.I_RD_SF/I_DATA_FIFO/BLK_MEM.I_SYNC_FIFOGEN_FIFO/xpm_fifo_instance.xpm_fifo_sync_inst/xpm_fifo_base_inst/gen_sdpram.xpm_memory_base_inst/gen_wr_a.gen_word_narrow.mem_reg
  -------------------------------------------------------------------
                         required time                         -1.227    
                         arrival time                           1.283    
  -------------------------------------------------------------------
                         slack                                  0.056    

Slack (MET) :             0.059ns  (arrival time - required time)
  Source:                 design_1_i/axi_vdma_0/U0/GEN_SPRT_FOR_MM2S.ADDR32.I_MM2S_DMA_MNGR/I_CMDSTS/s_axis_cmd_tdata_reg[40]/C
                            (rising edge-triggered cell FDRE clocked by clk_fpga_1  {rise@0.000ns fall@3.500ns period=7.000ns})
  Destination:            design_1_i/axi_vdma_0/U0/I_PRMRY_DATAMOVER/GEN_MM2S_FULL.I_MM2S_FULL_WRAPPER/I_CMD_STATUS/I_CMD_FIFO/USE_SRL_FIFO.I_SYNC_FIFO/I_SRL_FIFO_RBU_F/DYNSHREG_F_I/INFERRED_GEN.data_reg[3][27]_srl4/D
                            (rising edge-triggered cell SRL16E clocked by clk_fpga_1  {rise@0.000ns fall@3.500ns period=7.000ns})
  Path Group:             clk_fpga_1
  Path Type:              Hold (Min at Fast Process Corner)
  Requirement:            0.000ns  (clk_fpga_1 rise@0.000ns - clk_fpga_1 rise@0.000ns)
  Data Path Delay:        0.257ns  (logic 0.141ns (54.828%)  route 0.116ns (45.172%))
  Logic Levels:           0  
  Clock Path Skew:        0.015ns (DCD - SCD - CPR)
    Destination Clock Delay (DCD):    1.191ns
    Source Clock Delay      (SCD):    0.895ns
    Clock Pessimism Removal (CPR):    0.281ns

    Location             Delay type                Incr(ns)  Path(ns)    Netlist Resource(s)
  -------------------------------------------------------------------    -------------------
                         (clock clk_fpga_1 rise edge)
                                                      0.000     0.000 r  
    PS7_X0Y0             PS7                          0.000     0.000 r  design_1_i/processing_system7_0/inst/PS7_i/FCLKCLK[1]
                         net (fo=1, routed)           0.315     0.315    design_1_i/processing_system7_0/inst/FCLK_CLK_unbuffered[1]
    BUFGCTRL_X0Y0        BUFG (Prop_bufg_I_O)         0.026     0.341 r  design_1_i/processing_system7_0/inst/buffer_fclk_clk_1.FCLK_CLK_1_BUFG/O
                         net (fo=2030, routed)        0.554     0.895    design_1_i/axi_vdma_0/U0/GEN_SPRT_FOR_MM2S.ADDR32.I_MM2S_DMA_MNGR/I_CMDSTS/m_axi_mm2s_aclk
    SLICE_X9Y23          FDRE                                         r  design_1_i/axi_vdma_0/U0/GEN_SPRT_FOR_MM2S.ADDR32.I_MM2S_DMA_MNGR/I_CMDSTS/s_axis_cmd_tdata_reg[40]/C
  -------------------------------------------------------------------    -------------------
    SLICE_X9Y23          FDRE (Prop_fdre_C_Q)         0.141     1.036 r  design_1_i/axi_vdma_0/U0/GEN_SPRT_FOR_MM2S.ADDR32.I_MM2S_DMA_MNGR/I_CMDSTS/s_axis_cmd_tdata_reg[40]/Q
                         net (fo=1, routed)           0.116     1.152    design_1_i/axi_vdma_0/U0/I_PRMRY_DATAMOVER/GEN_MM2S_FULL.I_MM2S_FULL_WRAPPER/I_CMD_STATUS/I_CMD_FIFO/USE_SRL_FIFO.I_SYNC_FIFO/I_SRL_FIFO_RBU_F/DYNSHREG_F_I/in[25]
    SLICE_X8Y22          SRL16E                                       r  design_1_i/axi_vdma_0/U0/I_PRMRY_DATAMOVER/GEN_MM2S_FULL.I_MM2S_FULL_WRAPPER/I_CMD_STATUS/I_CMD_FIFO/USE_SRL_FIFO.I_SYNC_FIFO/I_SRL_FIFO_RBU_F/DYNSHREG_F_I/INFERRED_GEN.data_reg[3][27]_srl4/D
  -------------------------------------------------------------------    -------------------

                         (clock clk_fpga_1 rise edge)
                                                      0.000     0.000 r  
    PS7_X0Y0             PS7                          0.000     0.000 r  design_1_i/processing_system7_0/inst/PS7_i/FCLKCLK[1]
                         net (fo=1, routed)           0.341     0.341    design_1_i/processing_system7_0/inst/FCLK_CLK_unbuffered[1]
    BUFGCTRL_X0Y0        BUFG (Prop_bufg_I_O)         0.029     0.370 r  design_1_i/processing_system7_0/inst/buffer_fclk_clk_1.FCLK_CLK_1_BUFG/O
                         net (fo=2030, routed)        0.821     1.191    design_1_i/axi_vdma_0/U0/I_PRMRY_DATAMOVER/GEN_MM2S_FULL.I_MM2S_FULL_WRAPPER/I_CMD_STATUS/I_CMD_FIFO/USE_SRL_FIFO.I_SYNC_FIFO/I_SRL_FIFO_RBU_F/DYNSHREG_F_I/m_axi_mm2s_aclk
    SLICE_X8Y22          SRL16E                                       r  design_1_i/axi_vdma_0/U0/I_PRMRY_DATAMOVER/GEN_MM2S_FULL.I_MM2S_FULL_WRAPPER/I_CMD_STATUS/I_CMD_FIFO/USE_SRL_FIFO.I_SYNC_FIFO/I_SRL_FIFO_RBU_F/DYNSHREG_F_I/INFERRED_GEN.data_reg[3][27]_srl4/CLK
                         clock pessimism             -0.281     0.910    
    SLICE_X8Y22          SRL16E (Hold_srl16e_CLK_D)
                                                      0.183     1.092    design_1_i/axi_vdma_0/U0/I_PRMRY_DATAMOVER/GEN_MM2S_FULL.I_MM2S_FULL_WRAPPER/I_CMD_STATUS/I_CMD_FIFO/USE_SRL_FIFO.I_SYNC_FIFO/I_SRL_FIFO_RBU_F/DYNSHREG_F_I/INFERRED_GEN.data_reg[3][27]_srl4
  -------------------------------------------------------------------
                         required time                         -1.093    
                         arrival time                           1.152    
  -------------------------------------------------------------------
                         slack                                  0.059    

Slack (MET) :             0.097ns  (arrival time - required time)
  Source:                 design_1_i/axi_vdma_0/U0/GEN_SPRT_FOR_MM2S.ADDR32.I_MM2S_DMA_MNGR/I_CMDSTS/s_axis_cmd_tdata_reg[2]/C
                            (rising edge-triggered cell FDRE clocked by clk_fpga_1  {rise@0.000ns fall@3.500ns period=7.000ns})
  Destination:            design_1_i/axi_vdma_0/U0/I_PRMRY_DATAMOVER/GEN_MM2S_FULL.I_MM2S_FULL_WRAPPER/I_CMD_STATUS/I_CMD_FIFO/USE_SRL_FIFO.I_SYNC_FIFO/I_SRL_FIFO_RBU_F/DYNSHREG_F_I/INFERRED_GEN.data_reg[3][65]_srl4/D
                            (rising edge-triggered cell SRL16E clocked by clk_fpga_1  {rise@0.000ns fall@3.500ns period=7.000ns})
  Path Group:             clk_fpga_1
  Path Type:              Hold (Min at Fast Process Corner)
  Requirement:            0.000ns  (clk_fpga_1 rise@0.000ns - clk_fpga_1 rise@0.000ns)
  Data Path Delay:        0.242ns  (logic 0.128ns (52.946%)  route 0.114ns (47.054%))
  Logic Levels:           0  
  Clock Path Skew:        0.015ns (DCD - SCD - CPR)
    Destination Clock Delay (DCD):    1.210ns
    Source Clock Delay      (SCD):    0.914ns
    Clock Pessimism Removal (CPR):    0.281ns

    Location             Delay type                Incr(ns)  Path(ns)    Netlist Resource(s)
  -------------------------------------------------------------------    -------------------
                         (clock clk_fpga_1 rise edge)
                                                      0.000     0.000 r  
    PS7_X0Y0             PS7                          0.000     0.000 r  design_1_i/processing_system7_0/inst/PS7_i/FCLKCLK[1]
                         net (fo=1, routed)           0.315     0.315    design_1_i/processing_system7_0/inst/FCLK_CLK_unbuffered[1]
    BUFGCTRL_X0Y0        BUFG (Prop_bufg_I_O)         0.026     0.341 r  design_1_i/processing_system7_0/inst/buffer_fclk_clk_1.FCLK_CLK_1_BUFG/O
                         net (fo=2030, routed)        0.573     0.914    design_1_i/axi_vdma_0/U0/GEN_SPRT_FOR_MM2S.ADDR32.I_MM2S_DMA_MNGR/I_CMDSTS/m_axi_mm2s_aclk
    SLICE_X5Y23          FDRE                                         r  design_1_i/axi_vdma_0/U0/GEN_SPRT_FOR_MM2S.ADDR32.I_MM2S_DMA_MNGR/I_CMDSTS/s_axis_cmd_tdata_reg[2]/C
  -------------------------------------------------------------------    -------------------
    SLICE_X5Y23          FDRE (Prop_fdre_C_Q)         0.128     1.041 r  design_1_i/axi_vdma_0/U0/GEN_SPRT_FOR_MM2S.ADDR32.I_MM2S_DMA_MNGR/I_CMDSTS/s_axis_cmd_tdata_reg[2]/Q
                         net (fo=1, routed)           0.114     1.155    design_1_i/axi_vdma_0/U0/I_PRMRY_DATAMOVER/GEN_MM2S_FULL.I_MM2S_FULL_WRAPPER/I_CMD_STATUS/I_CMD_FIFO/USE_SRL_FIFO.I_SYNC_FIFO/I_SRL_FIFO_RBU_F/DYNSHREG_F_I/in[2]
    SLICE_X4Y22          SRL16E                                       r  design_1_i/axi_vdma_0/U0/I_PRMRY_DATAMOVER/GEN_MM2S_FULL.I_MM2S_FULL_WRAPPER/I_CMD_STATUS/I_CMD_FIFO/USE_SRL_FIFO.I_SYNC_FIFO/I_SRL_FIFO_RBU_F/DYNSHREG_F_I/INFERRED_GEN.data_reg[3][65]_srl4/D
  -------------------------------------------------------------------    -------------------

                         (clock clk_fpga_1 rise edge)
                                                      0.000     0.000 r  
    PS7_X0Y0             PS7                          0.000     0.000 r  design_1_i/processing_system7_0/inst/PS7_i/FCLKCLK[1]
                         net (fo=1, routed)           0.341     0.341    design_1_i/processing_system7_0/inst/FCLK_CLK_unbuffered[1]
    BUFGCTRL_X0Y0        BUFG (Prop_bufg_I_O)         0.029     0.370 r  design_1_i/processing_system7_0/inst/buffer_fclk_clk_1.FCLK_CLK_1_BUFG/O
                         net (fo=2030, routed)        0.840     1.210    design_1_i/axi_vdma_0/U0/I_PRMRY_DATAMOVER/GEN_MM2S_FULL.I_MM2S_FULL_WRAPPER/I_CMD_STATUS/I_CMD_FIFO/USE_SRL_FIFO.I_SYNC_FIFO/I_SRL_FIFO_RBU_F/DYNSHREG_F_I/m_axi_mm2s_aclk
    SLICE_X4Y22          SRL16E                                       r  design_1_i/axi_vdma_0/U0/I_PRMRY_DATAMOVER/GEN_MM2S_FULL.I_MM2S_FULL_WRAPPER/I_CMD_STATUS/I_CMD_FIFO/USE_SRL_FIFO.I_SYNC_FIFO/I_SRL_FIFO_RBU_F/DYNSHREG_F_I/INFERRED_GEN.data_reg[3][65]_srl4/CLK
                         clock pessimism             -0.281     0.929    
    SLICE_X4Y22          SRL16E (Hold_srl16e_CLK_D)
                                                      0.130     1.059    design_1_i/axi_vdma_0/U0/I_PRMRY_DATAMOVER/GEN_MM2S_FULL.I_MM2S_FULL_WRAPPER/I_CMD_STATUS/I_CMD_FIFO/USE_SRL_FIFO.I_SYNC_FIFO/I_SRL_FIFO_RBU_F/DYNSHREG_F_I/INFERRED_GEN.data_reg[3][65]_srl4
  -------------------------------------------------------------------
                         required time                         -1.059    
                         arrival time                           1.155    
  -------------------------------------------------------------------
                         slack                                  0.097    

Slack (MET) :             0.102ns  (arrival time - required time)
  Source:                 design_1_i/v_axi4s_vid_out_0/inst/COUPLER_INST/generate_async_fifo.FIFO_INST/XPM_FIFO_ASYNC_INST/gnuram_async_fifo.xpm_fifo_base_inst/wrp_inst/count_value_i_reg[0]/C
                            (rising edge-triggered cell FDRE clocked by clk_fpga_1  {rise@0.000ns fall@3.500ns period=7.000ns})
  Destination:            design_1_i/v_axi4s_vid_out_0/inst/COUPLER_INST/generate_async_fifo.FIFO_INST/XPM_FIFO_ASYNC_INST/gnuram_async_fifo.xpm_fifo_base_inst/wrp_inst/count_value_i_reg[8]/D
                            (rising edge-triggered cell FDRE clocked by clk_fpga_1  {rise@0.000ns fall@3.500ns period=7.000ns})
  Path Group:             clk_fpga_1
  Path Type:              Hold (Min at Fast Process Corner)
  Requirement:            0.000ns  (clk_fpga_1 rise@0.000ns - clk_fpga_1 rise@0.000ns)
  Data Path Delay:        0.475ns  (logic 0.395ns (83.177%)  route 0.080ns (16.823%))
  Logic Levels:           3  (CARRY4=3)
  Clock Path Skew:        0.267ns (DCD - SCD - CPR)
    Destination Clock Delay (DCD):    1.201ns
    Source Clock Delay      (SCD):    0.905ns
    Clock Pessimism Removal (CPR):    0.029ns

    Location             Delay type                Incr(ns)  Path(ns)    Netlist Resource(s)
  -------------------------------------------------------------------    -------------------
                         (clock clk_fpga_1 rise edge)
                                                      0.000     0.000 r  
    PS7_X0Y0             PS7                          0.000     0.000 r  design_1_i/processing_system7_0/inst/PS7_i/FCLKCLK[1]
                         net (fo=1, routed)           0.315     0.315    design_1_i/processing_system7_0/inst/FCLK_CLK_unbuffered[1]
    BUFGCTRL_X0Y0        BUFG (Prop_bufg_I_O)         0.026     0.341 r  design_1_i/processing_system7_0/inst/buffer_fclk_clk_1.FCLK_CLK_1_BUFG/O
                         net (fo=2030, routed)        0.564     0.905    design_1_i/v_axi4s_vid_out_0/inst/COUPLER_INST/generate_async_fifo.FIFO_INST/XPM_FIFO_ASYNC_INST/gnuram_async_fifo.xpm_fifo_base_inst/wrp_inst/wr_clk
    SLICE_X29Y48         FDRE                                         r  design_1_i/v_axi4s_vid_out_0/inst/COUPLER_INST/generate_async_fifo.FIFO_INST/XPM_FIFO_ASYNC_INST/gnuram_async_fifo.xpm_fifo_base_inst/wrp_inst/count_value_i_reg[0]/C
  -------------------------------------------------------------------    -------------------
    SLICE_X29Y48         FDRE (Prop_fdre_C_Q)         0.141     1.046 r  design_1_i/v_axi4s_vid_out_0/inst/COUPLER_INST/generate_async_fifo.FIFO_INST/XPM_FIFO_ASYNC_INST/gnuram_async_fifo.xpm_fifo_base_inst/wrp_inst/count_value_i_reg[0]/Q
                         net (fo=7, routed)           0.079     1.125    design_1_i/v_axi4s_vid_out_0/inst/COUPLER_INST/generate_async_fifo.FIFO_INST/XPM_FIFO_ASYNC_INST/gnuram_async_fifo.xpm_fifo_base_inst/wrp_inst/Q[0]
    SLICE_X29Y48         CARRY4 (Prop_carry4_DI[0]_CO[3])
                                                      0.161     1.286 r  design_1_i/v_axi4s_vid_out_0/inst/COUPLER_INST/generate_async_fifo.FIFO_INST/XPM_FIFO_ASYNC_INST/gnuram_async_fifo.xpm_fifo_base_inst/wrp_inst/count_value_i_reg[3]_i_1__1/CO[3]
                         net (fo=1, routed)           0.000     1.286    design_1_i/v_axi4s_vid_out_0/inst/COUPLER_INST/generate_async_fifo.FIFO_INST/XPM_FIFO_ASYNC_INST/gnuram_async_fifo.xpm_fifo_base_inst/wrp_inst/count_value_i_reg[3]_i_1__1_n_0
    SLICE_X29Y49         CARRY4 (Prop_carry4_CI_CO[3])
                                                      0.039     1.325 r  design_1_i/v_axi4s_vid_out_0/inst/COUPLER_INST/generate_async_fifo.FIFO_INST/XPM_FIFO_ASYNC_INST/gnuram_async_fifo.xpm_fifo_base_inst/wrp_inst/count_value_i_reg[7]_i_1__1/CO[3]
                         net (fo=1, routed)           0.001     1.325    design_1_i/v_axi4s_vid_out_0/inst/COUPLER_INST/generate_async_fifo.FIFO_INST/XPM_FIFO_ASYNC_INST/gnuram_async_fifo.xpm_fifo_base_inst/wrp_inst/count_value_i_reg[7]_i_1__1_n_0
    SLICE_X29Y50         CARRY4 (Prop_carry4_CI_O[0])
                                                      0.054     1.379 r  design_1_i/v_axi4s_vid_out_0/inst/COUPLER_INST/generate_async_fifo.FIFO_INST/XPM_FIFO_ASYNC_INST/gnuram_async_fifo.xpm_fifo_base_inst/wrp_inst/count_value_i_reg[11]_i_1__1/O[0]
                         net (fo=1, routed)           0.000     1.379    design_1_i/v_axi4s_vid_out_0/inst/COUPLER_INST/generate_async_fifo.FIFO_INST/XPM_FIFO_ASYNC_INST/gnuram_async_fifo.xpm_fifo_base_inst/wrp_inst/count_value_i_reg[11]_i_1__1_n_7
    SLICE_X29Y50         FDRE                                         r  design_1_i/v_axi4s_vid_out_0/inst/COUPLER_INST/generate_async_fifo.FIFO_INST/XPM_FIFO_ASYNC_INST/gnuram_async_fifo.xpm_fifo_base_inst/wrp_inst/count_value_i_reg[8]/D
  -------------------------------------------------------------------    -------------------

                         (clock clk_fpga_1 rise edge)
                                                      0.000     0.000 r  
    PS7_X0Y0             PS7                          0.000     0.000 r  design_1_i/processing_system7_0/inst/PS7_i/FCLKCLK[1]
                         net (fo=1, routed)           0.341     0.341    design_1_i/processing_system7_0/inst/FCLK_CLK_unbuffered[1]
    BUFGCTRL_X0Y0        BUFG (Prop_bufg_I_O)         0.029     0.370 r  design_1_i/processing_system7_0/inst/buffer_fclk_clk_1.FCLK_CLK_1_BUFG/O
                         net (fo=2030, routed)        0.831     1.201    design_1_i/v_axi4s_vid_out_0/inst/COUPLER_INST/generate_async_fifo.FIFO_INST/XPM_FIFO_ASYNC_INST/gnuram_async_fifo.xpm_fifo_base_inst/wrp_inst/wr_clk
    SLICE_X29Y50         FDRE                                         r  design_1_i/v_axi4s_vid_out_0/inst/COUPLER_INST/generate_async_fifo.FIFO_INST/XPM_FIFO_ASYNC_INST/gnuram_async_fifo.xpm_fifo_base_inst/wrp_inst/count_value_i_reg[8]/C
                         clock pessimism             -0.029     1.172    
    SLICE_X29Y50         FDRE (Hold_fdre_C_D)         0.105     1.277    design_1_i/v_axi4s_vid_out_0/inst/COUPLER_INST/generate_async_fifo.FIFO_INST/XPM_FIFO_ASYNC_INST/gnuram_async_fifo.xpm_fifo_base_inst/wrp_inst/count_value_i_reg[8]
  -------------------------------------------------------------------
                         required time                         -1.277    
                         arrival time                           1.379    
  -------------------------------------------------------------------
                         slack                                  0.102    

Slack (MET) :             0.106ns  (arrival time - required time)
  Source:                 design_1_i/axi_smc/inst/s00_nodes/s00_r_node/inst/inst_mi_handler/gen_normal_area.inst_fifo_node_payld/gen_xpm_memory_fifo.inst_fifo/gen_mem_rep[0].inst_xpm_memory/xpm_memory_base_inst/gen_rd_b.doutb_reg_reg[32]/C
                            (rising edge-triggered cell FDRE clocked by clk_fpga_1  {rise@0.000ns fall@3.500ns period=7.000ns})
  Destination:            design_1_i/axi_vdma_0/U0/I_PRMRY_DATAMOVER/GEN_MM2S_FULL.I_MM2S_FULL_WRAPPER/GEN_INCLUDE_MM2S_SF.I_RD_SF/I_DATA_FIFO/BLK_MEM.I_SYNC_FIFOGEN_FIFO/xpm_fifo_instance.xpm_fifo_sync_inst/xpm_fifo_base_inst/gen_sdpram.xpm_memory_base_inst/gen_wr_a.gen_word_narrow.mem_reg/DIADI[13]
                            (rising edge-triggered cell RAMB36E1 clocked by clk_fpga_1  {rise@0.000ns fall@3.500ns period=7.000ns})
  Path Group:             clk_fpga_1
  Path Type:              Hold (Min at Fast Process Corner)
  Requirement:            0.000ns  (clk_fpga_1 rise@0.000ns - clk_fpga_1 rise@0.000ns)
  Data Path Delay:        0.409ns  (logic 0.148ns (36.199%)  route 0.261ns (63.801%))
  Logic Levels:           0  
  Clock Path Skew:        0.060ns (DCD - SCD - CPR)
    Destination Clock Delay (DCD):    1.246ns
    Source Clock Delay      (SCD):    0.924ns
    Clock Pessimism Removal (CPR):    0.262ns

    Location             Delay type                Incr(ns)  Path(ns)    Netlist Resource(s)
  -------------------------------------------------------------------    -------------------
                         (clock clk_fpga_1 rise edge)
                                                      0.000     0.000 r  
    PS7_X0Y0             PS7                          0.000     0.000 r  design_1_i/processing_system7_0/inst/PS7_i/FCLKCLK[1]
                         net (fo=1, routed)           0.315     0.315    design_1_i/processing_system7_0/inst/FCLK_CLK_unbuffered[1]
    BUFGCTRL_X0Y0        BUFG (Prop_bufg_I_O)         0.026     0.341 r  design_1_i/processing_system7_0/inst/buffer_fclk_clk_1.FCLK_CLK_1_BUFG/O
                         net (fo=2030, routed)        0.583     0.924    design_1_i/axi_smc/inst/s00_nodes/s00_r_node/inst/inst_mi_handler/gen_normal_area.inst_fifo_node_payld/gen_xpm_memory_fifo.inst_fifo/gen_mem_rep[0].inst_xpm_memory/xpm_memory_base_inst/clka
    SLICE_X4Y10          FDRE                                         r  design_1_i/axi_smc/inst/s00_nodes/s00_r_node/inst/inst_mi_handler/gen_normal_area.inst_fifo_node_payld/gen_xpm_memory_fifo.inst_fifo/gen_mem_rep[0].inst_xpm_memory/xpm_memory_base_inst/gen_rd_b.doutb_reg_reg[32]/C
  -------------------------------------------------------------------    -------------------
    SLICE_X4Y10          FDRE (Prop_fdre_C_Q)         0.148     1.072 r  design_1_i/axi_smc/inst/s00_nodes/s00_r_node/inst/inst_mi_handler/gen_normal_area.inst_fifo_node_payld/gen_xpm_memory_fifo.inst_fifo/gen_mem_rep[0].inst_xpm_memory/xpm_memory_base_inst/gen_rd_b.doutb_reg_reg[32]/Q
                         net (fo=1, routed)           0.261     1.332    design_1_i/axi_vdma_0/U0/I_PRMRY_DATAMOVER/GEN_MM2S_FULL.I_MM2S_FULL_WRAPPER/GEN_INCLUDE_MM2S_SF.I_RD_SF/I_DATA_FIFO/BLK_MEM.I_SYNC_FIFOGEN_FIFO/xpm_fifo_instance.xpm_fifo_sync_inst/xpm_fifo_base_inst/gen_sdpram.xpm_memory_base_inst/dina[13]
    RAMB36_X0Y1          RAMB36E1                                     r  design_1_i/axi_vdma_0/U0/I_PRMRY_DATAMOVER/GEN_MM2S_FULL.I_MM2S_FULL_WRAPPER/GEN_INCLUDE_MM2S_SF.I_RD_SF/I_DATA_FIFO/BLK_MEM.I_SYNC_FIFOGEN_FIFO/xpm_fifo_instance.xpm_fifo_sync_inst/xpm_fifo_base_inst/gen_sdpram.xpm_memory_base_inst/gen_wr_a.gen_word_narrow.mem_reg/DIADI[13]
  -------------------------------------------------------------------    -------------------

                         (clock clk_fpga_1 rise edge)
                                                      0.000     0.000 r  
    PS7_X0Y0             PS7                          0.000     0.000 r  design_1_i/processing_system7_0/inst/PS7_i/FCLKCLK[1]
                         net (fo=1, routed)           0.341     0.341    design_1_i/processing_system7_0/inst/FCLK_CLK_unbuffered[1]
    BUFGCTRL_X0Y0        BUFG (Prop_bufg_I_O)         0.029     0.370 r  design_1_i/processing_system7_0/inst/buffer_fclk_clk_1.FCLK_CLK_1_BUFG/O
                         net (fo=2030, routed)        0.876     1.246    design_1_i/axi_vdma_0/U0/I_PRMRY_DATAMOVER/GEN_MM2S_FULL.I_MM2S_FULL_WRAPPER/GEN_INCLUDE_MM2S_SF.I_RD_SF/I_DATA_FIFO/BLK_MEM.I_SYNC_FIFOGEN_FIFO/xpm_fifo_instance.xpm_fifo_sync_inst/xpm_fifo_base_inst/gen_sdpram.xpm_memory_base_inst/clka
    RAMB36_X0Y1          RAMB36E1                                     r  design_1_i/axi_vdma_0/U0/I_PRMRY_DATAMOVER/GEN_MM2S_FULL.I_MM2S_FULL_WRAPPER/GEN_INCLUDE_MM2S_SF.I_RD_SF/I_DATA_FIFO/BLK_MEM.I_SYNC_FIFOGEN_FIFO/xpm_fifo_instance.xpm_fifo_sync_inst/xpm_fifo_base_inst/gen_sdpram.xpm_memory_base_inst/gen_wr_a.gen_word_narrow.mem_reg/CLKBWRCLK
                         clock pessimism             -0.262     0.984    
    RAMB36_X0Y1          RAMB36E1 (Hold_ramb36e1_CLKBWRCLK_DIADI[13])
                                                      0.242     1.226    design_1_i/axi_vdma_0/U0/I_PRMRY_DATAMOVER/GEN_MM2S_FULL.I_MM2S_FULL_WRAPPER/GEN_INCLUDE_MM2S_SF.I_RD_SF/I_DATA_FIFO/BLK_MEM.I_SYNC_FIFOGEN_FIFO/xpm_fifo_instance.xpm_fifo_sync_inst/xpm_fifo_base_inst/gen_sdpram.xpm_memory_base_inst/gen_wr_a.gen_word_narrow.mem_reg
  -------------------------------------------------------------------
                         required time                         -1.226    
                         arrival time                           1.332    
  -------------------------------------------------------------------
                         slack                                  0.106    

Slack (MET) :             0.108ns  (arrival time - required time)
  Source:                 design_1_i/axi_smc/inst/s00_nodes/s00_r_node/inst/inst_mi_handler/gen_normal_area.inst_fifo_node_payld/gen_xpm_memory_fifo.inst_fifo/gen_mem_rep[0].inst_xpm_memory/xpm_memory_base_inst/gen_rd_b.doutb_reg_reg[42]/C
                            (rising edge-triggered cell FDRE clocked by clk_fpga_1  {rise@0.000ns fall@3.500ns period=7.000ns})
  Destination:            design_1_i/axi_vdma_0/U0/I_PRMRY_DATAMOVER/GEN_MM2S_FULL.I_MM2S_FULL_WRAPPER/GEN_INCLUDE_MM2S_SF.I_RD_SF/I_DATA_FIFO/BLK_MEM.I_SYNC_FIFOGEN_FIFO/xpm_fifo_instance.xpm_fifo_sync_inst/xpm_fifo_base_inst/gen_sdpram.xpm_memory_base_inst/gen_wr_a.gen_word_narrow.mem_reg/DIADI[23]
                            (rising edge-triggered cell RAMB36E1 clocked by clk_fpga_1  {rise@0.000ns fall@3.500ns period=7.000ns})
  Path Group:             clk_fpga_1
  Path Type:              Hold (Min at Fast Process Corner)
  Requirement:            0.000ns  (clk_fpga_1 rise@0.000ns - clk_fpga_1 rise@0.000ns)
  Data Path Delay:        0.412ns  (logic 0.148ns (35.883%)  route 0.264ns (64.117%))
  Logic Levels:           0  
  Clock Path Skew:        0.061ns (DCD - SCD - CPR)
    Destination Clock Delay (DCD):    1.246ns
    Source Clock Delay      (SCD):    0.923ns
    Clock Pessimism Removal (CPR):    0.262ns

    Location             Delay type                Incr(ns)  Path(ns)    Netlist Resource(s)
  -------------------------------------------------------------------    -------------------
                         (clock clk_fpga_1 rise edge)
                                                      0.000     0.000 r  
    PS7_X0Y0             PS7                          0.000     0.000 r  design_1_i/processing_system7_0/inst/PS7_i/FCLKCLK[1]
                         net (fo=1, routed)           0.315     0.315    design_1_i/processing_system7_0/inst/FCLK_CLK_unbuffered[1]
    BUFGCTRL_X0Y0        BUFG (Prop_bufg_I_O)         0.026     0.341 r  design_1_i/processing_system7_0/inst/buffer_fclk_clk_1.FCLK_CLK_1_BUFG/O
                         net (fo=2030, routed)        0.582     0.923    design_1_i/axi_smc/inst/s00_nodes/s00_r_node/inst/inst_mi_handler/gen_normal_area.inst_fifo_node_payld/gen_xpm_memory_fifo.inst_fifo/gen_mem_rep[0].inst_xpm_memory/xpm_memory_base_inst/clka
    SLICE_X0Y9           FDRE                                         r  design_1_i/axi_smc/inst/s00_nodes/s00_r_node/inst/inst_mi_handler/gen_normal_area.inst_fifo_node_payld/gen_xpm_memory_fifo.inst_fifo/gen_mem_rep[0].inst_xpm_memory/xpm_memory_base_inst/gen_rd_b.doutb_reg_reg[42]/C
  -------------------------------------------------------------------    -------------------
    SLICE_X0Y9           FDRE (Prop_fdre_C_Q)         0.148     1.071 r  design_1_i/axi_smc/inst/s00_nodes/s00_r_node/inst/inst_mi_handler/gen_normal_area.inst_fifo_node_payld/gen_xpm_memory_fifo.inst_fifo/gen_mem_rep[0].inst_xpm_memory/xpm_memory_base_inst/gen_rd_b.doutb_reg_reg[42]/Q
                         net (fo=1, routed)           0.264     1.335    design_1_i/axi_vdma_0/U0/I_PRMRY_DATAMOVER/GEN_MM2S_FULL.I_MM2S_FULL_WRAPPER/GEN_INCLUDE_MM2S_SF.I_RD_SF/I_DATA_FIFO/BLK_MEM.I_SYNC_FIFOGEN_FIFO/xpm_fifo_instance.xpm_fifo_sync_inst/xpm_fifo_base_inst/gen_sdpram.xpm_memory_base_inst/dina[23]
    RAMB36_X0Y1          RAMB36E1                                     r  design_1_i/axi_vdma_0/U0/I_PRMRY_DATAMOVER/GEN_MM2S_FULL.I_MM2S_FULL_WRAPPER/GEN_INCLUDE_MM2S_SF.I_RD_SF/I_DATA_FIFO/BLK_MEM.I_SYNC_FIFOGEN_FIFO/xpm_fifo_instance.xpm_fifo_sync_inst/xpm_fifo_base_inst/gen_sdpram.xpm_memory_base_inst/gen_wr_a.gen_word_narrow.mem_reg/DIADI[23]
  -------------------------------------------------------------------    -------------------

                         (clock clk_fpga_1 rise edge)
                                                      0.000     0.000 r  
    PS7_X0Y0             PS7                          0.000     0.000 r  design_1_i/processing_system7_0/inst/PS7_i/FCLKCLK[1]
                         net (fo=1, routed)           0.341     0.341    design_1_i/processing_system7_0/inst/FCLK_CLK_unbuffered[1]
    BUFGCTRL_X0Y0        BUFG (Prop_bufg_I_O)         0.029     0.370 r  design_1_i/processing_system7_0/inst/buffer_fclk_clk_1.FCLK_CLK_1_BUFG/O
                         net (fo=2030, routed)        0.876     1.246    design_1_i/axi_vdma_0/U0/I_PRMRY_DATAMOVER/GEN_MM2S_FULL.I_MM2S_FULL_WRAPPER/GEN_INCLUDE_MM2S_SF.I_RD_SF/I_DATA_FIFO/BLK_MEM.I_SYNC_FIFOGEN_FIFO/xpm_fifo_instance.xpm_fifo_sync_inst/xpm_fifo_base_inst/gen_sdpram.xpm_memory_base_inst/clka
    RAMB36_X0Y1          RAMB36E1                                     r  design_1_i/axi_vdma_0/U0/I_PRMRY_DATAMOVER/GEN_MM2S_FULL.I_MM2S_FULL_WRAPPER/GEN_INCLUDE_MM2S_SF.I_RD_SF/I_DATA_FIFO/BLK_MEM.I_SYNC_FIFOGEN_FIFO/xpm_fifo_instance.xpm_fifo_sync_inst/xpm_fifo_base_inst/gen_sdpram.xpm_memory_base_inst/gen_wr_a.gen_word_narrow.mem_reg/CLKBWRCLK
                         clock pessimism             -0.262     0.984    
    RAMB36_X0Y1          RAMB36E1 (Hold_ramb36e1_CLKBWRCLK_DIADI[23])
                                                      0.243     1.227    design_1_i/axi_vdma_0/U0/I_PRMRY_DATAMOVER/GEN_MM2S_FULL.I_MM2S_FULL_WRAPPER/GEN_INCLUDE_MM2S_SF.I_RD_SF/I_DATA_FIFO/BLK_MEM.I_SYNC_FIFOGEN_FIFO/xpm_fifo_instance.xpm_fifo_sync_inst/xpm_fifo_base_inst/gen_sdpram.xpm_memory_base_inst/gen_wr_a.gen_word_narrow.mem_reg
  -------------------------------------------------------------------
                         required time                         -1.227    
                         arrival time                           1.335    
  -------------------------------------------------------------------
                         slack                                  0.108    

Slack (MET) :             0.109ns  (arrival time - required time)
  Source:                 design_1_i/axi_smc/inst/s00_nodes/s00_r_node/inst/inst_mi_handler/gen_normal_area.inst_fifo_node_payld/gen_xpm_memory_fifo.inst_fifo/gen_mem_rep[0].inst_xpm_memory/xpm_memory_base_inst/gen_rd_b.doutb_reg_reg[53]/C
                            (rising edge-triggered cell FDRE clocked by clk_fpga_1  {rise@0.000ns fall@3.500ns period=7.000ns})
  Destination:            design_1_i/axi_vdma_0/U0/I_PRMRY_DATAMOVER/GEN_MM2S_FULL.I_MM2S_FULL_WRAPPER/GEN_INCLUDE_MM2S_SF.I_RD_SF/I_DATA_FIFO/BLK_MEM.I_SYNC_FIFOGEN_FIFO/xpm_fifo_instance.xpm_fifo_sync_inst/xpm_fifo_base_inst/gen_sdpram.xpm_memory_base_inst/gen_wr_a.gen_word_narrow.mem_reg/DIBDI[2]
                            (rising edge-triggered cell RAMB36E1 clocked by clk_fpga_1  {rise@0.000ns fall@3.500ns period=7.000ns})
  Path Group:             clk_fpga_1
  Path Type:              Hold (Min at Fast Process Corner)
  Requirement:            0.000ns  (clk_fpga_1 rise@0.000ns - clk_fpga_1 rise@0.000ns)
  Data Path Delay:        0.467ns  (logic 0.164ns (35.141%)  route 0.303ns (64.859%))
  Logic Levels:           0  
  Clock Path Skew:        0.061ns (DCD - SCD - CPR)
    Destination Clock Delay (DCD):    1.246ns
    Source Clock Delay      (SCD):    0.923ns
    Clock Pessimism Removal (CPR):    0.262ns

    Location             Delay type                Incr(ns)  Path(ns)    Netlist Resource(s)
  -------------------------------------------------------------------    -------------------
                         (clock clk_fpga_1 rise edge)
                                                      0.000     0.000 r  
    PS7_X0Y0             PS7                          0.000     0.000 r  design_1_i/processing_system7_0/inst/PS7_i/FCLKCLK[1]
                         net (fo=1, routed)           0.315     0.315    design_1_i/processing_system7_0/inst/FCLK_CLK_unbuffered[1]
    BUFGCTRL_X0Y0        BUFG (Prop_bufg_I_O)         0.026     0.341 r  design_1_i/processing_system7_0/inst/buffer_fclk_clk_1.FCLK_CLK_1_BUFG/O
                         net (fo=2030, routed)        0.582     0.923    design_1_i/axi_smc/inst/s00_nodes/s00_r_node/inst/inst_mi_handler/gen_normal_area.inst_fifo_node_payld/gen_xpm_memory_fifo.inst_fifo/gen_mem_rep[0].inst_xpm_memory/xpm_memory_base_inst/clka
    SLICE_X0Y7           FDRE                                         r  design_1_i/axi_smc/inst/s00_nodes/s00_r_node/inst/inst_mi_handler/gen_normal_area.inst_fifo_node_payld/gen_xpm_memory_fifo.inst_fifo/gen_mem_rep[0].inst_xpm_memory/xpm_memory_base_inst/gen_rd_b.doutb_reg_reg[53]/C
  -------------------------------------------------------------------    -------------------
    SLICE_X0Y7           FDRE (Prop_fdre_C_Q)         0.164     1.087 r  design_1_i/axi_smc/inst/s00_nodes/s00_r_node/inst/inst_mi_handler/gen_normal_area.inst_fifo_node_payld/gen_xpm_memory_fifo.inst_fifo/gen_mem_rep[0].inst_xpm_memory/xpm_memory_base_inst/gen_rd_b.doutb_reg_reg[53]/Q
                         net (fo=1, routed)           0.303     1.389    design_1_i/axi_vdma_0/U0/I_PRMRY_DATAMOVER/GEN_MM2S_FULL.I_MM2S_FULL_WRAPPER/GEN_INCLUDE_MM2S_SF.I_RD_SF/I_DATA_FIFO/BLK_MEM.I_SYNC_FIFOGEN_FIFO/xpm_fifo_instance.xpm_fifo_sync_inst/xpm_fifo_base_inst/gen_sdpram.xpm_memory_base_inst/dina[34]
    RAMB36_X0Y1          RAMB36E1                                     r  design_1_i/axi_vdma_0/U0/I_PRMRY_DATAMOVER/GEN_MM2S_FULL.I_MM2S_FULL_WRAPPER/GEN_INCLUDE_MM2S_SF.I_RD_SF/I_DATA_FIFO/BLK_MEM.I_SYNC_FIFOGEN_FIFO/xpm_fifo_instance.xpm_fifo_sync_inst/xpm_fifo_base_inst/gen_sdpram.xpm_memory_base_inst/gen_wr_a.gen_word_narrow.mem_reg/DIBDI[2]
  -------------------------------------------------------------------    -------------------

                         (clock clk_fpga_1 rise edge)
                                                      0.000     0.000 r  
    PS7_X0Y0             PS7                          0.000     0.000 r  design_1_i/processing_system7_0/inst/PS7_i/FCLKCLK[1]
                         net (fo=1, routed)           0.341     0.341    design_1_i/processing_system7_0/inst/FCLK_CLK_unbuffered[1]
    BUFGCTRL_X0Y0        BUFG (Prop_bufg_I_O)         0.029     0.370 r  design_1_i/processing_system7_0/inst/buffer_fclk_clk_1.FCLK_CLK_1_BUFG/O
                         net (fo=2030, routed)        0.876     1.246    design_1_i/axi_vdma_0/U0/I_PRMRY_DATAMOVER/GEN_MM2S_FULL.I_MM2S_FULL_WRAPPER/GEN_INCLUDE_MM2S_SF.I_RD_SF/I_DATA_FIFO/BLK_MEM.I_SYNC_FIFOGEN_FIFO/xpm_fifo_instance.xpm_fifo_sync_inst/xpm_fifo_base_inst/gen_sdpram.xpm_memory_base_inst/clka
    RAMB36_X0Y1          RAMB36E1                                     r  design_1_i/axi_vdma_0/U0/I_PRMRY_DATAMOVER/GEN_MM2S_FULL.I_MM2S_FULL_WRAPPER/GEN_INCLUDE_MM2S_SF.I_RD_SF/I_DATA_FIFO/BLK_MEM.I_SYNC_FIFOGEN_FIFO/xpm_fifo_instance.xpm_fifo_sync_inst/xpm_fifo_base_inst/gen_sdpram.xpm_memory_base_inst/gen_wr_a.gen_word_narrow.mem_reg/CLKBWRCLK
                         clock pessimism             -0.262     0.984    
    RAMB36_X0Y1          RAMB36E1 (Hold_ramb36e1_CLKBWRCLK_DIBDI[2])
                                                      0.296     1.280    design_1_i/axi_vdma_0/U0/I_PRMRY_DATAMOVER/GEN_MM2S_FULL.I_MM2S_FULL_WRAPPER/GEN_INCLUDE_MM2S_SF.I_RD_SF/I_DATA_FIFO/BLK_MEM.I_SYNC_FIFOGEN_FIFO/xpm_fifo_instance.xpm_fifo_sync_inst/xpm_fifo_base_inst/gen_sdpram.xpm_memory_base_inst/gen_wr_a.gen_word_narrow.mem_reg
  -------------------------------------------------------------------
                         required time                         -1.280    
                         arrival time                           1.389    
  -------------------------------------------------------------------
                         slack                                  0.109    

Slack (MET) :             0.111ns  (arrival time - required time)
  Source:                 design_1_i/axi_smc/inst/s00_nodes/s00_r_node/inst/inst_mi_handler/gen_normal_area.inst_fifo_node_payld/gen_xpm_memory_fifo.inst_fifo/gen_mem_rep[0].inst_xpm_memory/xpm_memory_base_inst/gen_rd_b.doutb_reg_reg[22]/C
                            (rising edge-triggered cell FDRE clocked by clk_fpga_1  {rise@0.000ns fall@3.500ns period=7.000ns})
  Destination:            design_1_i/axi_vdma_0/U0/I_PRMRY_DATAMOVER/GEN_MM2S_FULL.I_MM2S_FULL_WRAPPER/GEN_INCLUDE_MM2S_SF.I_RD_SF/I_DATA_FIFO/BLK_MEM.I_SYNC_FIFOGEN_FIFO/xpm_fifo_instance.xpm_fifo_sync_inst/xpm_fifo_base_inst/gen_sdpram.xpm_memory_base_inst/gen_wr_a.gen_word_narrow.mem_reg/DIADI[3]
                            (rising edge-triggered cell RAMB36E1 clocked by clk_fpga_1  {rise@0.000ns fall@3.500ns period=7.000ns})
  Path Group:             clk_fpga_1
  Path Type:              Hold (Min at Fast Process Corner)
  Requirement:            0.000ns  (clk_fpga_1 rise@0.000ns - clk_fpga_1 rise@0.000ns)
  Data Path Delay:        0.413ns  (logic 0.148ns (35.865%)  route 0.265ns (64.135%))
  Logic Levels:           0  
  Clock Path Skew:        0.058ns (DCD - SCD - CPR)
    Destination Clock Delay (DCD):    1.246ns
    Source Clock Delay      (SCD):    0.926ns
    Clock Pessimism Removal (CPR):    0.262ns

    Location             Delay type                Incr(ns)  Path(ns)    Netlist Resource(s)
  -------------------------------------------------------------------    -------------------
                         (clock clk_fpga_1 rise edge)
                                                      0.000     0.000 r  
    PS7_X0Y0             PS7                          0.000     0.000 r  design_1_i/processing_system7_0/inst/PS7_i/FCLKCLK[1]
                         net (fo=1, routed)           0.315     0.315    design_1_i/processing_system7_0/inst/FCLK_CLK_unbuffered[1]
    BUFGCTRL_X0Y0        BUFG (Prop_bufg_I_O)         0.026     0.341 r  design_1_i/processing_system7_0/inst/buffer_fclk_clk_1.FCLK_CLK_1_BUFG/O
                         net (fo=2030, routed)        0.585     0.926    design_1_i/axi_smc/inst/s00_nodes/s00_r_node/inst/inst_mi_handler/gen_normal_area.inst_fifo_node_payld/gen_xpm_memory_fifo.inst_fifo/gen_mem_rep[0].inst_xpm_memory/xpm_memory_base_inst/clka
    SLICE_X4Y5           FDRE                                         r  design_1_i/axi_smc/inst/s00_nodes/s00_r_node/inst/inst_mi_handler/gen_normal_area.inst_fifo_node_payld/gen_xpm_memory_fifo.inst_fifo/gen_mem_rep[0].inst_xpm_memory/xpm_memory_base_inst/gen_rd_b.doutb_reg_reg[22]/C
  -------------------------------------------------------------------    -------------------
    SLICE_X4Y5           FDRE (Prop_fdre_C_Q)         0.148     1.074 r  design_1_i/axi_smc/inst/s00_nodes/s00_r_node/inst/inst_mi_handler/gen_normal_area.inst_fifo_node_payld/gen_xpm_memory_fifo.inst_fifo/gen_mem_rep[0].inst_xpm_memory/xpm_memory_base_inst/gen_rd_b.doutb_reg_reg[22]/Q
                         net (fo=1, routed)           0.265     1.338    design_1_i/axi_vdma_0/U0/I_PRMRY_DATAMOVER/GEN_MM2S_FULL.I_MM2S_FULL_WRAPPER/GEN_INCLUDE_MM2S_SF.I_RD_SF/I_DATA_FIFO/BLK_MEM.I_SYNC_FIFOGEN_FIFO/xpm_fifo_instance.xpm_fifo_sync_inst/xpm_fifo_base_inst/gen_sdpram.xpm_memory_base_inst/dina[3]
    RAMB36_X0Y1          RAMB36E1                                     r  design_1_i/axi_vdma_0/U0/I_PRMRY_DATAMOVER/GEN_MM2S_FULL.I_MM2S_FULL_WRAPPER/GEN_INCLUDE_MM2S_SF.I_RD_SF/I_DATA_FIFO/BLK_MEM.I_SYNC_FIFOGEN_FIFO/xpm_fifo_instance.xpm_fifo_sync_inst/xpm_fifo_base_inst/gen_sdpram.xpm_memory_base_inst/gen_wr_a.gen_word_narrow.mem_reg/DIADI[3]
  -------------------------------------------------------------------    -------------------

                         (clock clk_fpga_1 rise edge)
                                                      0.000     0.000 r  
    PS7_X0Y0             PS7                          0.000     0.000 r  design_1_i/processing_system7_0/inst/PS7_i/FCLKCLK[1]
                         net (fo=1, routed)           0.341     0.341    design_1_i/processing_system7_0/inst/FCLK_CLK_unbuffered[1]
    BUFGCTRL_X0Y0        BUFG (Prop_bufg_I_O)         0.029     0.370 r  design_1_i/processing_system7_0/inst/buffer_fclk_clk_1.FCLK_CLK_1_BUFG/O
                         net (fo=2030, routed)        0.876     1.246    design_1_i/axi_vdma_0/U0/I_PRMRY_DATAMOVER/GEN_MM2S_FULL.I_MM2S_FULL_WRAPPER/GEN_INCLUDE_MM2S_SF.I_RD_SF/I_DATA_FIFO/BLK_MEM.I_SYNC_FIFOGEN_FIFO/xpm_fifo_instance.xpm_fifo_sync_inst/xpm_fifo_base_inst/gen_sdpram.xpm_memory_base_inst/clka
    RAMB36_X0Y1          RAMB36E1                                     r  design_1_i/axi_vdma_0/U0/I_PRMRY_DATAMOVER/GEN_MM2S_FULL.I_MM2S_FULL_WRAPPER/GEN_INCLUDE_MM2S_SF.I_RD_SF/I_DATA_FIFO/BLK_MEM.I_SYNC_FIFOGEN_FIFO/xpm_fifo_instance.xpm_fifo_sync_inst/xpm_fifo_base_inst/gen_sdpram.xpm_memory_base_inst/gen_wr_a.gen_word_narrow.mem_reg/CLKBWRCLK
                         clock pessimism             -0.262     0.984    
    RAMB36_X0Y1          RAMB36E1 (Hold_ramb36e1_CLKBWRCLK_DIADI[3])
                                                      0.243     1.227    design_1_i/axi_vdma_0/U0/I_PRMRY_DATAMOVER/GEN_MM2S_FULL.I_MM2S_FULL_WRAPPER/GEN_INCLUDE_MM2S_SF.I_RD_SF/I_DATA_FIFO/BLK_MEM.I_SYNC_FIFOGEN_FIFO/xpm_fifo_instance.xpm_fifo_sync_inst/xpm_fifo_base_inst/gen_sdpram.xpm_memory_base_inst/gen_wr_a.gen_word_narrow.mem_reg
  -------------------------------------------------------------------
                         required time                         -1.227    
                         arrival time                           1.338    
  -------------------------------------------------------------------
                         slack                                  0.111    

Slack (MET) :             0.111ns  (arrival time - required time)
  Source:                 design_1_i/axi_smc/inst/s00_nodes/s00_r_node/inst/inst_mi_handler/gen_normal_area.inst_fifo_node_payld/gen_xpm_memory_fifo.inst_fifo/gen_mem_rep[0].inst_xpm_memory/xpm_memory_base_inst/gen_rd_b.doutb_reg_reg[76]/C
                            (rising edge-triggered cell FDRE clocked by clk_fpga_1  {rise@0.000ns fall@3.500ns period=7.000ns})
  Destination:            design_1_i/axi_vdma_0/U0/I_PRMRY_DATAMOVER/GEN_MM2S_FULL.I_MM2S_FULL_WRAPPER/GEN_INCLUDE_MM2S_SF.I_RD_SF/I_DATA_FIFO/BLK_MEM.I_SYNC_FIFOGEN_FIFO/xpm_fifo_instance.xpm_fifo_sync_inst/xpm_fifo_base_inst/gen_sdpram.xpm_memory_base_inst/gen_wr_a.gen_word_narrow.mem_reg/DIBDI[25]
                            (rising edge-triggered cell RAMB36E1 clocked by clk_fpga_1  {rise@0.000ns fall@3.500ns period=7.000ns})
  Path Group:             clk_fpga_1
  Path Type:              Hold (Min at Fast Process Corner)
  Requirement:            0.000ns  (clk_fpga_1 rise@0.000ns - clk_fpga_1 rise@0.000ns)
  Data Path Delay:        0.416ns  (logic 0.148ns (35.603%)  route 0.268ns (64.397%))
  Logic Levels:           0  
  Clock Path Skew:        0.061ns (DCD - SCD - CPR)
    Destination Clock Delay (DCD):    1.246ns
    Source Clock Delay      (SCD):    0.923ns
    Clock Pessimism Removal (CPR):    0.262ns

    Location             Delay type                Incr(ns)  Path(ns)    Netlist Resource(s)
  -------------------------------------------------------------------    -------------------
                         (clock clk_fpga_1 rise edge)
                                                      0.000     0.000 r  
    PS7_X0Y0             PS7                          0.000     0.000 r  design_1_i/processing_system7_0/inst/PS7_i/FCLKCLK[1]
                         net (fo=1, routed)           0.315     0.315    design_1_i/processing_system7_0/inst/FCLK_CLK_unbuffered[1]
    BUFGCTRL_X0Y0        BUFG (Prop_bufg_I_O)         0.026     0.341 r  design_1_i/processing_system7_0/inst/buffer_fclk_clk_1.FCLK_CLK_1_BUFG/O
                         net (fo=2030, routed)        0.582     0.923    design_1_i/axi_smc/inst/s00_nodes/s00_r_node/inst/inst_mi_handler/gen_normal_area.inst_fifo_node_payld/gen_xpm_memory_fifo.inst_fifo/gen_mem_rep[0].inst_xpm_memory/xpm_memory_base_inst/clka
    SLICE_X0Y8           FDRE                                         r  design_1_i/axi_smc/inst/s00_nodes/s00_r_node/inst/inst_mi_handler/gen_normal_area.inst_fifo_node_payld/gen_xpm_memory_fifo.inst_fifo/gen_mem_rep[0].inst_xpm_memory/xpm_memory_base_inst/gen_rd_b.doutb_reg_reg[76]/C
  -------------------------------------------------------------------    -------------------
    SLICE_X0Y8           FDRE (Prop_fdre_C_Q)         0.148     1.071 r  design_1_i/axi_smc/inst/s00_nodes/s00_r_node/inst/inst_mi_handler/gen_normal_area.inst_fifo_node_payld/gen_xpm_memory_fifo.inst_fifo/gen_mem_rep[0].inst_xpm_memory/xpm_memory_base_inst/gen_rd_b.doutb_reg_reg[76]/Q
                         net (fo=1, routed)           0.268     1.338    design_1_i/axi_vdma_0/U0/I_PRMRY_DATAMOVER/GEN_MM2S_FULL.I_MM2S_FULL_WRAPPER/GEN_INCLUDE_MM2S_SF.I_RD_SF/I_DATA_FIFO/BLK_MEM.I_SYNC_FIFOGEN_FIFO/xpm_fifo_instance.xpm_fifo_sync_inst/xpm_fifo_base_inst/gen_sdpram.xpm_memory_base_inst/dina[57]
    RAMB36_X0Y1          RAMB36E1                                     r  design_1_i/axi_vdma_0/U0/I_PRMRY_DATAMOVER/GEN_MM2S_FULL.I_MM2S_FULL_WRAPPER/GEN_INCLUDE_MM2S_SF.I_RD_SF/I_DATA_FIFO/BLK_MEM.I_SYNC_FIFOGEN_FIFO/xpm_fifo_instance.xpm_fifo_sync_inst/xpm_fifo_base_inst/gen_sdpram.xpm_memory_base_inst/gen_wr_a.gen_word_narrow.mem_reg/DIBDI[25]
  -------------------------------------------------------------------    -------------------

                         (clock clk_fpga_1 rise edge)
                                                      0.000     0.000 r  
    PS7_X0Y0             PS7                          0.000     0.000 r  design_1_i/processing_system7_0/inst/PS7_i/FCLKCLK[1]
                         net (fo=1, routed)           0.341     0.341    design_1_i/processing_system7_0/inst/FCLK_CLK_unbuffered[1]
    BUFGCTRL_X0Y0        BUFG (Prop_bufg_I_O)         0.029     0.370 r  design_1_i/processing_system7_0/inst/buffer_fclk_clk_1.FCLK_CLK_1_BUFG/O
                         net (fo=2030, routed)        0.876     1.246    design_1_i/axi_vdma_0/U0/I_PRMRY_DATAMOVER/GEN_MM2S_FULL.I_MM2S_FULL_WRAPPER/GEN_INCLUDE_MM2S_SF.I_RD_SF/I_DATA_FIFO/BLK_MEM.I_SYNC_FIFOGEN_FIFO/xpm_fifo_instance.xpm_fifo_sync_inst/xpm_fifo_base_inst/gen_sdpram.xpm_memory_base_inst/clka
    RAMB36_X0Y1          RAMB36E1                                     r  design_1_i/axi_vdma_0/U0/I_PRMRY_DATAMOVER/GEN_MM2S_FULL.I_MM2S_FULL_WRAPPER/GEN_INCLUDE_MM2S_SF.I_RD_SF/I_DATA_FIFO/BLK_MEM.I_SYNC_FIFOGEN_FIFO/xpm_fifo_instance.xpm_fifo_sync_inst/xpm_fifo_base_inst/gen_sdpram.xpm_memory_base_inst/gen_wr_a.gen_word_narrow.mem_reg/CLKBWRCLK
                         clock pessimism             -0.262     0.984    
    RAMB36_X0Y1          RAMB36E1 (Hold_ramb36e1_CLKBWRCLK_DIBDI[25])
                                                      0.243     1.227    design_1_i/axi_vdma_0/U0/I_PRMRY_DATAMOVER/GEN_MM2S_FULL.I_MM2S_FULL_WRAPPER/GEN_INCLUDE_MM2S_SF.I_RD_SF/I_DATA_FIFO/BLK_MEM.I_SYNC_FIFOGEN_FIFO/xpm_fifo_instance.xpm_fifo_sync_inst/xpm_fifo_base_inst/gen_sdpram.xpm_memory_base_inst/gen_wr_a.gen_word_narrow.mem_reg
  -------------------------------------------------------------------
                         required time                         -1.227    
                         arrival time                           1.338    
  -------------------------------------------------------------------
                         slack                                  0.111    

Slack (MET) :             0.112ns  (arrival time - required time)
  Source:                 design_1_i/axi_smc/inst/s00_nodes/s00_r_node/inst/inst_mi_handler/gen_normal_area.inst_fifo_node_payld/gen_xpm_memory_fifo.inst_fifo/gen_mem_rep[0].inst_xpm_memory/xpm_memory_base_inst/gen_rd_b.doutb_reg_reg[68]/C
                            (rising edge-triggered cell FDRE clocked by clk_fpga_1  {rise@0.000ns fall@3.500ns period=7.000ns})
  Destination:            design_1_i/axi_vdma_0/U0/I_PRMRY_DATAMOVER/GEN_MM2S_FULL.I_MM2S_FULL_WRAPPER/GEN_INCLUDE_MM2S_SF.I_RD_SF/I_DATA_FIFO/BLK_MEM.I_SYNC_FIFOGEN_FIFO/xpm_fifo_instance.xpm_fifo_sync_inst/xpm_fifo_base_inst/gen_sdpram.xpm_memory_base_inst/gen_wr_a.gen_word_narrow.mem_reg/DIBDI[17]
                            (rising edge-triggered cell RAMB36E1 clocked by clk_fpga_1  {rise@0.000ns fall@3.500ns period=7.000ns})
  Path Group:             clk_fpga_1
  Path Type:              Hold (Min at Fast Process Corner)
  Requirement:            0.000ns  (clk_fpga_1 rise@0.000ns - clk_fpga_1 rise@0.000ns)
  Data Path Delay:        0.414ns  (logic 0.148ns (35.748%)  route 0.266ns (64.252%))
  Logic Levels:           0  
  Clock Path Skew:        0.060ns (DCD - SCD - CPR)
    Destination Clock Delay (DCD):    1.246ns
    Source Clock Delay      (SCD):    0.924ns
    Clock Pessimism Removal (CPR):    0.262ns

    Location             Delay type                Incr(ns)  Path(ns)    Netlist Resource(s)
  -------------------------------------------------------------------    -------------------
                         (clock clk_fpga_1 rise edge)
                                                      0.000     0.000 r  
    PS7_X0Y0             PS7                          0.000     0.000 r  design_1_i/processing_system7_0/inst/PS7_i/FCLKCLK[1]
                         net (fo=1, routed)           0.315     0.315    design_1_i/processing_system7_0/inst/FCLK_CLK_unbuffered[1]
    BUFGCTRL_X0Y0        BUFG (Prop_bufg_I_O)         0.026     0.341 r  design_1_i/processing_system7_0/inst/buffer_fclk_clk_1.FCLK_CLK_1_BUFG/O
                         net (fo=2030, routed)        0.583     0.924    design_1_i/axi_smc/inst/s00_nodes/s00_r_node/inst/inst_mi_handler/gen_normal_area.inst_fifo_node_payld/gen_xpm_memory_fifo.inst_fifo/gen_mem_rep[0].inst_xpm_memory/xpm_memory_base_inst/clka
    SLICE_X0Y6           FDRE                                         r  design_1_i/axi_smc/inst/s00_nodes/s00_r_node/inst/inst_mi_handler/gen_normal_area.inst_fifo_node_payld/gen_xpm_memory_fifo.inst_fifo/gen_mem_rep[0].inst_xpm_memory/xpm_memory_base_inst/gen_rd_b.doutb_reg_reg[68]/C
  -------------------------------------------------------------------    -------------------
    SLICE_X0Y6           FDRE (Prop_fdre_C_Q)         0.148     1.072 r  design_1_i/axi_smc/inst/s00_nodes/s00_r_node/inst/inst_mi_handler/gen_normal_area.inst_fifo_node_payld/gen_xpm_memory_fifo.inst_fifo/gen_mem_rep[0].inst_xpm_memory/xpm_memory_base_inst/gen_rd_b.doutb_reg_reg[68]/Q
                         net (fo=1, routed)           0.266     1.338    design_1_i/axi_vdma_0/U0/I_PRMRY_DATAMOVER/GEN_MM2S_FULL.I_MM2S_FULL_WRAPPER/GEN_INCLUDE_MM2S_SF.I_RD_SF/I_DATA_FIFO/BLK_MEM.I_SYNC_FIFOGEN_FIFO/xpm_fifo_instance.xpm_fifo_sync_inst/xpm_fifo_base_inst/gen_sdpram.xpm_memory_base_inst/dina[49]
    RAMB36_X0Y1          RAMB36E1                                     r  design_1_i/axi_vdma_0/U0/I_PRMRY_DATAMOVER/GEN_MM2S_FULL.I_MM2S_FULL_WRAPPER/GEN_INCLUDE_MM2S_SF.I_RD_SF/I_DATA_FIFO/BLK_MEM.I_SYNC_FIFOGEN_FIFO/xpm_fifo_instance.xpm_fifo_sync_inst/xpm_fifo_base_inst/gen_sdpram.xpm_memory_base_inst/gen_wr_a.gen_word_narrow.mem_reg/DIBDI[17]
  -------------------------------------------------------------------    -------------------

                         (clock clk_fpga_1 rise edge)
                                                      0.000     0.000 r  
    PS7_X0Y0             PS7                          0.000     0.000 r  design_1_i/processing_system7_0/inst/PS7_i/FCLKCLK[1]
                         net (fo=1, routed)           0.341     0.341    design_1_i/processing_system7_0/inst/FCLK_CLK_unbuffered[1]
    BUFGCTRL_X0Y0        BUFG (Prop_bufg_I_O)         0.029     0.370 r  design_1_i/processing_system7_0/inst/buffer_fclk_clk_1.FCLK_CLK_1_BUFG/O
                         net (fo=2030, routed)        0.876     1.246    design_1_i/axi_vdma_0/U0/I_PRMRY_DATAMOVER/GEN_MM2S_FULL.I_MM2S_FULL_WRAPPER/GEN_INCLUDE_MM2S_SF.I_RD_SF/I_DATA_FIFO/BLK_MEM.I_SYNC_FIFOGEN_FIFO/xpm_fifo_instance.xpm_fifo_sync_inst/xpm_fifo_base_inst/gen_sdpram.xpm_memory_base_inst/clka
    RAMB36_X0Y1          RAMB36E1                                     r  design_1_i/axi_vdma_0/U0/I_PRMRY_DATAMOVER/GEN_MM2S_FULL.I_MM2S_FULL_WRAPPER/GEN_INCLUDE_MM2S_SF.I_RD_SF/I_DATA_FIFO/BLK_MEM.I_SYNC_FIFOGEN_FIFO/xpm_fifo_instance.xpm_fifo_sync_inst/xpm_fifo_base_inst/gen_sdpram.xpm_memory_base_inst/gen_wr_a.gen_word_narrow.mem_reg/CLKBWRCLK
                         clock pessimism             -0.262     0.984    
    RAMB36_X0Y1          RAMB36E1 (Hold_ramb36e1_CLKBWRCLK_DIBDI[17])
                                                      0.242     1.226    design_1_i/axi_vdma_0/U0/I_PRMRY_DATAMOVER/GEN_MM2S_FULL.I_MM2S_FULL_WRAPPER/GEN_INCLUDE_MM2S_SF.I_RD_SF/I_DATA_FIFO/BLK_MEM.I_SYNC_FIFOGEN_FIFO/xpm_fifo_instance.xpm_fifo_sync_inst/xpm_fifo_base_inst/gen_sdpram.xpm_memory_base_inst/gen_wr_a.gen_word_narrow.mem_reg
  -------------------------------------------------------------------
                         required time                         -1.226    
                         arrival time                           1.338    
  -------------------------------------------------------------------
                         slack                                  0.112    





Pulse Width Checks
--------------------------------------------------------------------------------------
Clock Name:         clk_fpga_1
Waveform(ns):       { 0.000 3.500 }
Period(ns):         7.000
Sources:            { design_1_i/processing_system7_0/inst/PS7_i/FCLKCLK[1] }

Check Type        Corner  Lib Pin             Reference Pin  Required(ns)  Actual(ns)  Slack(ns)  Location     Pin
Min Period        n/a     RAMB36E1/CLKARDCLK  n/a            2.944         7.000       4.056      RAMB36_X0Y3  design_1_i/axi_vdma_0/U0/GEN_SPRT_FOR_MM2S.MM2S_LINEBUFFER_I/GEN_LINEBUF_NO_SOF.GEN_LINEBUFFER.GEN_SYNC_FIFO.I_LINEBUFFER_FIFO/xpm_fifo_sync_inst/xpm_fifo_base_inst/gen_sdpram.xpm_memory_base_inst/gen_wr_a.gen_word_narrow.mem_reg_0/CLKARDCLK
Min Period        n/a     RAMB36E1/CLKARDCLK  n/a            2.944         7.000       4.056      RAMB36_X1Y3  design_1_i/axi_vdma_0/U0/GEN_SPRT_FOR_MM2S.MM2S_LINEBUFFER_I/GEN_LINEBUF_NO_SOF.GEN_LINEBUFFER.GEN_SYNC_FIFO.I_LINEBUFFER_FIFO/xpm_fifo_sync_inst/xpm_fifo_base_inst/gen_sdpram.xpm_memory_base_inst/gen_wr_a.gen_word_narrow.mem_reg_1/CLKARDCLK
Min Period        n/a     RAMB36E1/CLKARDCLK  n/a            2.944         7.000       4.056      RAMB36_X0Y2  design_1_i/axi_vdma_0/U0/GEN_SPRT_FOR_MM2S.MM2S_LINEBUFFER_I/GEN_LINEBUF_NO_SOF.GEN_LINEBUFFER.GEN_SYNC_FIFO.I_LINEBUFFER_FIFO/xpm_fifo_sync_inst/xpm_fifo_base_inst/gen_sdpram.xpm_memory_base_inst/gen_wr_a.gen_word_narrow.mem_reg_2/CLKARDCLK
Min Period        n/a     RAMB36E1/CLKARDCLK  n/a            2.944         7.000       4.056      RAMB36_X1Y2  design_1_i/axi_vdma_0/U0/GEN_SPRT_FOR_MM2S.MM2S_LINEBUFFER_I/GEN_LINEBUF_NO_SOF.GEN_LINEBUFFER.GEN_SYNC_FIFO.I_LINEBUFFER_FIFO/xpm_fifo_sync_inst/xpm_fifo_base_inst/gen_sdpram.xpm_memory_base_inst/gen_wr_a.gen_word_narrow.mem_reg_3/CLKARDCLK
Min Period        n/a     RAMB36E1/CLKBWRCLK  n/a            2.576         7.000       4.424      RAMB36_X0Y3  design_1_i/axi_vdma_0/U0/GEN_SPRT_FOR_MM2S.MM2S_LINEBUFFER_I/GEN_LINEBUF_NO_SOF.GEN_LINEBUFFER.GEN_SYNC_FIFO.I_LINEBUFFER_FIFO/xpm_fifo_sync_inst/xpm_fifo_base_inst/gen_sdpram.xpm_memory_base_inst/gen_wr_a.gen_word_narrow.mem_reg_0/CLKBWRCLK
Min Period        n/a     RAMB36E1/CLKBWRCLK  n/a            2.576         7.000       4.424      RAMB36_X1Y3  design_1_i/axi_vdma_0/U0/GEN_SPRT_FOR_MM2S.MM2S_LINEBUFFER_I/GEN_LINEBUF_NO_SOF.GEN_LINEBUFFER.GEN_SYNC_FIFO.I_LINEBUFFER_FIFO/xpm_fifo_sync_inst/xpm_fifo_base_inst/gen_sdpram.xpm_memory_base_inst/gen_wr_a.gen_word_narrow.mem_reg_1/CLKBWRCLK
Min Period        n/a     RAMB36E1/CLKBWRCLK  n/a            2.576         7.000       4.424      RAMB36_X0Y2  design_1_i/axi_vdma_0/U0/GEN_SPRT_FOR_MM2S.MM2S_LINEBUFFER_I/GEN_LINEBUF_NO_SOF.GEN_LINEBUFFER.GEN_SYNC_FIFO.I_LINEBUFFER_FIFO/xpm_fifo_sync_inst/xpm_fifo_base_inst/gen_sdpram.xpm_memory_base_inst/gen_wr_a.gen_word_narrow.mem_reg_2/CLKBWRCLK
Min Period        n/a     RAMB36E1/CLKBWRCLK  n/a            2.576         7.000       4.424      RAMB36_X1Y2  design_1_i/axi_vdma_0/U0/GEN_SPRT_FOR_MM2S.MM2S_LINEBUFFER_I/GEN_LINEBUF_NO_SOF.GEN_LINEBUFFER.GEN_SYNC_FIFO.I_LINEBUFFER_FIFO/xpm_fifo_sync_inst/xpm_fifo_base_inst/gen_sdpram.xpm_memory_base_inst/gen_wr_a.gen_word_narrow.mem_reg_3/CLKBWRCLK
Min Period        n/a     RAMB36E1/CLKARDCLK  n/a            2.576         7.000       4.424      RAMB36_X0Y1  design_1_i/axi_vdma_0/U0/I_PRMRY_DATAMOVER/GEN_MM2S_FULL.I_MM2S_FULL_WRAPPER/GEN_INCLUDE_MM2S_SF.I_RD_SF/I_DATA_FIFO/BLK_MEM.I_SYNC_FIFOGEN_FIFO/xpm_fifo_instance.xpm_fifo_sync_inst/xpm_fifo_base_inst/gen_sdpram.xpm_memory_base_inst/gen_wr_a.gen_word_narrow.mem_reg/CLKARDCLK
Min Period        n/a     RAMB36E1/CLKBWRCLK  n/a            2.576         7.000       4.424      RAMB36_X0Y1  design_1_i/axi_vdma_0/U0/I_PRMRY_DATAMOVER/GEN_MM2S_FULL.I_MM2S_FULL_WRAPPER/GEN_INCLUDE_MM2S_SF.I_RD_SF/I_DATA_FIFO/BLK_MEM.I_SYNC_FIFOGEN_FIFO/xpm_fifo_instance.xpm_fifo_sync_inst/xpm_fifo_base_inst/gen_sdpram.xpm_memory_base_inst/gen_wr_a.gen_word_narrow.mem_reg/CLKBWRCLK
Low Pulse Width   Slow    RAMD32/CLK          n/a            1.250         3.500       2.250      SLICE_X10Y1  design_1_i/axi_smc/inst/s00_nodes/s00_ar_node/inst/inst_mi_handler/gen_normal_area.inst_fifo_node_payld/gen_xpm_memory_fifo.inst_fifo/gen_mem_rep[0].inst_xpm_memory/xpm_memory_base_inst/gen_wr_a.gen_word_narrow.mem_reg_0_31_0_5/RAMA/CLK
Low Pulse Width   Fast    RAMD32/CLK          n/a            1.250         3.500       2.250      SLICE_X10Y1  design_1_i/axi_smc/inst/s00_nodes/s00_ar_node/inst/inst_mi_handler/gen_normal_area.inst_fifo_node_payld/gen_xpm_memory_fifo.inst_fifo/gen_mem_rep[0].inst_xpm_memory/xpm_memory_base_inst/gen_wr_a.gen_word_narrow.mem_reg_0_31_0_5/RAMA/CLK
Low Pulse Width   Slow    RAMD32/CLK          n/a            1.250         3.500       2.250      SLICE_X10Y1  design_1_i/axi_smc/inst/s00_nodes/s00_ar_node/inst/inst_mi_handler/gen_normal_area.inst_fifo_node_payld/gen_xpm_memory_fifo.inst_fifo/gen_mem_rep[0].inst_xpm_memory/xpm_memory_base_inst/gen_wr_a.gen_word_narrow.mem_reg_0_31_0_5/RAMA_D1/CLK
Low Pulse Width   Fast    RAMD32/CLK          n/a            1.250         3.500       2.250      SLICE_X10Y1  design_1_i/axi_smc/inst/s00_nodes/s00_ar_node/inst/inst_mi_handler/gen_normal_area.inst_fifo_node_payld/gen_xpm_memory_fifo.inst_fifo/gen_mem_rep[0].inst_xpm_memory/xpm_memory_base_inst/gen_wr_a.gen_word_narrow.mem_reg_0_31_0_5/RAMA_D1/CLK
Low Pulse Width   Slow    RAMD32/CLK          n/a            1.250         3.500       2.250      SLICE_X10Y1  design_1_i/axi_smc/inst/s00_nodes/s00_ar_node/inst/inst_mi_handler/gen_normal_area.inst_fifo_node_payld/gen_xpm_memory_fifo.inst_fifo/gen_mem_rep[0].inst_xpm_memory/xpm_memory_base_inst/gen_wr_a.gen_word_narrow.mem_reg_0_31_0_5/RAMB/CLK
Low Pulse Width   Fast    RAMD32/CLK          n/a            1.250         3.500       2.250      SLICE_X10Y1  design_1_i/axi_smc/inst/s00_nodes/s00_ar_node/inst/inst_mi_handler/gen_normal_area.inst_fifo_node_payld/gen_xpm_memory_fifo.inst_fifo/gen_mem_rep[0].inst_xpm_memory/xpm_memory_base_inst/gen_wr_a.gen_word_narrow.mem_reg_0_31_0_5/RAMB/CLK
Low Pulse Width   Slow    RAMD32/CLK          n/a            1.250         3.500       2.250      SLICE_X10Y1  design_1_i/axi_smc/inst/s00_nodes/s00_ar_node/inst/inst_mi_handler/gen_normal_area.inst_fifo_node_payld/gen_xpm_memory_fifo.inst_fifo/gen_mem_rep[0].inst_xpm_memory/xpm_memory_base_inst/gen_wr_a.gen_word_narrow.mem_reg_0_31_0_5/RAMB_D1/CLK
Low Pulse Width   Fast    RAMD32/CLK          n/a            1.250         3.500       2.250      SLICE_X10Y1  design_1_i/axi_smc/inst/s00_nodes/s00_ar_node/inst/inst_mi_handler/gen_normal_area.inst_fifo_node_payld/gen_xpm_memory_fifo.inst_fifo/gen_mem_rep[0].inst_xpm_memory/xpm_memory_base_inst/gen_wr_a.gen_word_narrow.mem_reg_0_31_0_5/RAMB_D1/CLK
Low Pulse Width   Slow    RAMD32/CLK          n/a            1.250         3.500       2.250      SLICE_X10Y1  design_1_i/axi_smc/inst/s00_nodes/s00_ar_node/inst/inst_mi_handler/gen_normal_area.inst_fifo_node_payld/gen_xpm_memory_fifo.inst_fifo/gen_mem_rep[0].inst_xpm_memory/xpm_memory_base_inst/gen_wr_a.gen_word_narrow.mem_reg_0_31_0_5/RAMC/CLK
Low Pulse Width   Fast    RAMD32/CLK          n/a            1.250         3.500       2.250      SLICE_X10Y1  design_1_i/axi_smc/inst/s00_nodes/s00_ar_node/inst/inst_mi_handler/gen_normal_area.inst_fifo_node_payld/gen_xpm_memory_fifo.inst_fifo/gen_mem_rep[0].inst_xpm_memory/xpm_memory_base_inst/gen_wr_a.gen_word_narrow.mem_reg_0_31_0_5/RAMC/CLK
High Pulse Width  Slow    RAMD32/CLK          n/a            1.250         3.500       2.250      SLICE_X10Y1  design_1_i/axi_smc/inst/s00_nodes/s00_ar_node/inst/inst_mi_handler/gen_normal_area.inst_fifo_node_payld/gen_xpm_memory_fifo.inst_fifo/gen_mem_rep[0].inst_xpm_memory/xpm_memory_base_inst/gen_wr_a.gen_word_narrow.mem_reg_0_31_0_5/RAMA/CLK
High Pulse Width  Fast    RAMD32/CLK          n/a            1.250         3.500       2.250      SLICE_X10Y1  design_1_i/axi_smc/inst/s00_nodes/s00_ar_node/inst/inst_mi_handler/gen_normal_area.inst_fifo_node_payld/gen_xpm_memory_fifo.inst_fifo/gen_mem_rep[0].inst_xpm_memory/xpm_memory_base_inst/gen_wr_a.gen_word_narrow.mem_reg_0_31_0_5/RAMA/CLK
High Pulse Width  Slow    RAMD32/CLK          n/a            1.250         3.500       2.250      SLICE_X10Y1  design_1_i/axi_smc/inst/s00_nodes/s00_ar_node/inst/inst_mi_handler/gen_normal_area.inst_fifo_node_payld/gen_xpm_memory_fifo.inst_fifo/gen_mem_rep[0].inst_xpm_memory/xpm_memory_base_inst/gen_wr_a.gen_word_narrow.mem_reg_0_31_0_5/RAMA_D1/CLK
High Pulse Width  Fast    RAMD32/CLK          n/a            1.250         3.500       2.250      SLICE_X10Y1  design_1_i/axi_smc/inst/s00_nodes/s00_ar_node/inst/inst_mi_handler/gen_normal_area.inst_fifo_node_payld/gen_xpm_memory_fifo.inst_fifo/gen_mem_rep[0].inst_xpm_memory/xpm_memory_base_inst/gen_wr_a.gen_word_narrow.mem_reg_0_31_0_5/RAMA_D1/CLK
High Pulse Width  Slow    RAMD32/CLK          n/a            1.250         3.500       2.250      SLICE_X10Y1  design_1_i/axi_smc/inst/s00_nodes/s00_ar_node/inst/inst_mi_handler/gen_normal_area.inst_fifo_node_payld/gen_xpm_memory_fifo.inst_fifo/gen_mem_rep[0].inst_xpm_memory/xpm_memory_base_inst/gen_wr_a.gen_word_narrow.mem_reg_0_31_0_5/RAMB/CLK
High Pulse Width  Fast    RAMD32/CLK          n/a            1.250         3.500       2.250      SLICE_X10Y1  design_1_i/axi_smc/inst/s00_nodes/s00_ar_node/inst/inst_mi_handler/gen_normal_area.inst_fifo_node_payld/gen_xpm_memory_fifo.inst_fifo/gen_mem_rep[0].inst_xpm_memory/xpm_memory_base_inst/gen_wr_a.gen_word_narrow.mem_reg_0_31_0_5/RAMB/CLK
High Pulse Width  Slow    RAMD32/CLK          n/a            1.250         3.500       2.250      SLICE_X10Y1  design_1_i/axi_smc/inst/s00_nodes/s00_ar_node/inst/inst_mi_handler/gen_normal_area.inst_fifo_node_payld/gen_xpm_memory_fifo.inst_fifo/gen_mem_rep[0].inst_xpm_memory/xpm_memory_base_inst/gen_wr_a.gen_word_narrow.mem_reg_0_31_0_5/RAMB_D1/CLK
High Pulse Width  Fast    RAMD32/CLK          n/a            1.250         3.500       2.250      SLICE_X10Y1  design_1_i/axi_smc/inst/s00_nodes/s00_ar_node/inst/inst_mi_handler/gen_normal_area.inst_fifo_node_payld/gen_xpm_memory_fifo.inst_fifo/gen_mem_rep[0].inst_xpm_memory/xpm_memory_base_inst/gen_wr_a.gen_word_narrow.mem_reg_0_31_0_5/RAMB_D1/CLK
High Pulse Width  Slow    RAMD32/CLK          n/a            1.250         3.500       2.250      SLICE_X10Y1  design_1_i/axi_smc/inst/s00_nodes/s00_ar_node/inst/inst_mi_handler/gen_normal_area.inst_fifo_node_payld/gen_xpm_memory_fifo.inst_fifo/gen_mem_rep[0].inst_xpm_memory/xpm_memory_base_inst/gen_wr_a.gen_word_narrow.mem_reg_0_31_0_5/RAMC/CLK
High Pulse Width  Fast    RAMD32/CLK          n/a            1.250         3.500       2.250      SLICE_X10Y1  design_1_i/axi_smc/inst/s00_nodes/s00_ar_node/inst/inst_mi_handler/gen_normal_area.inst_fifo_node_payld/gen_xpm_memory_fifo.inst_fifo/gen_mem_rep[0].inst_xpm_memory/xpm_memory_base_inst/gen_wr_a.gen_word_narrow.mem_reg_0_31_0_5/RAMC/CLK



---------------------------------------------------------------------------------------------------
From Clock:  axi_dynclk_0_PXL_CLK_O
  To Clock:  clk_fpga_0

Setup :            0  Failing Endpoints,  Worst Slack        7.615ns,  Total Violation        0.000ns
Hold  :           NA  Failing Endpoints,  Worst Slack           NA  ,  Total Violation           NA
---------------------------------------------------------------------------------------------------


Max Delay Paths
--------------------------------------------------------------------------------------
Slack (MET) :             7.615ns  (required time - arrival time)
  Source:                 design_1_i/v_tc_0/U0/U_VIDEO_CTRL/AXI4_LITE_INTERFACE.ipif_RdData_reg[7]/C
                            (rising edge-triggered cell FDRE clocked by axi_dynclk_0_PXL_CLK_O  {rise@0.000ns fall@4.000ns period=10.000ns})
  Destination:            design_1_i/v_tc_0/U0/U_VIDEO_CTRL/AXI4_LITE_INTERFACE.SYNC2PROCCLK_I/data_sync_reg[0][7]/D
                            (rising edge-triggered cell FDRE clocked by clk_fpga_0  {rise@0.000ns fall@5.000ns period=10.000ns})
  Path Group:             clk_fpga_0
  Path Type:              Setup (Max at Slow Process Corner)
  Requirement:            10.000ns  (MaxDelay Path 10.000ns)
  Data Path Delay:        2.292ns  (logic 0.456ns (19.891%)  route 1.836ns (80.109%))
  Logic Levels:           0  
  Timing Exception:       MaxDelay Path 10.000ns -datapath_only

    Location             Delay type                Incr(ns)  Path(ns)    Netlist Resource(s)
  -------------------------------------------------------------------    -------------------
    SLICE_X36Y84                                      0.000     0.000 r  design_1_i/v_tc_0/U0/U_VIDEO_CTRL/AXI4_LITE_INTERFACE.ipif_RdData_reg[7]/C
    SLICE_X36Y84         FDRE (Prop_fdre_C_Q)         0.456     0.456 r  design_1_i/v_tc_0/U0/U_VIDEO_CTRL/AXI4_LITE_INTERFACE.ipif_RdData_reg[7]/Q
                         net (fo=1, routed)           1.836     2.292    design_1_i/v_tc_0/U0/U_VIDEO_CTRL/AXI4_LITE_INTERFACE.SYNC2PROCCLK_I/in_data[7]
    SLICE_X22Y60         FDRE                                         r  design_1_i/v_tc_0/U0/U_VIDEO_CTRL/AXI4_LITE_INTERFACE.SYNC2PROCCLK_I/data_sync_reg[0][7]/D
  -------------------------------------------------------------------    -------------------

                         max delay                   10.000    10.000    
    SLICE_X22Y60         FDRE (Setup_fdre_C_D)       -0.093     9.907    design_1_i/v_tc_0/U0/U_VIDEO_CTRL/AXI4_LITE_INTERFACE.SYNC2PROCCLK_I/data_sync_reg[0][7]
  -------------------------------------------------------------------
                         required time                          9.907    
                         arrival time                          -2.292    
  -------------------------------------------------------------------
                         slack                                  7.615    

Slack (MET) :             7.796ns  (required time - arrival time)
  Source:                 design_1_i/v_tc_0/U0/U_VIDEO_CTRL/AXI4_LITE_INTERFACE.ipif_RdData_reg[4]/C
                            (rising edge-triggered cell FDRE clocked by axi_dynclk_0_PXL_CLK_O  {rise@0.000ns fall@4.000ns period=10.000ns})
  Destination:            design_1_i/v_tc_0/U0/U_VIDEO_CTRL/AXI4_LITE_INTERFACE.SYNC2PROCCLK_I/data_sync_reg[0][4]/D
                            (rising edge-triggered cell FDRE clocked by clk_fpga_0  {rise@0.000ns fall@5.000ns period=10.000ns})
  Path Group:             clk_fpga_0
  Path Type:              Setup (Max at Slow Process Corner)
  Requirement:            10.000ns  (MaxDelay Path 10.000ns)
  Data Path Delay:        2.161ns  (logic 0.456ns (21.103%)  route 1.705ns (78.897%))
  Logic Levels:           0  
  Timing Exception:       MaxDelay Path 10.000ns -datapath_only

    Location             Delay type                Incr(ns)  Path(ns)    Netlist Resource(s)
  -------------------------------------------------------------------    -------------------
    SLICE_X36Y84                                      0.000     0.000 r  design_1_i/v_tc_0/U0/U_VIDEO_CTRL/AXI4_LITE_INTERFACE.ipif_RdData_reg[4]/C
    SLICE_X36Y84         FDRE (Prop_fdre_C_Q)         0.456     0.456 r  design_1_i/v_tc_0/U0/U_VIDEO_CTRL/AXI4_LITE_INTERFACE.ipif_RdData_reg[4]/Q
                         net (fo=1, routed)           1.705     2.161    design_1_i/v_tc_0/U0/U_VIDEO_CTRL/AXI4_LITE_INTERFACE.SYNC2PROCCLK_I/in_data[4]
    SLICE_X16Y65         FDRE                                         r  design_1_i/v_tc_0/U0/U_VIDEO_CTRL/AXI4_LITE_INTERFACE.SYNC2PROCCLK_I/data_sync_reg[0][4]/D
  -------------------------------------------------------------------    -------------------

                         max delay                   10.000    10.000    
    SLICE_X16Y65         FDRE (Setup_fdre_C_D)       -0.043     9.957    design_1_i/v_tc_0/U0/U_VIDEO_CTRL/AXI4_LITE_INTERFACE.SYNC2PROCCLK_I/data_sync_reg[0][4]
  -------------------------------------------------------------------
                         required time                          9.957    
                         arrival time                          -2.161    
  -------------------------------------------------------------------
                         slack                                  7.796    

Slack (MET) :             7.917ns  (required time - arrival time)
  Source:                 design_1_i/v_tc_0/U0/U_VIDEO_CTRL/AXI4_LITE_INTERFACE.ipif_RdData_reg[9]/C
                            (rising edge-triggered cell FDRE clocked by axi_dynclk_0_PXL_CLK_O  {rise@0.000ns fall@4.000ns period=10.000ns})
  Destination:            design_1_i/v_tc_0/U0/U_VIDEO_CTRL/AXI4_LITE_INTERFACE.SYNC2PROCCLK_I/data_sync_reg[0][9]/D
                            (rising edge-triggered cell FDRE clocked by clk_fpga_0  {rise@0.000ns fall@5.000ns period=10.000ns})
  Path Group:             clk_fpga_0
  Path Type:              Setup (Max at Slow Process Corner)
  Requirement:            10.000ns  (MaxDelay Path 10.000ns)
  Data Path Delay:        1.990ns  (logic 0.456ns (22.917%)  route 1.534ns (77.083%))
  Logic Levels:           0  
  Timing Exception:       MaxDelay Path 10.000ns -datapath_only

    Location             Delay type                Incr(ns)  Path(ns)    Netlist Resource(s)
  -------------------------------------------------------------------    -------------------
    SLICE_X33Y79                                      0.000     0.000 r  design_1_i/v_tc_0/U0/U_VIDEO_CTRL/AXI4_LITE_INTERFACE.ipif_RdData_reg[9]/C
    SLICE_X33Y79         FDRE (Prop_fdre_C_Q)         0.456     0.456 r  design_1_i/v_tc_0/U0/U_VIDEO_CTRL/AXI4_LITE_INTERFACE.ipif_RdData_reg[9]/Q
                         net (fo=1, routed)           1.534     1.990    design_1_i/v_tc_0/U0/U_VIDEO_CTRL/AXI4_LITE_INTERFACE.SYNC2PROCCLK_I/in_data[9]
    SLICE_X18Y64         FDRE                                         r  design_1_i/v_tc_0/U0/U_VIDEO_CTRL/AXI4_LITE_INTERFACE.SYNC2PROCCLK_I/data_sync_reg[0][9]/D
  -------------------------------------------------------------------    -------------------

                         max delay                   10.000    10.000    
    SLICE_X18Y64         FDRE (Setup_fdre_C_D)       -0.093     9.907    design_1_i/v_tc_0/U0/U_VIDEO_CTRL/AXI4_LITE_INTERFACE.SYNC2PROCCLK_I/data_sync_reg[0][9]
  -------------------------------------------------------------------
                         required time                          9.907    
                         arrival time                          -1.990    
  -------------------------------------------------------------------
                         slack                                  7.917    

Slack (MET) :             7.979ns  (required time - arrival time)
  Source:                 design_1_i/v_tc_0/U0/U_VIDEO_CTRL/AXI4_LITE_INTERFACE.ipif_RdData_reg[5]/C
                            (rising edge-triggered cell FDRE clocked by axi_dynclk_0_PXL_CLK_O  {rise@0.000ns fall@4.000ns period=10.000ns})
  Destination:            design_1_i/v_tc_0/U0/U_VIDEO_CTRL/AXI4_LITE_INTERFACE.SYNC2PROCCLK_I/data_sync_reg[0][5]/D
                            (rising edge-triggered cell FDRE clocked by clk_fpga_0  {rise@0.000ns fall@5.000ns period=10.000ns})
  Path Group:             clk_fpga_0
  Path Type:              Setup (Max at Slow Process Corner)
  Requirement:            10.000ns  (MaxDelay Path 10.000ns)
  Data Path Delay:        1.926ns  (logic 0.518ns (26.899%)  route 1.408ns (73.101%))
  Logic Levels:           0  
  Timing Exception:       MaxDelay Path 10.000ns -datapath_only

    Location             Delay type                Incr(ns)  Path(ns)    Netlist Resource(s)
  -------------------------------------------------------------------    -------------------
    SLICE_X34Y80                                      0.000     0.000 r  design_1_i/v_tc_0/U0/U_VIDEO_CTRL/AXI4_LITE_INTERFACE.ipif_RdData_reg[5]/C
    SLICE_X34Y80         FDRE (Prop_fdre_C_Q)         0.518     0.518 r  design_1_i/v_tc_0/U0/U_VIDEO_CTRL/AXI4_LITE_INTERFACE.ipif_RdData_reg[5]/Q
                         net (fo=1, routed)           1.408     1.926    design_1_i/v_tc_0/U0/U_VIDEO_CTRL/AXI4_LITE_INTERFACE.SYNC2PROCCLK_I/in_data[5]
    SLICE_X18Y63         FDRE                                         r  design_1_i/v_tc_0/U0/U_VIDEO_CTRL/AXI4_LITE_INTERFACE.SYNC2PROCCLK_I/data_sync_reg[0][5]/D
  -------------------------------------------------------------------    -------------------

                         max delay                   10.000    10.000    
    SLICE_X18Y63         FDRE (Setup_fdre_C_D)       -0.095     9.905    design_1_i/v_tc_0/U0/U_VIDEO_CTRL/AXI4_LITE_INTERFACE.SYNC2PROCCLK_I/data_sync_reg[0][5]
  -------------------------------------------------------------------
                         required time                          9.905    
                         arrival time                          -1.926    
  -------------------------------------------------------------------
                         slack                                  7.979    

Slack (MET) :             8.018ns  (required time - arrival time)
  Source:                 design_1_i/v_tc_0/U0/U_VIDEO_CTRL/AXI4_LITE_INTERFACE.ipif_RdData_reg[28]/C
                            (rising edge-triggered cell FDRE clocked by axi_dynclk_0_PXL_CLK_O  {rise@0.000ns fall@4.000ns period=10.000ns})
  Destination:            design_1_i/v_tc_0/U0/U_VIDEO_CTRL/AXI4_LITE_INTERFACE.SYNC2PROCCLK_I/data_sync_reg[0][28]/D
                            (rising edge-triggered cell FDRE clocked by clk_fpga_0  {rise@0.000ns fall@5.000ns period=10.000ns})
  Path Group:             clk_fpga_0
  Path Type:              Setup (Max at Slow Process Corner)
  Requirement:            10.000ns  (MaxDelay Path 10.000ns)
  Data Path Delay:        1.889ns  (logic 0.456ns (24.145%)  route 1.433ns (75.855%))
  Logic Levels:           0  
  Timing Exception:       MaxDelay Path 10.000ns -datapath_only

    Location             Delay type                Incr(ns)  Path(ns)    Netlist Resource(s)
  -------------------------------------------------------------------    -------------------
    SLICE_X29Y87                                      0.000     0.000 r  design_1_i/v_tc_0/U0/U_VIDEO_CTRL/AXI4_LITE_INTERFACE.ipif_RdData_reg[28]/C
    SLICE_X29Y87         FDRE (Prop_fdre_C_Q)         0.456     0.456 r  design_1_i/v_tc_0/U0/U_VIDEO_CTRL/AXI4_LITE_INTERFACE.ipif_RdData_reg[28]/Q
                         net (fo=1, routed)           1.433     1.889    design_1_i/v_tc_0/U0/U_VIDEO_CTRL/AXI4_LITE_INTERFACE.SYNC2PROCCLK_I/in_data[28]
    SLICE_X18Y68         FDRE                                         r  design_1_i/v_tc_0/U0/U_VIDEO_CTRL/AXI4_LITE_INTERFACE.SYNC2PROCCLK_I/data_sync_reg[0][28]/D
  -------------------------------------------------------------------    -------------------

                         max delay                   10.000    10.000    
    SLICE_X18Y68         FDRE (Setup_fdre_C_D)       -0.093     9.907    design_1_i/v_tc_0/U0/U_VIDEO_CTRL/AXI4_LITE_INTERFACE.SYNC2PROCCLK_I/data_sync_reg[0][28]
  -------------------------------------------------------------------
                         required time                          9.907    
                         arrival time                          -1.889    
  -------------------------------------------------------------------
                         slack                                  8.018    

Slack (MET) :             8.021ns  (required time - arrival time)
  Source:                 design_1_i/v_tc_0/U0/U_VIDEO_CTRL/AXI4_LITE_INTERFACE.ipif_RdData_reg[11]/C
                            (rising edge-triggered cell FDRE clocked by axi_dynclk_0_PXL_CLK_O  {rise@0.000ns fall@4.000ns period=10.000ns})
  Destination:            design_1_i/v_tc_0/U0/U_VIDEO_CTRL/AXI4_LITE_INTERFACE.SYNC2PROCCLK_I/data_sync_reg[0][11]/D
                            (rising edge-triggered cell FDRE clocked by clk_fpga_0  {rise@0.000ns fall@5.000ns period=10.000ns})
  Path Group:             clk_fpga_0
  Path Type:              Setup (Max at Slow Process Corner)
  Requirement:            10.000ns  (MaxDelay Path 10.000ns)
  Data Path Delay:        1.932ns  (logic 0.518ns (26.817%)  route 1.414ns (73.183%))
  Logic Levels:           0  
  Timing Exception:       MaxDelay Path 10.000ns -datapath_only

    Location             Delay type                Incr(ns)  Path(ns)    Netlist Resource(s)
  -------------------------------------------------------------------    -------------------
    SLICE_X34Y80                                      0.000     0.000 r  design_1_i/v_tc_0/U0/U_VIDEO_CTRL/AXI4_LITE_INTERFACE.ipif_RdData_reg[11]/C
    SLICE_X34Y80         FDRE (Prop_fdre_C_Q)         0.518     0.518 r  design_1_i/v_tc_0/U0/U_VIDEO_CTRL/AXI4_LITE_INTERFACE.ipif_RdData_reg[11]/Q
                         net (fo=1, routed)           1.414     1.932    design_1_i/v_tc_0/U0/U_VIDEO_CTRL/AXI4_LITE_INTERFACE.SYNC2PROCCLK_I/in_data[11]
    SLICE_X16Y63         FDRE                                         r  design_1_i/v_tc_0/U0/U_VIDEO_CTRL/AXI4_LITE_INTERFACE.SYNC2PROCCLK_I/data_sync_reg[0][11]/D
  -------------------------------------------------------------------    -------------------

                         max delay                   10.000    10.000    
    SLICE_X16Y63         FDRE (Setup_fdre_C_D)       -0.047     9.953    design_1_i/v_tc_0/U0/U_VIDEO_CTRL/AXI4_LITE_INTERFACE.SYNC2PROCCLK_I/data_sync_reg[0][11]
  -------------------------------------------------------------------
                         required time                          9.953    
                         arrival time                          -1.932    
  -------------------------------------------------------------------
                         slack                                  8.021    

Slack (MET) :             8.075ns  (required time - arrival time)
  Source:                 design_1_i/v_tc_0/U0/U_VIDEO_CTRL/AXI4_LITE_INTERFACE.ipif_RdData_reg[30]/C
                            (rising edge-triggered cell FDRE clocked by axi_dynclk_0_PXL_CLK_O  {rise@0.000ns fall@4.000ns period=10.000ns})
  Destination:            design_1_i/v_tc_0/U0/U_VIDEO_CTRL/AXI4_LITE_INTERFACE.SYNC2PROCCLK_I/data_sync_reg[0][30]/D
                            (rising edge-triggered cell FDRE clocked by clk_fpga_0  {rise@0.000ns fall@5.000ns period=10.000ns})
  Path Group:             clk_fpga_0
  Path Type:              Setup (Max at Slow Process Corner)
  Requirement:            10.000ns  (MaxDelay Path 10.000ns)
  Data Path Delay:        1.832ns  (logic 0.456ns (24.885%)  route 1.376ns (75.115%))
  Logic Levels:           0  
  Timing Exception:       MaxDelay Path 10.000ns -datapath_only

    Location             Delay type                Incr(ns)  Path(ns)    Netlist Resource(s)
  -------------------------------------------------------------------    -------------------
    SLICE_X29Y87                                      0.000     0.000 r  design_1_i/v_tc_0/U0/U_VIDEO_CTRL/AXI4_LITE_INTERFACE.ipif_RdData_reg[30]/C
    SLICE_X29Y87         FDRE (Prop_fdre_C_Q)         0.456     0.456 r  design_1_i/v_tc_0/U0/U_VIDEO_CTRL/AXI4_LITE_INTERFACE.ipif_RdData_reg[30]/Q
                         net (fo=1, routed)           1.376     1.832    design_1_i/v_tc_0/U0/U_VIDEO_CTRL/AXI4_LITE_INTERFACE.SYNC2PROCCLK_I/in_data[30]
    SLICE_X21Y66         FDRE                                         r  design_1_i/v_tc_0/U0/U_VIDEO_CTRL/AXI4_LITE_INTERFACE.SYNC2PROCCLK_I/data_sync_reg[0][30]/D
  -------------------------------------------------------------------    -------------------

                         max delay                   10.000    10.000    
    SLICE_X21Y66         FDRE (Setup_fdre_C_D)       -0.093     9.907    design_1_i/v_tc_0/U0/U_VIDEO_CTRL/AXI4_LITE_INTERFACE.SYNC2PROCCLK_I/data_sync_reg[0][30]
  -------------------------------------------------------------------
                         required time                          9.907    
                         arrival time                          -1.832    
  -------------------------------------------------------------------
                         slack                                  8.075    

Slack (MET) :             8.089ns  (required time - arrival time)
  Source:                 design_1_i/v_tc_0/U0/U_VIDEO_CTRL/AXI4_LITE_INTERFACE.ipif_RdData_reg[8]/C
                            (rising edge-triggered cell FDRE clocked by axi_dynclk_0_PXL_CLK_O  {rise@0.000ns fall@4.000ns period=10.000ns})
  Destination:            design_1_i/v_tc_0/U0/U_VIDEO_CTRL/AXI4_LITE_INTERFACE.SYNC2PROCCLK_I/data_sync_reg[0][8]/D
                            (rising edge-triggered cell FDRE clocked by clk_fpga_0  {rise@0.000ns fall@5.000ns period=10.000ns})
  Path Group:             clk_fpga_0
  Path Type:              Setup (Max at Slow Process Corner)
  Requirement:            10.000ns  (MaxDelay Path 10.000ns)
  Data Path Delay:        1.818ns  (logic 0.456ns (25.080%)  route 1.362ns (74.920%))
  Logic Levels:           0  
  Timing Exception:       MaxDelay Path 10.000ns -datapath_only

    Location             Delay type                Incr(ns)  Path(ns)    Netlist Resource(s)
  -------------------------------------------------------------------    -------------------
    SLICE_X29Y75                                      0.000     0.000 r  design_1_i/v_tc_0/U0/U_VIDEO_CTRL/AXI4_LITE_INTERFACE.ipif_RdData_reg[8]/C
    SLICE_X29Y75         FDRE (Prop_fdre_C_Q)         0.456     0.456 r  design_1_i/v_tc_0/U0/U_VIDEO_CTRL/AXI4_LITE_INTERFACE.ipif_RdData_reg[8]/Q
                         net (fo=1, routed)           1.362     1.818    design_1_i/v_tc_0/U0/U_VIDEO_CTRL/AXI4_LITE_INTERFACE.SYNC2PROCCLK_I/in_data[8]
    SLICE_X19Y59         FDRE                                         r  design_1_i/v_tc_0/U0/U_VIDEO_CTRL/AXI4_LITE_INTERFACE.SYNC2PROCCLK_I/data_sync_reg[0][8]/D
  -------------------------------------------------------------------    -------------------

                         max delay                   10.000    10.000    
    SLICE_X19Y59         FDRE (Setup_fdre_C_D)       -0.093     9.907    design_1_i/v_tc_0/U0/U_VIDEO_CTRL/AXI4_LITE_INTERFACE.SYNC2PROCCLK_I/data_sync_reg[0][8]
  -------------------------------------------------------------------
                         required time                          9.907    
                         arrival time                          -1.818    
  -------------------------------------------------------------------
                         slack                                  8.089    

Slack (MET) :             8.112ns  (required time - arrival time)
  Source:                 design_1_i/v_tc_0/U0/U_VIDEO_CTRL/AXI4_LITE_INTERFACE.ipif_RdData_reg[29]/C
                            (rising edge-triggered cell FDRE clocked by axi_dynclk_0_PXL_CLK_O  {rise@0.000ns fall@4.000ns period=10.000ns})
  Destination:            design_1_i/v_tc_0/U0/U_VIDEO_CTRL/AXI4_LITE_INTERFACE.SYNC2PROCCLK_I/data_sync_reg[0][29]/D
                            (rising edge-triggered cell FDRE clocked by clk_fpga_0  {rise@0.000ns fall@5.000ns period=10.000ns})
  Path Group:             clk_fpga_0
  Path Type:              Setup (Max at Slow Process Corner)
  Requirement:            10.000ns  (MaxDelay Path 10.000ns)
  Data Path Delay:        1.793ns  (logic 0.518ns (28.897%)  route 1.275ns (71.103%))
  Logic Levels:           0  
  Timing Exception:       MaxDelay Path 10.000ns -datapath_only

    Location             Delay type                Incr(ns)  Path(ns)    Netlist Resource(s)
  -------------------------------------------------------------------    -------------------
    SLICE_X24Y87                                      0.000     0.000 r  design_1_i/v_tc_0/U0/U_VIDEO_CTRL/AXI4_LITE_INTERFACE.ipif_RdData_reg[29]/C
    SLICE_X24Y87         FDRE (Prop_fdre_C_Q)         0.518     0.518 r  design_1_i/v_tc_0/U0/U_VIDEO_CTRL/AXI4_LITE_INTERFACE.ipif_RdData_reg[29]/Q
                         net (fo=1, routed)           1.275     1.793    design_1_i/v_tc_0/U0/U_VIDEO_CTRL/AXI4_LITE_INTERFACE.SYNC2PROCCLK_I/in_data[29]
    SLICE_X21Y66         FDRE                                         r  design_1_i/v_tc_0/U0/U_VIDEO_CTRL/AXI4_LITE_INTERFACE.SYNC2PROCCLK_I/data_sync_reg[0][29]/D
  -------------------------------------------------------------------    -------------------

                         max delay                   10.000    10.000    
    SLICE_X21Y66         FDRE (Setup_fdre_C_D)       -0.095     9.905    design_1_i/v_tc_0/U0/U_VIDEO_CTRL/AXI4_LITE_INTERFACE.SYNC2PROCCLK_I/data_sync_reg[0][29]
  -------------------------------------------------------------------
                         required time                          9.905    
                         arrival time                          -1.793    
  -------------------------------------------------------------------
                         slack                                  8.112    

Slack (MET) :             8.125ns  (required time - arrival time)
  Source:                 design_1_i/v_tc_0/U0/U_VIDEO_CTRL/AXI4_LITE_INTERFACE.ipif_RdData_reg[6]/C
                            (rising edge-triggered cell FDRE clocked by axi_dynclk_0_PXL_CLK_O  {rise@0.000ns fall@4.000ns period=10.000ns})
  Destination:            design_1_i/v_tc_0/U0/U_VIDEO_CTRL/AXI4_LITE_INTERFACE.SYNC2PROCCLK_I/data_sync_reg[0][6]/D
                            (rising edge-triggered cell FDRE clocked by clk_fpga_0  {rise@0.000ns fall@5.000ns period=10.000ns})
  Path Group:             clk_fpga_0
  Path Type:              Setup (Max at Slow Process Corner)
  Requirement:            10.000ns  (MaxDelay Path 10.000ns)
  Data Path Delay:        1.782ns  (logic 0.456ns (25.588%)  route 1.326ns (74.412%))
  Logic Levels:           0  
  Timing Exception:       MaxDelay Path 10.000ns -datapath_only

    Location             Delay type                Incr(ns)  Path(ns)    Netlist Resource(s)
  -------------------------------------------------------------------    -------------------
    SLICE_X36Y66                                      0.000     0.000 r  design_1_i/v_tc_0/U0/U_VIDEO_CTRL/AXI4_LITE_INTERFACE.ipif_RdData_reg[6]/C
    SLICE_X36Y66         FDRE (Prop_fdre_C_Q)         0.456     0.456 r  design_1_i/v_tc_0/U0/U_VIDEO_CTRL/AXI4_LITE_INTERFACE.ipif_RdData_reg[6]/Q
                         net (fo=1, routed)           1.326     1.782    design_1_i/v_tc_0/U0/U_VIDEO_CTRL/AXI4_LITE_INTERFACE.SYNC2PROCCLK_I/in_data[6]
    SLICE_X18Y63         FDRE                                         r  design_1_i/v_tc_0/U0/U_VIDEO_CTRL/AXI4_LITE_INTERFACE.SYNC2PROCCLK_I/data_sync_reg[0][6]/D
  -------------------------------------------------------------------    -------------------

                         max delay                   10.000    10.000    
    SLICE_X18Y63         FDRE (Setup_fdre_C_D)       -0.093     9.907    design_1_i/v_tc_0/U0/U_VIDEO_CTRL/AXI4_LITE_INTERFACE.SYNC2PROCCLK_I/data_sync_reg[0][6]
  -------------------------------------------------------------------
                         required time                          9.907    
                         arrival time                          -1.782    
  -------------------------------------------------------------------
                         slack                                  8.125    





---------------------------------------------------------------------------------------------------
From Clock:  clk_fpga_0
  To Clock:  axi_dynclk_0_PXL_CLK_O

Setup :            0  Failing Endpoints,  Worst Slack        6.137ns,  Total Violation        0.000ns
Hold  :           NA  Failing Endpoints,  Worst Slack           NA  ,  Total Violation           NA
---------------------------------------------------------------------------------------------------


Max Delay Paths
--------------------------------------------------------------------------------------
Slack (MET) :             6.137ns  (required time - arrival time)
  Source:                 design_1_i/rst_ps7_0_100M/U0/ACTIVE_LOW_PR_OUT_DFF[0].FDRE_PER_N/C
                            (rising edge-triggered cell FDRE clocked by clk_fpga_0  {rise@0.000ns fall@5.000ns period=10.000ns})
  Destination:            design_1_i/v_tc_0/U0/gen_v0chroma_start_reg[0]/D
                            (rising edge-triggered cell FDRE clocked by axi_dynclk_0_PXL_CLK_O  {rise@0.000ns fall@4.000ns period=10.000ns})
  Path Group:             axi_dynclk_0_PXL_CLK_O
  Path Type:              Setup (Max at Slow Process Corner)
  Requirement:            10.000ns  (MaxDelay Path 10.000ns)
  Data Path Delay:        3.942ns  (logic 0.580ns (14.713%)  route 3.362ns (85.287%))
  Logic Levels:           1  (LUT4=1)
  Timing Exception:       MaxDelay Path 10.000ns -datapath_only

    Location             Delay type                Incr(ns)  Path(ns)    Netlist Resource(s)
  -------------------------------------------------------------------    -------------------
    SLICE_X2Y65                                       0.000     0.000 r  design_1_i/rst_ps7_0_100M/U0/ACTIVE_LOW_PR_OUT_DFF[0].FDRE_PER_N/C
    SLICE_X2Y65          FDRE (Prop_fdre_C_Q)         0.456     0.456 r  design_1_i/rst_ps7_0_100M/U0/ACTIVE_LOW_PR_OUT_DFF[0].FDRE_PER_N/Q
                         net (fo=15, routed)          3.362     3.818    design_1_i/v_tc_0/U0/resetn
    SLICE_X32Y69         LUT4 (Prop_lut4_I1_O)        0.124     3.942 r  design_1_i/v_tc_0/U0/gen_v0chroma_start[0]_i_1/O
                         net (fo=1, routed)           0.000     3.942    design_1_i/v_tc_0/U0/gen_v0chroma_start[0]_i_1_n_0
    SLICE_X32Y69         FDRE                                         r  design_1_i/v_tc_0/U0/gen_v0chroma_start_reg[0]/D
  -------------------------------------------------------------------    -------------------

                         max delay                   10.000    10.000    
    SLICE_X32Y69         FDRE (Setup_fdre_C_D)        0.079    10.079    design_1_i/v_tc_0/U0/gen_v0chroma_start_reg[0]
  -------------------------------------------------------------------
                         required time                         10.079    
                         arrival time                          -3.942    
  -------------------------------------------------------------------
                         slack                                  6.137    

Slack (MET) :             6.305ns  (required time - arrival time)
  Source:                 design_1_i/rst_ps7_0_100M/U0/ACTIVE_LOW_PR_OUT_DFF[0].FDRE_PER_N/C
                            (rising edge-triggered cell FDRE clocked by clk_fpga_0  {rise@0.000ns fall@5.000ns period=10.000ns})
  Destination:            design_1_i/v_tc_0/U0/U_VIDEO_CTRL/AXI4_LITE_INTERFACE.soft_resetn_reg/D
                            (rising edge-triggered cell FDRE clocked by axi_dynclk_0_PXL_CLK_O  {rise@0.000ns fall@4.000ns period=10.000ns})
  Path Group:             axi_dynclk_0_PXL_CLK_O
  Path Type:              Setup (Max at Slow Process Corner)
  Requirement:            10.000ns  (MaxDelay Path 10.000ns)
  Data Path Delay:        3.726ns  (logic 0.580ns (15.566%)  route 3.146ns (84.434%))
  Logic Levels:           1  (LUT5=1)
  Timing Exception:       MaxDelay Path 10.000ns -datapath_only

    Location             Delay type                Incr(ns)  Path(ns)    Netlist Resource(s)
  -------------------------------------------------------------------    -------------------
    SLICE_X2Y65                                       0.000     0.000 r  design_1_i/rst_ps7_0_100M/U0/ACTIVE_LOW_PR_OUT_DFF[0].FDRE_PER_N/C
    SLICE_X2Y65          FDRE (Prop_fdre_C_Q)         0.456     0.456 r  design_1_i/rst_ps7_0_100M/U0/ACTIVE_LOW_PR_OUT_DFF[0].FDRE_PER_N/Q
                         net (fo=15, routed)          3.146     3.602    design_1_i/v_tc_0/U0/U_VIDEO_CTRL/AXI4_LITE_INTERFACE.SYNC2VIDCLK_I/vid_aresetn
    SLICE_X26Y70         LUT5 (Prop_lut5_I2_O)        0.124     3.726 r  design_1_i/v_tc_0/U0/U_VIDEO_CTRL/AXI4_LITE_INTERFACE.SYNC2VIDCLK_I/AXI4_LITE_INTERFACE.soft_resetn_i_1/O
                         net (fo=1, routed)           0.000     3.726    design_1_i/v_tc_0/U0/U_VIDEO_CTRL/soft_resetn0
    SLICE_X26Y70         FDRE                                         r  design_1_i/v_tc_0/U0/U_VIDEO_CTRL/AXI4_LITE_INTERFACE.soft_resetn_reg/D
  -------------------------------------------------------------------    -------------------

                         max delay                   10.000    10.000    
    SLICE_X26Y70         FDRE (Setup_fdre_C_D)        0.031    10.031    design_1_i/v_tc_0/U0/U_VIDEO_CTRL/AXI4_LITE_INTERFACE.soft_resetn_reg
  -------------------------------------------------------------------
                         required time                         10.031    
                         arrival time                          -3.726    
  -------------------------------------------------------------------
                         slack                                  6.305    

Slack (MET) :             6.490ns  (required time - arrival time)
  Source:                 design_1_i/rst_ps7_0_100M/U0/ACTIVE_LOW_PR_OUT_DFF[0].FDRE_PER_N/C
                            (rising edge-triggered cell FDRE clocked by clk_fpga_0  {rise@0.000ns fall@5.000ns period=10.000ns})
  Destination:            design_1_i/v_tc_0/U0/U_VIDEO_CTRL/AXI4_LITE_INTERFACE.write_ack_e2_reg/R
                            (rising edge-triggered cell FDRE clocked by axi_dynclk_0_PXL_CLK_O  {rise@0.000ns fall@4.000ns period=10.000ns})
  Path Group:             axi_dynclk_0_PXL_CLK_O
  Path Type:              Setup (Max at Slow Process Corner)
  Requirement:            10.000ns  (MaxDelay Path 10.000ns)
  Data Path Delay:        2.986ns  (logic 0.580ns (19.421%)  route 2.406ns (80.579%))
  Logic Levels:           1  (LUT1=1)
  Timing Exception:       MaxDelay Path 10.000ns -datapath_only

    Location             Delay type                Incr(ns)  Path(ns)    Netlist Resource(s)
  -------------------------------------------------------------------    -------------------
    SLICE_X2Y65                                       0.000     0.000 r  design_1_i/rst_ps7_0_100M/U0/ACTIVE_LOW_PR_OUT_DFF[0].FDRE_PER_N/C
    SLICE_X2Y65          FDRE (Prop_fdre_C_Q)         0.456     0.456 f  design_1_i/rst_ps7_0_100M/U0/ACTIVE_LOW_PR_OUT_DFF[0].FDRE_PER_N/Q
                         net (fo=15, routed)          1.084     1.540    design_1_i/v_tc_0/U0/U_VIDEO_CTRL/vid_aresetn
    SLICE_X11Y57         LUT1 (Prop_lut1_I0_O)        0.124     1.664 r  design_1_i/v_tc_0/U0/U_VIDEO_CTRL/AXI4_LITE_INTERFACE.write_ack_e1_i_1/O
                         net (fo=10, routed)          1.323     2.986    design_1_i/v_tc_0/U0/U_VIDEO_CTRL/AXI4_LITE_INTERFACE.write_ack_e1_i_1_n_0
    SLICE_X24Y54         FDRE                                         r  design_1_i/v_tc_0/U0/U_VIDEO_CTRL/AXI4_LITE_INTERFACE.write_ack_e2_reg/R
  -------------------------------------------------------------------    -------------------

                         max delay                   10.000    10.000    
    SLICE_X24Y54         FDRE (Setup_fdre_C_R)       -0.524     9.476    design_1_i/v_tc_0/U0/U_VIDEO_CTRL/AXI4_LITE_INTERFACE.write_ack_e2_reg
  -------------------------------------------------------------------
                         required time                          9.476    
                         arrival time                          -2.986    
  -------------------------------------------------------------------
                         slack                                  6.490    

Slack (MET) :             6.490ns  (required time - arrival time)
  Source:                 design_1_i/rst_ps7_0_100M/U0/ACTIVE_LOW_PR_OUT_DFF[0].FDRE_PER_N/C
                            (rising edge-triggered cell FDRE clocked by clk_fpga_0  {rise@0.000ns fall@5.000ns period=10.000ns})
  Destination:            design_1_i/v_tc_0/U0/U_VIDEO_CTRL/AXI4_LITE_INTERFACE.write_ack_int_reg/R
                            (rising edge-triggered cell FDRE clocked by axi_dynclk_0_PXL_CLK_O  {rise@0.000ns fall@4.000ns period=10.000ns})
  Path Group:             axi_dynclk_0_PXL_CLK_O
  Path Type:              Setup (Max at Slow Process Corner)
  Requirement:            10.000ns  (MaxDelay Path 10.000ns)
  Data Path Delay:        2.986ns  (logic 0.580ns (19.421%)  route 2.406ns (80.579%))
  Logic Levels:           1  (LUT1=1)
  Timing Exception:       MaxDelay Path 10.000ns -datapath_only

    Location             Delay type                Incr(ns)  Path(ns)    Netlist Resource(s)
  -------------------------------------------------------------------    -------------------
    SLICE_X2Y65                                       0.000     0.000 r  design_1_i/rst_ps7_0_100M/U0/ACTIVE_LOW_PR_OUT_DFF[0].FDRE_PER_N/C
    SLICE_X2Y65          FDRE (Prop_fdre_C_Q)         0.456     0.456 f  design_1_i/rst_ps7_0_100M/U0/ACTIVE_LOW_PR_OUT_DFF[0].FDRE_PER_N/Q
                         net (fo=15, routed)          1.084     1.540    design_1_i/v_tc_0/U0/U_VIDEO_CTRL/vid_aresetn
    SLICE_X11Y57         LUT1 (Prop_lut1_I0_O)        0.124     1.664 r  design_1_i/v_tc_0/U0/U_VIDEO_CTRL/AXI4_LITE_INTERFACE.write_ack_e1_i_1/O
                         net (fo=10, routed)          1.323     2.986    design_1_i/v_tc_0/U0/U_VIDEO_CTRL/AXI4_LITE_INTERFACE.write_ack_e1_i_1_n_0
    SLICE_X24Y54         FDRE                                         r  design_1_i/v_tc_0/U0/U_VIDEO_CTRL/AXI4_LITE_INTERFACE.write_ack_int_reg/R
  -------------------------------------------------------------------    -------------------

                         max delay                   10.000    10.000    
    SLICE_X24Y54         FDRE (Setup_fdre_C_R)       -0.524     9.476    design_1_i/v_tc_0/U0/U_VIDEO_CTRL/AXI4_LITE_INTERFACE.write_ack_int_reg
  -------------------------------------------------------------------
                         required time                          9.476    
                         arrival time                          -2.986    
  -------------------------------------------------------------------
                         slack                                  6.490    

Slack (MET) :             6.490ns  (required time - arrival time)
  Source:                 design_1_i/rst_ps7_0_100M/U0/ACTIVE_LOW_PR_OUT_DFF[0].FDRE_PER_N/C
                            (rising edge-triggered cell FDRE clocked by clk_fpga_0  {rise@0.000ns fall@5.000ns period=10.000ns})
  Destination:            design_1_i/v_tc_0/U0/U_VIDEO_CTRL/AXI4_LITE_INTERFACE.write_ack_reg/R
                            (rising edge-triggered cell FDRE clocked by axi_dynclk_0_PXL_CLK_O  {rise@0.000ns fall@4.000ns period=10.000ns})
  Path Group:             axi_dynclk_0_PXL_CLK_O
  Path Type:              Setup (Max at Slow Process Corner)
  Requirement:            10.000ns  (MaxDelay Path 10.000ns)
  Data Path Delay:        2.986ns  (logic 0.580ns (19.421%)  route 2.406ns (80.579%))
  Logic Levels:           1  (LUT1=1)
  Timing Exception:       MaxDelay Path 10.000ns -datapath_only

    Location             Delay type                Incr(ns)  Path(ns)    Netlist Resource(s)
  -------------------------------------------------------------------    -------------------
    SLICE_X2Y65                                       0.000     0.000 r  design_1_i/rst_ps7_0_100M/U0/ACTIVE_LOW_PR_OUT_DFF[0].FDRE_PER_N/C
    SLICE_X2Y65          FDRE (Prop_fdre_C_Q)         0.456     0.456 f  design_1_i/rst_ps7_0_100M/U0/ACTIVE_LOW_PR_OUT_DFF[0].FDRE_PER_N/Q
                         net (fo=15, routed)          1.084     1.540    design_1_i/v_tc_0/U0/U_VIDEO_CTRL/vid_aresetn
    SLICE_X11Y57         LUT1 (Prop_lut1_I0_O)        0.124     1.664 r  design_1_i/v_tc_0/U0/U_VIDEO_CTRL/AXI4_LITE_INTERFACE.write_ack_e1_i_1/O
                         net (fo=10, routed)          1.323     2.986    design_1_i/v_tc_0/U0/U_VIDEO_CTRL/AXI4_LITE_INTERFACE.write_ack_e1_i_1_n_0
    SLICE_X24Y54         FDRE                                         r  design_1_i/v_tc_0/U0/U_VIDEO_CTRL/AXI4_LITE_INTERFACE.write_ack_reg/R
  -------------------------------------------------------------------    -------------------

                         max delay                   10.000    10.000    
    SLICE_X24Y54         FDRE (Setup_fdre_C_R)       -0.524     9.476    design_1_i/v_tc_0/U0/U_VIDEO_CTRL/AXI4_LITE_INTERFACE.write_ack_reg
  -------------------------------------------------------------------
                         required time                          9.476    
                         arrival time                          -2.986    
  -------------------------------------------------------------------
                         slack                                  6.490    

Slack (MET) :             6.901ns  (required time - arrival time)
  Source:                 design_1_i/rst_ps7_0_100M/U0/ACTIVE_LOW_PR_OUT_DFF[0].FDRE_PER_N/C
                            (rising edge-triggered cell FDRE clocked by clk_fpga_0  {rise@0.000ns fall@5.000ns period=10.000ns})
  Destination:            design_1_i/v_tc_0/U0/U_VIDEO_CTRL/AXI4_LITE_INTERFACE.read_ack_d_reg[0]/R
                            (rising edge-triggered cell FDRE clocked by axi_dynclk_0_PXL_CLK_O  {rise@0.000ns fall@4.000ns period=10.000ns})
  Path Group:             axi_dynclk_0_PXL_CLK_O
  Path Type:              Setup (Max at Slow Process Corner)
  Requirement:            10.000ns  (MaxDelay Path 10.000ns)
  Data Path Delay:        2.670ns  (logic 0.580ns (21.725%)  route 2.090ns (78.275%))
  Logic Levels:           1  (LUT1=1)
  Timing Exception:       MaxDelay Path 10.000ns -datapath_only

    Location             Delay type                Incr(ns)  Path(ns)    Netlist Resource(s)
  -------------------------------------------------------------------    -------------------
    SLICE_X2Y65                                       0.000     0.000 r  design_1_i/rst_ps7_0_100M/U0/ACTIVE_LOW_PR_OUT_DFF[0].FDRE_PER_N/C
    SLICE_X2Y65          FDRE (Prop_fdre_C_Q)         0.456     0.456 f  design_1_i/rst_ps7_0_100M/U0/ACTIVE_LOW_PR_OUT_DFF[0].FDRE_PER_N/Q
                         net (fo=15, routed)          1.084     1.540    design_1_i/v_tc_0/U0/U_VIDEO_CTRL/vid_aresetn
    SLICE_X11Y57         LUT1 (Prop_lut1_I0_O)        0.124     1.664 r  design_1_i/v_tc_0/U0/U_VIDEO_CTRL/AXI4_LITE_INTERFACE.write_ack_e1_i_1/O
                         net (fo=10, routed)          1.006     2.670    design_1_i/v_tc_0/U0/U_VIDEO_CTRL/AXI4_LITE_INTERFACE.write_ack_e1_i_1_n_0
    SLICE_X23Y54         FDRE                                         r  design_1_i/v_tc_0/U0/U_VIDEO_CTRL/AXI4_LITE_INTERFACE.read_ack_d_reg[0]/R
  -------------------------------------------------------------------    -------------------

                         max delay                   10.000    10.000    
    SLICE_X23Y54         FDRE (Setup_fdre_C_R)       -0.429     9.571    design_1_i/v_tc_0/U0/U_VIDEO_CTRL/AXI4_LITE_INTERFACE.read_ack_d_reg[0]
  -------------------------------------------------------------------
                         required time                          9.571    
                         arrival time                          -2.670    
  -------------------------------------------------------------------
                         slack                                  6.901    

Slack (MET) :             6.901ns  (required time - arrival time)
  Source:                 design_1_i/rst_ps7_0_100M/U0/ACTIVE_LOW_PR_OUT_DFF[0].FDRE_PER_N/C
                            (rising edge-triggered cell FDRE clocked by clk_fpga_0  {rise@0.000ns fall@5.000ns period=10.000ns})
  Destination:            design_1_i/v_tc_0/U0/U_VIDEO_CTRL/AXI4_LITE_INTERFACE.read_ack_d_reg[1]/R
                            (rising edge-triggered cell FDRE clocked by axi_dynclk_0_PXL_CLK_O  {rise@0.000ns fall@4.000ns period=10.000ns})
  Path Group:             axi_dynclk_0_PXL_CLK_O
  Path Type:              Setup (Max at Slow Process Corner)
  Requirement:            10.000ns  (MaxDelay Path 10.000ns)
  Data Path Delay:        2.670ns  (logic 0.580ns (21.725%)  route 2.090ns (78.275%))
  Logic Levels:           1  (LUT1=1)
  Timing Exception:       MaxDelay Path 10.000ns -datapath_only

    Location             Delay type                Incr(ns)  Path(ns)    Netlist Resource(s)
  -------------------------------------------------------------------    -------------------
    SLICE_X2Y65                                       0.000     0.000 r  design_1_i/rst_ps7_0_100M/U0/ACTIVE_LOW_PR_OUT_DFF[0].FDRE_PER_N/C
    SLICE_X2Y65          FDRE (Prop_fdre_C_Q)         0.456     0.456 f  design_1_i/rst_ps7_0_100M/U0/ACTIVE_LOW_PR_OUT_DFF[0].FDRE_PER_N/Q
                         net (fo=15, routed)          1.084     1.540    design_1_i/v_tc_0/U0/U_VIDEO_CTRL/vid_aresetn
    SLICE_X11Y57         LUT1 (Prop_lut1_I0_O)        0.124     1.664 r  design_1_i/v_tc_0/U0/U_VIDEO_CTRL/AXI4_LITE_INTERFACE.write_ack_e1_i_1/O
                         net (fo=10, routed)          1.006     2.670    design_1_i/v_tc_0/U0/U_VIDEO_CTRL/AXI4_LITE_INTERFACE.write_ack_e1_i_1_n_0
    SLICE_X23Y54         FDRE                                         r  design_1_i/v_tc_0/U0/U_VIDEO_CTRL/AXI4_LITE_INTERFACE.read_ack_d_reg[1]/R
  -------------------------------------------------------------------    -------------------

                         max delay                   10.000    10.000    
    SLICE_X23Y54         FDRE (Setup_fdre_C_R)       -0.429     9.571    design_1_i/v_tc_0/U0/U_VIDEO_CTRL/AXI4_LITE_INTERFACE.read_ack_d_reg[1]
  -------------------------------------------------------------------
                         required time                          9.571    
                         arrival time                          -2.670    
  -------------------------------------------------------------------
                         slack                                  6.901    

Slack (MET) :             6.901ns  (required time - arrival time)
  Source:                 design_1_i/rst_ps7_0_100M/U0/ACTIVE_LOW_PR_OUT_DFF[0].FDRE_PER_N/C
                            (rising edge-triggered cell FDRE clocked by clk_fpga_0  {rise@0.000ns fall@5.000ns period=10.000ns})
  Destination:            design_1_i/v_tc_0/U0/U_VIDEO_CTRL/AXI4_LITE_INTERFACE.read_ack_d_reg[2]/R
                            (rising edge-triggered cell FDRE clocked by axi_dynclk_0_PXL_CLK_O  {rise@0.000ns fall@4.000ns period=10.000ns})
  Path Group:             axi_dynclk_0_PXL_CLK_O
  Path Type:              Setup (Max at Slow Process Corner)
  Requirement:            10.000ns  (MaxDelay Path 10.000ns)
  Data Path Delay:        2.670ns  (logic 0.580ns (21.725%)  route 2.090ns (78.275%))
  Logic Levels:           1  (LUT1=1)
  Timing Exception:       MaxDelay Path 10.000ns -datapath_only

    Location             Delay type                Incr(ns)  Path(ns)    Netlist Resource(s)
  -------------------------------------------------------------------    -------------------
    SLICE_X2Y65                                       0.000     0.000 r  design_1_i/rst_ps7_0_100M/U0/ACTIVE_LOW_PR_OUT_DFF[0].FDRE_PER_N/C
    SLICE_X2Y65          FDRE (Prop_fdre_C_Q)         0.456     0.456 f  design_1_i/rst_ps7_0_100M/U0/ACTIVE_LOW_PR_OUT_DFF[0].FDRE_PER_N/Q
                         net (fo=15, routed)          1.084     1.540    design_1_i/v_tc_0/U0/U_VIDEO_CTRL/vid_aresetn
    SLICE_X11Y57         LUT1 (Prop_lut1_I0_O)        0.124     1.664 r  design_1_i/v_tc_0/U0/U_VIDEO_CTRL/AXI4_LITE_INTERFACE.write_ack_e1_i_1/O
                         net (fo=10, routed)          1.006     2.670    design_1_i/v_tc_0/U0/U_VIDEO_CTRL/AXI4_LITE_INTERFACE.write_ack_e1_i_1_n_0
    SLICE_X23Y54         FDRE                                         r  design_1_i/v_tc_0/U0/U_VIDEO_CTRL/AXI4_LITE_INTERFACE.read_ack_d_reg[2]/R
  -------------------------------------------------------------------    -------------------

                         max delay                   10.000    10.000    
    SLICE_X23Y54         FDRE (Setup_fdre_C_R)       -0.429     9.571    design_1_i/v_tc_0/U0/U_VIDEO_CTRL/AXI4_LITE_INTERFACE.read_ack_d_reg[2]
  -------------------------------------------------------------------
                         required time                          9.571    
                         arrival time                          -2.670    
  -------------------------------------------------------------------
                         slack                                  6.901    

Slack (MET) :             6.901ns  (required time - arrival time)
  Source:                 design_1_i/rst_ps7_0_100M/U0/ACTIVE_LOW_PR_OUT_DFF[0].FDRE_PER_N/C
                            (rising edge-triggered cell FDRE clocked by clk_fpga_0  {rise@0.000ns fall@5.000ns period=10.000ns})
  Destination:            design_1_i/v_tc_0/U0/U_VIDEO_CTRL/AXI4_LITE_INTERFACE.read_ack_d_reg[3]/R
                            (rising edge-triggered cell FDRE clocked by axi_dynclk_0_PXL_CLK_O  {rise@0.000ns fall@4.000ns period=10.000ns})
  Path Group:             axi_dynclk_0_PXL_CLK_O
  Path Type:              Setup (Max at Slow Process Corner)
  Requirement:            10.000ns  (MaxDelay Path 10.000ns)
  Data Path Delay:        2.670ns  (logic 0.580ns (21.725%)  route 2.090ns (78.275%))
  Logic Levels:           1  (LUT1=1)
  Timing Exception:       MaxDelay Path 10.000ns -datapath_only

    Location             Delay type                Incr(ns)  Path(ns)    Netlist Resource(s)
  -------------------------------------------------------------------    -------------------
    SLICE_X2Y65                                       0.000     0.000 r  design_1_i/rst_ps7_0_100M/U0/ACTIVE_LOW_PR_OUT_DFF[0].FDRE_PER_N/C
    SLICE_X2Y65          FDRE (Prop_fdre_C_Q)         0.456     0.456 f  design_1_i/rst_ps7_0_100M/U0/ACTIVE_LOW_PR_OUT_DFF[0].FDRE_PER_N/Q
                         net (fo=15, routed)          1.084     1.540    design_1_i/v_tc_0/U0/U_VIDEO_CTRL/vid_aresetn
    SLICE_X11Y57         LUT1 (Prop_lut1_I0_O)        0.124     1.664 r  design_1_i/v_tc_0/U0/U_VIDEO_CTRL/AXI4_LITE_INTERFACE.write_ack_e1_i_1/O
                         net (fo=10, routed)          1.006     2.670    design_1_i/v_tc_0/U0/U_VIDEO_CTRL/AXI4_LITE_INTERFACE.write_ack_e1_i_1_n_0
    SLICE_X23Y54         FDRE                                         r  design_1_i/v_tc_0/U0/U_VIDEO_CTRL/AXI4_LITE_INTERFACE.read_ack_d_reg[3]/R
  -------------------------------------------------------------------    -------------------

                         max delay                   10.000    10.000    
    SLICE_X23Y54         FDRE (Setup_fdre_C_R)       -0.429     9.571    design_1_i/v_tc_0/U0/U_VIDEO_CTRL/AXI4_LITE_INTERFACE.read_ack_d_reg[3]
  -------------------------------------------------------------------
                         required time                          9.571    
                         arrival time                          -2.670    
  -------------------------------------------------------------------
                         slack                                  6.901    

Slack (MET) :             6.901ns  (required time - arrival time)
  Source:                 design_1_i/rst_ps7_0_100M/U0/ACTIVE_LOW_PR_OUT_DFF[0].FDRE_PER_N/C
                            (rising edge-triggered cell FDRE clocked by clk_fpga_0  {rise@0.000ns fall@5.000ns period=10.000ns})
  Destination:            design_1_i/v_tc_0/U0/U_VIDEO_CTRL/AXI4_LITE_INTERFACE.read_ack_d_reg[4]/R
                            (rising edge-triggered cell FDRE clocked by axi_dynclk_0_PXL_CLK_O  {rise@0.000ns fall@4.000ns period=10.000ns})
  Path Group:             axi_dynclk_0_PXL_CLK_O
  Path Type:              Setup (Max at Slow Process Corner)
  Requirement:            10.000ns  (MaxDelay Path 10.000ns)
  Data Path Delay:        2.670ns  (logic 0.580ns (21.725%)  route 2.090ns (78.275%))
  Logic Levels:           1  (LUT1=1)
  Timing Exception:       MaxDelay Path 10.000ns -datapath_only

    Location             Delay type                Incr(ns)  Path(ns)    Netlist Resource(s)
  -------------------------------------------------------------------    -------------------
    SLICE_X2Y65                                       0.000     0.000 r  design_1_i/rst_ps7_0_100M/U0/ACTIVE_LOW_PR_OUT_DFF[0].FDRE_PER_N/C
    SLICE_X2Y65          FDRE (Prop_fdre_C_Q)         0.456     0.456 f  design_1_i/rst_ps7_0_100M/U0/ACTIVE_LOW_PR_OUT_DFF[0].FDRE_PER_N/Q
                         net (fo=15, routed)          1.084     1.540    design_1_i/v_tc_0/U0/U_VIDEO_CTRL/vid_aresetn
    SLICE_X11Y57         LUT1 (Prop_lut1_I0_O)        0.124     1.664 r  design_1_i/v_tc_0/U0/U_VIDEO_CTRL/AXI4_LITE_INTERFACE.write_ack_e1_i_1/O
                         net (fo=10, routed)          1.006     2.670    design_1_i/v_tc_0/U0/U_VIDEO_CTRL/AXI4_LITE_INTERFACE.write_ack_e1_i_1_n_0
    SLICE_X23Y54         FDRE                                         r  design_1_i/v_tc_0/U0/U_VIDEO_CTRL/AXI4_LITE_INTERFACE.read_ack_d_reg[4]/R
  -------------------------------------------------------------------    -------------------

                         max delay                   10.000    10.000    
    SLICE_X23Y54         FDRE (Setup_fdre_C_R)       -0.429     9.571    design_1_i/v_tc_0/U0/U_VIDEO_CTRL/AXI4_LITE_INTERFACE.read_ack_d_reg[4]
  -------------------------------------------------------------------
                         required time                          9.571    
                         arrival time                          -2.670    
  -------------------------------------------------------------------
                         slack                                  6.901    





---------------------------------------------------------------------------------------------------
From Clock:  clk_fpga_1
  To Clock:  axi_dynclk_0_PXL_CLK_O

Setup :            0  Failing Endpoints,  Worst Slack        5.440ns,  Total Violation        0.000ns
Hold  :           NA  Failing Endpoints,  Worst Slack           NA  ,  Total Violation           NA
---------------------------------------------------------------------------------------------------


Max Delay Paths
--------------------------------------------------------------------------------------
Slack (MET) :             5.440ns  (required time - arrival time)
  Source:                 design_1_i/v_axi4s_vid_out_0/inst/COUPLER_INST/generate_async_fifo.FIFO_INST/XPM_FIFO_ASYNC_INST/gnuram_async_fifo.xpm_fifo_base_inst/gen_cdc_pntr.wr_pntr_cdc_dc_inst/src_gray_ff_reg[11]/C
                            (rising edge-triggered cell FDRE clocked by clk_fpga_1  {rise@0.000ns fall@3.500ns period=7.000ns})
  Destination:            design_1_i/v_axi4s_vid_out_0/inst/COUPLER_INST/generate_async_fifo.FIFO_INST/XPM_FIFO_ASYNC_INST/gnuram_async_fifo.xpm_fifo_base_inst/gen_cdc_pntr.wr_pntr_cdc_dc_inst/dest_graysync_ff_reg[0][11]/D
                            (rising edge-triggered cell FDRE clocked by axi_dynclk_0_PXL_CLK_O  {rise@0.000ns fall@4.000ns period=10.000ns})
  Path Group:             axi_dynclk_0_PXL_CLK_O
  Path Type:              Setup (Max at Slow Process Corner)
  Requirement:            7.000ns  (MaxDelay Path 7.000ns)
  Data Path Delay:        1.284ns  (logic 0.478ns (37.240%)  route 0.806ns (62.760%))
  Logic Levels:           0  
  Timing Exception:       MaxDelay Path 7.000ns -datapath_only

    Location             Delay type                Incr(ns)  Path(ns)    Netlist Resource(s)
  -------------------------------------------------------------------    -------------------
    SLICE_X32Y54                                      0.000     0.000 r  design_1_i/v_axi4s_vid_out_0/inst/COUPLER_INST/generate_async_fifo.FIFO_INST/XPM_FIFO_ASYNC_INST/gnuram_async_fifo.xpm_fifo_base_inst/gen_cdc_pntr.wr_pntr_cdc_dc_inst/src_gray_ff_reg[11]/C
    SLICE_X32Y54         FDRE (Prop_fdre_C_Q)         0.478     0.478 r  design_1_i/v_axi4s_vid_out_0/inst/COUPLER_INST/generate_async_fifo.FIFO_INST/XPM_FIFO_ASYNC_INST/gnuram_async_fifo.xpm_fifo_base_inst/gen_cdc_pntr.wr_pntr_cdc_dc_inst/src_gray_ff_reg[11]/Q
                         net (fo=1, routed)           0.806     1.284    design_1_i/v_axi4s_vid_out_0/inst/COUPLER_INST/generate_async_fifo.FIFO_INST/XPM_FIFO_ASYNC_INST/gnuram_async_fifo.xpm_fifo_base_inst/gen_cdc_pntr.wr_pntr_cdc_dc_inst/async_path[11]
    SLICE_X35Y54         FDRE                                         r  design_1_i/v_axi4s_vid_out_0/inst/COUPLER_INST/generate_async_fifo.FIFO_INST/XPM_FIFO_ASYNC_INST/gnuram_async_fifo.xpm_fifo_base_inst/gen_cdc_pntr.wr_pntr_cdc_dc_inst/dest_graysync_ff_reg[0][11]/D
  -------------------------------------------------------------------    -------------------

                         max delay                    7.000     7.000    
    SLICE_X35Y54         FDRE (Setup_fdre_C_D)       -0.276     6.724    design_1_i/v_axi4s_vid_out_0/inst/COUPLER_INST/generate_async_fifo.FIFO_INST/XPM_FIFO_ASYNC_INST/gnuram_async_fifo.xpm_fifo_base_inst/gen_cdc_pntr.wr_pntr_cdc_dc_inst/dest_graysync_ff_reg[0][11]
  -------------------------------------------------------------------
                         required time                          6.724    
                         arrival time                          -1.284    
  -------------------------------------------------------------------
                         slack                                  5.440    

Slack (MET) :             5.451ns  (required time - arrival time)
  Source:                 design_1_i/v_axi4s_vid_out_0/inst/COUPLER_INST/generate_async_fifo.FIFO_INST/XPM_FIFO_ASYNC_INST/gnuram_async_fifo.xpm_fifo_base_inst/gen_cdc_pntr.wr_pntr_cdc_inst/src_gray_ff_reg[5]/C
                            (rising edge-triggered cell FDRE clocked by clk_fpga_1  {rise@0.000ns fall@3.500ns period=7.000ns})
  Destination:            design_1_i/v_axi4s_vid_out_0/inst/COUPLER_INST/generate_async_fifo.FIFO_INST/XPM_FIFO_ASYNC_INST/gnuram_async_fifo.xpm_fifo_base_inst/gen_cdc_pntr.wr_pntr_cdc_inst/dest_graysync_ff_reg[0][5]/D
                            (rising edge-triggered cell FDRE clocked by axi_dynclk_0_PXL_CLK_O  {rise@0.000ns fall@4.000ns period=10.000ns})
  Path Group:             axi_dynclk_0_PXL_CLK_O
  Path Type:              Setup (Max at Slow Process Corner)
  Requirement:            7.000ns  (MaxDelay Path 7.000ns)
  Data Path Delay:        1.281ns  (logic 0.419ns (32.721%)  route 0.862ns (67.279%))
  Logic Levels:           0  
  Timing Exception:       MaxDelay Path 7.000ns -datapath_only

    Location             Delay type                Incr(ns)  Path(ns)    Netlist Resource(s)
  -------------------------------------------------------------------    -------------------
    SLICE_X26Y54                                      0.000     0.000 r  design_1_i/v_axi4s_vid_out_0/inst/COUPLER_INST/generate_async_fifo.FIFO_INST/XPM_FIFO_ASYNC_INST/gnuram_async_fifo.xpm_fifo_base_inst/gen_cdc_pntr.wr_pntr_cdc_inst/src_gray_ff_reg[5]/C
    SLICE_X26Y54         FDRE (Prop_fdre_C_Q)         0.419     0.419 r  design_1_i/v_axi4s_vid_out_0/inst/COUPLER_INST/generate_async_fifo.FIFO_INST/XPM_FIFO_ASYNC_INST/gnuram_async_fifo.xpm_fifo_base_inst/gen_cdc_pntr.wr_pntr_cdc_inst/src_gray_ff_reg[5]/Q
                         net (fo=1, routed)           0.862     1.281    design_1_i/v_axi4s_vid_out_0/inst/COUPLER_INST/generate_async_fifo.FIFO_INST/XPM_FIFO_ASYNC_INST/gnuram_async_fifo.xpm_fifo_base_inst/gen_cdc_pntr.wr_pntr_cdc_inst/async_path[5]
    SLICE_X26Y53         FDRE                                         r  design_1_i/v_axi4s_vid_out_0/inst/COUPLER_INST/generate_async_fifo.FIFO_INST/XPM_FIFO_ASYNC_INST/gnuram_async_fifo.xpm_fifo_base_inst/gen_cdc_pntr.wr_pntr_cdc_inst/dest_graysync_ff_reg[0][5]/D
  -------------------------------------------------------------------    -------------------

                         max delay                    7.000     7.000    
    SLICE_X26Y53         FDRE (Setup_fdre_C_D)       -0.268     6.732    design_1_i/v_axi4s_vid_out_0/inst/COUPLER_INST/generate_async_fifo.FIFO_INST/XPM_FIFO_ASYNC_INST/gnuram_async_fifo.xpm_fifo_base_inst/gen_cdc_pntr.wr_pntr_cdc_inst/dest_graysync_ff_reg[0][5]
  -------------------------------------------------------------------
                         required time                          6.732    
                         arrival time                          -1.281    
  -------------------------------------------------------------------
                         slack                                  5.451    

Slack (MET) :             5.508ns  (required time - arrival time)
  Source:                 design_1_i/v_axi4s_vid_out_0/inst/COUPLER_INST/generate_async_fifo.FIFO_INST/XPM_FIFO_ASYNC_INST/gnuram_async_fifo.xpm_fifo_base_inst/gen_cdc_pntr.wr_pntr_cdc_dc_inst/src_gray_ff_reg[7]/C
                            (rising edge-triggered cell FDRE clocked by clk_fpga_1  {rise@0.000ns fall@3.500ns period=7.000ns})
  Destination:            design_1_i/v_axi4s_vid_out_0/inst/COUPLER_INST/generate_async_fifo.FIFO_INST/XPM_FIFO_ASYNC_INST/gnuram_async_fifo.xpm_fifo_base_inst/gen_cdc_pntr.wr_pntr_cdc_dc_inst/dest_graysync_ff_reg[0][7]/D
                            (rising edge-triggered cell FDRE clocked by axi_dynclk_0_PXL_CLK_O  {rise@0.000ns fall@4.000ns period=10.000ns})
  Path Group:             axi_dynclk_0_PXL_CLK_O
  Path Type:              Setup (Max at Slow Process Corner)
  Requirement:            7.000ns  (MaxDelay Path 7.000ns)
  Data Path Delay:        1.225ns  (logic 0.419ns (34.200%)  route 0.806ns (65.800%))
  Logic Levels:           0  
  Timing Exception:       MaxDelay Path 7.000ns -datapath_only

    Location             Delay type                Incr(ns)  Path(ns)    Netlist Resource(s)
  -------------------------------------------------------------------    -------------------
    SLICE_X35Y52                                      0.000     0.000 r  design_1_i/v_axi4s_vid_out_0/inst/COUPLER_INST/generate_async_fifo.FIFO_INST/XPM_FIFO_ASYNC_INST/gnuram_async_fifo.xpm_fifo_base_inst/gen_cdc_pntr.wr_pntr_cdc_dc_inst/src_gray_ff_reg[7]/C
    SLICE_X35Y52         FDRE (Prop_fdre_C_Q)         0.419     0.419 r  design_1_i/v_axi4s_vid_out_0/inst/COUPLER_INST/generate_async_fifo.FIFO_INST/XPM_FIFO_ASYNC_INST/gnuram_async_fifo.xpm_fifo_base_inst/gen_cdc_pntr.wr_pntr_cdc_dc_inst/src_gray_ff_reg[7]/Q
                         net (fo=1, routed)           0.806     1.225    design_1_i/v_axi4s_vid_out_0/inst/COUPLER_INST/generate_async_fifo.FIFO_INST/XPM_FIFO_ASYNC_INST/gnuram_async_fifo.xpm_fifo_base_inst/gen_cdc_pntr.wr_pntr_cdc_dc_inst/async_path[7]
    SLICE_X36Y52         FDRE                                         r  design_1_i/v_axi4s_vid_out_0/inst/COUPLER_INST/generate_async_fifo.FIFO_INST/XPM_FIFO_ASYNC_INST/gnuram_async_fifo.xpm_fifo_base_inst/gen_cdc_pntr.wr_pntr_cdc_dc_inst/dest_graysync_ff_reg[0][7]/D
  -------------------------------------------------------------------    -------------------

                         max delay                    7.000     7.000    
    SLICE_X36Y52         FDRE (Setup_fdre_C_D)       -0.267     6.733    design_1_i/v_axi4s_vid_out_0/inst/COUPLER_INST/generate_async_fifo.FIFO_INST/XPM_FIFO_ASYNC_INST/gnuram_async_fifo.xpm_fifo_base_inst/gen_cdc_pntr.wr_pntr_cdc_dc_inst/dest_graysync_ff_reg[0][7]
  -------------------------------------------------------------------
                         required time                          6.733    
                         arrival time                          -1.225    
  -------------------------------------------------------------------
                         slack                                  5.508    

Slack (MET) :             5.627ns  (required time - arrival time)
  Source:                 design_1_i/v_axi4s_vid_out_0/inst/COUPLER_INST/generate_async_fifo.FIFO_INST/XPM_FIFO_ASYNC_INST/gnuram_async_fifo.xpm_fifo_base_inst/gen_cdc_pntr.wr_pntr_cdc_dc_inst/src_gray_ff_reg[6]/C
                            (rising edge-triggered cell FDRE clocked by clk_fpga_1  {rise@0.000ns fall@3.500ns period=7.000ns})
  Destination:            design_1_i/v_axi4s_vid_out_0/inst/COUPLER_INST/generate_async_fifo.FIFO_INST/XPM_FIFO_ASYNC_INST/gnuram_async_fifo.xpm_fifo_base_inst/gen_cdc_pntr.wr_pntr_cdc_dc_inst/dest_graysync_ff_reg[0][6]/D
                            (rising edge-triggered cell FDRE clocked by axi_dynclk_0_PXL_CLK_O  {rise@0.000ns fall@4.000ns period=10.000ns})
  Path Group:             axi_dynclk_0_PXL_CLK_O
  Path Type:              Setup (Max at Slow Process Corner)
  Requirement:            7.000ns  (MaxDelay Path 7.000ns)
  Data Path Delay:        1.278ns  (logic 0.456ns (35.677%)  route 0.822ns (64.323%))
  Logic Levels:           0  
  Timing Exception:       MaxDelay Path 7.000ns -datapath_only

    Location             Delay type                Incr(ns)  Path(ns)    Netlist Resource(s)
  -------------------------------------------------------------------    -------------------
    SLICE_X35Y52                                      0.000     0.000 r  design_1_i/v_axi4s_vid_out_0/inst/COUPLER_INST/generate_async_fifo.FIFO_INST/XPM_FIFO_ASYNC_INST/gnuram_async_fifo.xpm_fifo_base_inst/gen_cdc_pntr.wr_pntr_cdc_dc_inst/src_gray_ff_reg[6]/C
    SLICE_X35Y52         FDRE (Prop_fdre_C_Q)         0.456     0.456 r  design_1_i/v_axi4s_vid_out_0/inst/COUPLER_INST/generate_async_fifo.FIFO_INST/XPM_FIFO_ASYNC_INST/gnuram_async_fifo.xpm_fifo_base_inst/gen_cdc_pntr.wr_pntr_cdc_dc_inst/src_gray_ff_reg[6]/Q
                         net (fo=1, routed)           0.822     1.278    design_1_i/v_axi4s_vid_out_0/inst/COUPLER_INST/generate_async_fifo.FIFO_INST/XPM_FIFO_ASYNC_INST/gnuram_async_fifo.xpm_fifo_base_inst/gen_cdc_pntr.wr_pntr_cdc_dc_inst/async_path[6]
    SLICE_X41Y52         FDRE                                         r  design_1_i/v_axi4s_vid_out_0/inst/COUPLER_INST/generate_async_fifo.FIFO_INST/XPM_FIFO_ASYNC_INST/gnuram_async_fifo.xpm_fifo_base_inst/gen_cdc_pntr.wr_pntr_cdc_dc_inst/dest_graysync_ff_reg[0][6]/D
  -------------------------------------------------------------------    -------------------

                         max delay                    7.000     7.000    
    SLICE_X41Y52         FDRE (Setup_fdre_C_D)       -0.095     6.905    design_1_i/v_axi4s_vid_out_0/inst/COUPLER_INST/generate_async_fifo.FIFO_INST/XPM_FIFO_ASYNC_INST/gnuram_async_fifo.xpm_fifo_base_inst/gen_cdc_pntr.wr_pntr_cdc_dc_inst/dest_graysync_ff_reg[0][6]
  -------------------------------------------------------------------
                         required time                          6.905    
                         arrival time                          -1.278    
  -------------------------------------------------------------------
                         slack                                  5.627    

Slack (MET) :             5.635ns  (required time - arrival time)
  Source:                 design_1_i/v_axi4s_vid_out_0/inst/COUPLER_INST/generate_async_fifo.FIFO_INST/XPM_FIFO_ASYNC_INST/gnuram_async_fifo.xpm_fifo_base_inst/gen_cdc_pntr.wr_pntr_cdc_inst/src_gray_ff_reg[8]/C
                            (rising edge-triggered cell FDRE clocked by clk_fpga_1  {rise@0.000ns fall@3.500ns period=7.000ns})
  Destination:            design_1_i/v_axi4s_vid_out_0/inst/COUPLER_INST/generate_async_fifo.FIFO_INST/XPM_FIFO_ASYNC_INST/gnuram_async_fifo.xpm_fifo_base_inst/gen_cdc_pntr.wr_pntr_cdc_inst/dest_graysync_ff_reg[0][8]/D
                            (rising edge-triggered cell FDRE clocked by axi_dynclk_0_PXL_CLK_O  {rise@0.000ns fall@4.000ns period=10.000ns})
  Path Group:             axi_dynclk_0_PXL_CLK_O
  Path Type:              Setup (Max at Slow Process Corner)
  Requirement:            7.000ns  (MaxDelay Path 7.000ns)
  Data Path Delay:        1.270ns  (logic 0.456ns (35.916%)  route 0.814ns (64.084%))
  Logic Levels:           0  
  Timing Exception:       MaxDelay Path 7.000ns -datapath_only

    Location             Delay type                Incr(ns)  Path(ns)    Netlist Resource(s)
  -------------------------------------------------------------------    -------------------
    SLICE_X29Y54                                      0.000     0.000 r  design_1_i/v_axi4s_vid_out_0/inst/COUPLER_INST/generate_async_fifo.FIFO_INST/XPM_FIFO_ASYNC_INST/gnuram_async_fifo.xpm_fifo_base_inst/gen_cdc_pntr.wr_pntr_cdc_inst/src_gray_ff_reg[8]/C
    SLICE_X29Y54         FDRE (Prop_fdre_C_Q)         0.456     0.456 r  design_1_i/v_axi4s_vid_out_0/inst/COUPLER_INST/generate_async_fifo.FIFO_INST/XPM_FIFO_ASYNC_INST/gnuram_async_fifo.xpm_fifo_base_inst/gen_cdc_pntr.wr_pntr_cdc_inst/src_gray_ff_reg[8]/Q
                         net (fo=1, routed)           0.814     1.270    design_1_i/v_axi4s_vid_out_0/inst/COUPLER_INST/generate_async_fifo.FIFO_INST/XPM_FIFO_ASYNC_INST/gnuram_async_fifo.xpm_fifo_base_inst/gen_cdc_pntr.wr_pntr_cdc_inst/async_path[8]
    SLICE_X29Y55         FDRE                                         r  design_1_i/v_axi4s_vid_out_0/inst/COUPLER_INST/generate_async_fifo.FIFO_INST/XPM_FIFO_ASYNC_INST/gnuram_async_fifo.xpm_fifo_base_inst/gen_cdc_pntr.wr_pntr_cdc_inst/dest_graysync_ff_reg[0][8]/D
  -------------------------------------------------------------------    -------------------

                         max delay                    7.000     7.000    
    SLICE_X29Y55         FDRE (Setup_fdre_C_D)       -0.095     6.905    design_1_i/v_axi4s_vid_out_0/inst/COUPLER_INST/generate_async_fifo.FIFO_INST/XPM_FIFO_ASYNC_INST/gnuram_async_fifo.xpm_fifo_base_inst/gen_cdc_pntr.wr_pntr_cdc_inst/dest_graysync_ff_reg[0][8]
  -------------------------------------------------------------------
                         required time                          6.905    
                         arrival time                          -1.270    
  -------------------------------------------------------------------
                         slack                                  5.635    

Slack (MET) :             5.636ns  (required time - arrival time)
  Source:                 design_1_i/v_axi4s_vid_out_0/inst/COUPLER_INST/generate_async_fifo.FIFO_INST/XPM_FIFO_ASYNC_INST/gnuram_async_fifo.xpm_fifo_base_inst/gen_cdc_pntr.wr_pntr_cdc_dc_inst/src_gray_ff_reg[1]/C
                            (rising edge-triggered cell FDRE clocked by clk_fpga_1  {rise@0.000ns fall@3.500ns period=7.000ns})
  Destination:            design_1_i/v_axi4s_vid_out_0/inst/COUPLER_INST/generate_async_fifo.FIFO_INST/XPM_FIFO_ASYNC_INST/gnuram_async_fifo.xpm_fifo_base_inst/gen_cdc_pntr.wr_pntr_cdc_dc_inst/dest_graysync_ff_reg[0][1]/D
                            (rising edge-triggered cell FDRE clocked by axi_dynclk_0_PXL_CLK_O  {rise@0.000ns fall@4.000ns period=10.000ns})
  Path Group:             axi_dynclk_0_PXL_CLK_O
  Path Type:              Setup (Max at Slow Process Corner)
  Requirement:            7.000ns  (MaxDelay Path 7.000ns)
  Data Path Delay:        1.094ns  (logic 0.419ns (38.298%)  route 0.675ns (61.702%))
  Logic Levels:           0  
  Timing Exception:       MaxDelay Path 7.000ns -datapath_only

    Location             Delay type                Incr(ns)  Path(ns)    Netlist Resource(s)
  -------------------------------------------------------------------    -------------------
    SLICE_X35Y51                                      0.000     0.000 r  design_1_i/v_axi4s_vid_out_0/inst/COUPLER_INST/generate_async_fifo.FIFO_INST/XPM_FIFO_ASYNC_INST/gnuram_async_fifo.xpm_fifo_base_inst/gen_cdc_pntr.wr_pntr_cdc_dc_inst/src_gray_ff_reg[1]/C
    SLICE_X35Y51         FDRE (Prop_fdre_C_Q)         0.419     0.419 r  design_1_i/v_axi4s_vid_out_0/inst/COUPLER_INST/generate_async_fifo.FIFO_INST/XPM_FIFO_ASYNC_INST/gnuram_async_fifo.xpm_fifo_base_inst/gen_cdc_pntr.wr_pntr_cdc_dc_inst/src_gray_ff_reg[1]/Q
                         net (fo=1, routed)           0.675     1.094    design_1_i/v_axi4s_vid_out_0/inst/COUPLER_INST/generate_async_fifo.FIFO_INST/XPM_FIFO_ASYNC_INST/gnuram_async_fifo.xpm_fifo_base_inst/gen_cdc_pntr.wr_pntr_cdc_dc_inst/async_path[1]
    SLICE_X39Y51         FDRE                                         r  design_1_i/v_axi4s_vid_out_0/inst/COUPLER_INST/generate_async_fifo.FIFO_INST/XPM_FIFO_ASYNC_INST/gnuram_async_fifo.xpm_fifo_base_inst/gen_cdc_pntr.wr_pntr_cdc_dc_inst/dest_graysync_ff_reg[0][1]/D
  -------------------------------------------------------------------    -------------------

                         max delay                    7.000     7.000    
    SLICE_X39Y51         FDRE (Setup_fdre_C_D)       -0.270     6.730    design_1_i/v_axi4s_vid_out_0/inst/COUPLER_INST/generate_async_fifo.FIFO_INST/XPM_FIFO_ASYNC_INST/gnuram_async_fifo.xpm_fifo_base_inst/gen_cdc_pntr.wr_pntr_cdc_dc_inst/dest_graysync_ff_reg[0][1]
  -------------------------------------------------------------------
                         required time                          6.730    
                         arrival time                          -1.094    
  -------------------------------------------------------------------
                         slack                                  5.636    

Slack (MET) :             5.636ns  (required time - arrival time)
  Source:                 design_1_i/v_axi4s_vid_out_0/inst/COUPLER_INST/generate_async_fifo.FIFO_INST/XPM_FIFO_ASYNC_INST/gnuram_async_fifo.xpm_fifo_base_inst/gen_cdc_pntr.wr_pntr_cdc_dc_inst/src_gray_ff_reg[5]/C
                            (rising edge-triggered cell FDRE clocked by clk_fpga_1  {rise@0.000ns fall@3.500ns period=7.000ns})
  Destination:            design_1_i/v_axi4s_vid_out_0/inst/COUPLER_INST/generate_async_fifo.FIFO_INST/XPM_FIFO_ASYNC_INST/gnuram_async_fifo.xpm_fifo_base_inst/gen_cdc_pntr.wr_pntr_cdc_dc_inst/dest_graysync_ff_reg[0][5]/D
                            (rising edge-triggered cell FDRE clocked by axi_dynclk_0_PXL_CLK_O  {rise@0.000ns fall@4.000ns period=10.000ns})
  Path Group:             axi_dynclk_0_PXL_CLK_O
  Path Type:              Setup (Max at Slow Process Corner)
  Requirement:            7.000ns  (MaxDelay Path 7.000ns)
  Data Path Delay:        1.094ns  (logic 0.419ns (38.298%)  route 0.675ns (61.702%))
  Logic Levels:           0  
  Timing Exception:       MaxDelay Path 7.000ns -datapath_only

    Location             Delay type                Incr(ns)  Path(ns)    Netlist Resource(s)
  -------------------------------------------------------------------    -------------------
    SLICE_X35Y52                                      0.000     0.000 r  design_1_i/v_axi4s_vid_out_0/inst/COUPLER_INST/generate_async_fifo.FIFO_INST/XPM_FIFO_ASYNC_INST/gnuram_async_fifo.xpm_fifo_base_inst/gen_cdc_pntr.wr_pntr_cdc_dc_inst/src_gray_ff_reg[5]/C
    SLICE_X35Y52         FDRE (Prop_fdre_C_Q)         0.419     0.419 r  design_1_i/v_axi4s_vid_out_0/inst/COUPLER_INST/generate_async_fifo.FIFO_INST/XPM_FIFO_ASYNC_INST/gnuram_async_fifo.xpm_fifo_base_inst/gen_cdc_pntr.wr_pntr_cdc_dc_inst/src_gray_ff_reg[5]/Q
                         net (fo=1, routed)           0.675     1.094    design_1_i/v_axi4s_vid_out_0/inst/COUPLER_INST/generate_async_fifo.FIFO_INST/XPM_FIFO_ASYNC_INST/gnuram_async_fifo.xpm_fifo_base_inst/gen_cdc_pntr.wr_pntr_cdc_dc_inst/async_path[5]
    SLICE_X39Y52         FDRE                                         r  design_1_i/v_axi4s_vid_out_0/inst/COUPLER_INST/generate_async_fifo.FIFO_INST/XPM_FIFO_ASYNC_INST/gnuram_async_fifo.xpm_fifo_base_inst/gen_cdc_pntr.wr_pntr_cdc_dc_inst/dest_graysync_ff_reg[0][5]/D
  -------------------------------------------------------------------    -------------------

                         max delay                    7.000     7.000    
    SLICE_X39Y52         FDRE (Setup_fdre_C_D)       -0.270     6.730    design_1_i/v_axi4s_vid_out_0/inst/COUPLER_INST/generate_async_fifo.FIFO_INST/XPM_FIFO_ASYNC_INST/gnuram_async_fifo.xpm_fifo_base_inst/gen_cdc_pntr.wr_pntr_cdc_dc_inst/dest_graysync_ff_reg[0][5]
  -------------------------------------------------------------------
                         required time                          6.730    
                         arrival time                          -1.094    
  -------------------------------------------------------------------
                         slack                                  5.636    

Slack (MET) :             5.682ns  (required time - arrival time)
  Source:                 design_1_i/v_axi4s_vid_out_0/inst/COUPLER_INST/generate_async_fifo.FIFO_INST/XPM_FIFO_ASYNC_INST/gnuram_async_fifo.xpm_fifo_base_inst/gen_cdc_pntr.wr_pntr_cdc_dc_inst/src_gray_ff_reg[8]/C
                            (rising edge-triggered cell FDRE clocked by clk_fpga_1  {rise@0.000ns fall@3.500ns period=7.000ns})
  Destination:            design_1_i/v_axi4s_vid_out_0/inst/COUPLER_INST/generate_async_fifo.FIFO_INST/XPM_FIFO_ASYNC_INST/gnuram_async_fifo.xpm_fifo_base_inst/gen_cdc_pntr.wr_pntr_cdc_dc_inst/dest_graysync_ff_reg[0][8]/D
                            (rising edge-triggered cell FDRE clocked by axi_dynclk_0_PXL_CLK_O  {rise@0.000ns fall@4.000ns period=10.000ns})
  Path Group:             axi_dynclk_0_PXL_CLK_O
  Path Type:              Setup (Max at Slow Process Corner)
  Requirement:            7.000ns  (MaxDelay Path 7.000ns)
  Data Path Delay:        1.223ns  (logic 0.456ns (37.293%)  route 0.767ns (62.707%))
  Logic Levels:           0  
  Timing Exception:       MaxDelay Path 7.000ns -datapath_only

    Location             Delay type                Incr(ns)  Path(ns)    Netlist Resource(s)
  -------------------------------------------------------------------    -------------------
    SLICE_X36Y50                                      0.000     0.000 r  design_1_i/v_axi4s_vid_out_0/inst/COUPLER_INST/generate_async_fifo.FIFO_INST/XPM_FIFO_ASYNC_INST/gnuram_async_fifo.xpm_fifo_base_inst/gen_cdc_pntr.wr_pntr_cdc_dc_inst/src_gray_ff_reg[8]/C
    SLICE_X36Y50         FDRE (Prop_fdre_C_Q)         0.456     0.456 r  design_1_i/v_axi4s_vid_out_0/inst/COUPLER_INST/generate_async_fifo.FIFO_INST/XPM_FIFO_ASYNC_INST/gnuram_async_fifo.xpm_fifo_base_inst/gen_cdc_pntr.wr_pntr_cdc_dc_inst/src_gray_ff_reg[8]/Q
                         net (fo=1, routed)           0.767     1.223    design_1_i/v_axi4s_vid_out_0/inst/COUPLER_INST/generate_async_fifo.FIFO_INST/XPM_FIFO_ASYNC_INST/gnuram_async_fifo.xpm_fifo_base_inst/gen_cdc_pntr.wr_pntr_cdc_dc_inst/async_path[8]
    SLICE_X37Y50         FDRE                                         r  design_1_i/v_axi4s_vid_out_0/inst/COUPLER_INST/generate_async_fifo.FIFO_INST/XPM_FIFO_ASYNC_INST/gnuram_async_fifo.xpm_fifo_base_inst/gen_cdc_pntr.wr_pntr_cdc_dc_inst/dest_graysync_ff_reg[0][8]/D
  -------------------------------------------------------------------    -------------------

                         max delay                    7.000     7.000    
    SLICE_X37Y50         FDRE (Setup_fdre_C_D)       -0.095     6.905    design_1_i/v_axi4s_vid_out_0/inst/COUPLER_INST/generate_async_fifo.FIFO_INST/XPM_FIFO_ASYNC_INST/gnuram_async_fifo.xpm_fifo_base_inst/gen_cdc_pntr.wr_pntr_cdc_dc_inst/dest_graysync_ff_reg[0][8]
  -------------------------------------------------------------------
                         required time                          6.905    
                         arrival time                          -1.223    
  -------------------------------------------------------------------
                         slack                                  5.682    

Slack (MET) :             5.698ns  (required time - arrival time)
  Source:                 design_1_i/v_axi4s_vid_out_0/inst/COUPLER_INST/generate_async_fifo.FIFO_INST/XPM_FIFO_ASYNC_INST/gnuram_async_fifo.xpm_fifo_base_inst/gen_cdc_pntr.wr_pntr_cdc_inst/src_gray_ff_reg[9]/C
                            (rising edge-triggered cell FDRE clocked by clk_fpga_1  {rise@0.000ns fall@3.500ns period=7.000ns})
  Destination:            design_1_i/v_axi4s_vid_out_0/inst/COUPLER_INST/generate_async_fifo.FIFO_INST/XPM_FIFO_ASYNC_INST/gnuram_async_fifo.xpm_fifo_base_inst/gen_cdc_pntr.wr_pntr_cdc_inst/dest_graysync_ff_reg[0][9]/D
                            (rising edge-triggered cell FDRE clocked by axi_dynclk_0_PXL_CLK_O  {rise@0.000ns fall@4.000ns period=10.000ns})
  Path Group:             axi_dynclk_0_PXL_CLK_O
  Path Type:              Setup (Max at Slow Process Corner)
  Requirement:            7.000ns  (MaxDelay Path 7.000ns)
  Data Path Delay:        1.037ns  (logic 0.419ns (40.401%)  route 0.618ns (59.599%))
  Logic Levels:           0  
  Timing Exception:       MaxDelay Path 7.000ns -datapath_only

    Location             Delay type                Incr(ns)  Path(ns)    Netlist Resource(s)
  -------------------------------------------------------------------    -------------------
    SLICE_X29Y54                                      0.000     0.000 r  design_1_i/v_axi4s_vid_out_0/inst/COUPLER_INST/generate_async_fifo.FIFO_INST/XPM_FIFO_ASYNC_INST/gnuram_async_fifo.xpm_fifo_base_inst/gen_cdc_pntr.wr_pntr_cdc_inst/src_gray_ff_reg[9]/C
    SLICE_X29Y54         FDRE (Prop_fdre_C_Q)         0.419     0.419 r  design_1_i/v_axi4s_vid_out_0/inst/COUPLER_INST/generate_async_fifo.FIFO_INST/XPM_FIFO_ASYNC_INST/gnuram_async_fifo.xpm_fifo_base_inst/gen_cdc_pntr.wr_pntr_cdc_inst/src_gray_ff_reg[9]/Q
                         net (fo=1, routed)           0.618     1.037    design_1_i/v_axi4s_vid_out_0/inst/COUPLER_INST/generate_async_fifo.FIFO_INST/XPM_FIFO_ASYNC_INST/gnuram_async_fifo.xpm_fifo_base_inst/gen_cdc_pntr.wr_pntr_cdc_inst/async_path[9]
    SLICE_X31Y54         FDRE                                         r  design_1_i/v_axi4s_vid_out_0/inst/COUPLER_INST/generate_async_fifo.FIFO_INST/XPM_FIFO_ASYNC_INST/gnuram_async_fifo.xpm_fifo_base_inst/gen_cdc_pntr.wr_pntr_cdc_inst/dest_graysync_ff_reg[0][9]/D
  -------------------------------------------------------------------    -------------------

                         max delay                    7.000     7.000    
    SLICE_X31Y54         FDRE (Setup_fdre_C_D)       -0.265     6.735    design_1_i/v_axi4s_vid_out_0/inst/COUPLER_INST/generate_async_fifo.FIFO_INST/XPM_FIFO_ASYNC_INST/gnuram_async_fifo.xpm_fifo_base_inst/gen_cdc_pntr.wr_pntr_cdc_inst/dest_graysync_ff_reg[0][9]
  -------------------------------------------------------------------
                         required time                          6.735    
                         arrival time                          -1.037    
  -------------------------------------------------------------------
                         slack                                  5.698    

Slack (MET) :             5.728ns  (required time - arrival time)
  Source:                 design_1_i/v_axi4s_vid_out_0/inst/COUPLER_INST/generate_async_fifo.FIFO_INST/XPM_FIFO_ASYNC_INST/gnuram_async_fifo.xpm_fifo_base_inst/gen_cdc_pntr.wr_pntr_cdc_inst/src_gray_ff_reg[3]/C
                            (rising edge-triggered cell FDRE clocked by clk_fpga_1  {rise@0.000ns fall@3.500ns period=7.000ns})
  Destination:            design_1_i/v_axi4s_vid_out_0/inst/COUPLER_INST/generate_async_fifo.FIFO_INST/XPM_FIFO_ASYNC_INST/gnuram_async_fifo.xpm_fifo_base_inst/gen_cdc_pntr.wr_pntr_cdc_inst/dest_graysync_ff_reg[0][3]/D
                            (rising edge-triggered cell FDRE clocked by axi_dynclk_0_PXL_CLK_O  {rise@0.000ns fall@4.000ns period=10.000ns})
  Path Group:             axi_dynclk_0_PXL_CLK_O
  Path Type:              Setup (Max at Slow Process Corner)
  Requirement:            7.000ns  (MaxDelay Path 7.000ns)
  Data Path Delay:        1.007ns  (logic 0.419ns (41.611%)  route 0.588ns (58.389%))
  Logic Levels:           0  
  Timing Exception:       MaxDelay Path 7.000ns -datapath_only

    Location             Delay type                Incr(ns)  Path(ns)    Netlist Resource(s)
  -------------------------------------------------------------------    -------------------
    SLICE_X27Y51                                      0.000     0.000 r  design_1_i/v_axi4s_vid_out_0/inst/COUPLER_INST/generate_async_fifo.FIFO_INST/XPM_FIFO_ASYNC_INST/gnuram_async_fifo.xpm_fifo_base_inst/gen_cdc_pntr.wr_pntr_cdc_inst/src_gray_ff_reg[3]/C
    SLICE_X27Y51         FDRE (Prop_fdre_C_Q)         0.419     0.419 r  design_1_i/v_axi4s_vid_out_0/inst/COUPLER_INST/generate_async_fifo.FIFO_INST/XPM_FIFO_ASYNC_INST/gnuram_async_fifo.xpm_fifo_base_inst/gen_cdc_pntr.wr_pntr_cdc_inst/src_gray_ff_reg[3]/Q
                         net (fo=1, routed)           0.588     1.007    design_1_i/v_axi4s_vid_out_0/inst/COUPLER_INST/generate_async_fifo.FIFO_INST/XPM_FIFO_ASYNC_INST/gnuram_async_fifo.xpm_fifo_base_inst/gen_cdc_pntr.wr_pntr_cdc_inst/async_path[3]
    SLICE_X27Y52         FDRE                                         r  design_1_i/v_axi4s_vid_out_0/inst/COUPLER_INST/generate_async_fifo.FIFO_INST/XPM_FIFO_ASYNC_INST/gnuram_async_fifo.xpm_fifo_base_inst/gen_cdc_pntr.wr_pntr_cdc_inst/dest_graysync_ff_reg[0][3]/D
  -------------------------------------------------------------------    -------------------

                         max delay                    7.000     7.000    
    SLICE_X27Y52         FDRE (Setup_fdre_C_D)       -0.265     6.735    design_1_i/v_axi4s_vid_out_0/inst/COUPLER_INST/generate_async_fifo.FIFO_INST/XPM_FIFO_ASYNC_INST/gnuram_async_fifo.xpm_fifo_base_inst/gen_cdc_pntr.wr_pntr_cdc_inst/dest_graysync_ff_reg[0][3]
  -------------------------------------------------------------------
                         required time                          6.735    
                         arrival time                          -1.007    
  -------------------------------------------------------------------
                         slack                                  5.728    





---------------------------------------------------------------------------------------------------
From Clock:  axi_dynclk_0_PXL_CLK_O
  To Clock:  clk_fpga_1

Setup :            0  Failing Endpoints,  Worst Slack        8.665ns,  Total Violation        0.000ns
Hold  :           NA  Failing Endpoints,  Worst Slack           NA  ,  Total Violation           NA
---------------------------------------------------------------------------------------------------


Max Delay Paths
--------------------------------------------------------------------------------------
Slack (MET) :             8.665ns  (required time - arrival time)
  Source:                 design_1_i/v_axi4s_vid_out_0/inst/COUPLER_INST/generate_async_fifo.FIFO_INST/XPM_FIFO_ASYNC_INST/gnuram_async_fifo.xpm_fifo_base_inst/gen_cdc_pntr.rd_pntr_cdc_inst/src_gray_ff_reg[9]/C
                            (rising edge-triggered cell FDRE clocked by axi_dynclk_0_PXL_CLK_O  {rise@0.000ns fall@4.000ns period=10.000ns})
  Destination:            design_1_i/v_axi4s_vid_out_0/inst/COUPLER_INST/generate_async_fifo.FIFO_INST/XPM_FIFO_ASYNC_INST/gnuram_async_fifo.xpm_fifo_base_inst/gen_cdc_pntr.rd_pntr_cdc_inst/dest_graysync_ff_reg[0][9]/D
                            (rising edge-triggered cell FDRE clocked by clk_fpga_1  {rise@0.000ns fall@3.500ns period=7.000ns})
  Path Group:             clk_fpga_1
  Path Type:              Setup (Max at Slow Process Corner)
  Requirement:            10.000ns  (MaxDelay Path 10.000ns)
  Data Path Delay:        1.068ns  (logic 0.419ns (39.224%)  route 0.649ns (60.776%))
  Logic Levels:           0  
  Timing Exception:       MaxDelay Path 10.000ns -datapath_only

    Location             Delay type                Incr(ns)  Path(ns)    Netlist Resource(s)
  -------------------------------------------------------------------    -------------------
    SLICE_X26Y50                                      0.000     0.000 r  design_1_i/v_axi4s_vid_out_0/inst/COUPLER_INST/generate_async_fifo.FIFO_INST/XPM_FIFO_ASYNC_INST/gnuram_async_fifo.xpm_fifo_base_inst/gen_cdc_pntr.rd_pntr_cdc_inst/src_gray_ff_reg[9]/C
    SLICE_X26Y50         FDRE (Prop_fdre_C_Q)         0.419     0.419 r  design_1_i/v_axi4s_vid_out_0/inst/COUPLER_INST/generate_async_fifo.FIFO_INST/XPM_FIFO_ASYNC_INST/gnuram_async_fifo.xpm_fifo_base_inst/gen_cdc_pntr.rd_pntr_cdc_inst/src_gray_ff_reg[9]/Q
                         net (fo=1, routed)           0.649     1.068    design_1_i/v_axi4s_vid_out_0/inst/COUPLER_INST/generate_async_fifo.FIFO_INST/XPM_FIFO_ASYNC_INST/gnuram_async_fifo.xpm_fifo_base_inst/gen_cdc_pntr.rd_pntr_cdc_inst/async_path[9]
    SLICE_X26Y46         FDRE                                         r  design_1_i/v_axi4s_vid_out_0/inst/COUPLER_INST/generate_async_fifo.FIFO_INST/XPM_FIFO_ASYNC_INST/gnuram_async_fifo.xpm_fifo_base_inst/gen_cdc_pntr.rd_pntr_cdc_inst/dest_graysync_ff_reg[0][9]/D
  -------------------------------------------------------------------    -------------------

                         max delay                   10.000    10.000    
    SLICE_X26Y46         FDRE (Setup_fdre_C_D)       -0.267     9.733    design_1_i/v_axi4s_vid_out_0/inst/COUPLER_INST/generate_async_fifo.FIFO_INST/XPM_FIFO_ASYNC_INST/gnuram_async_fifo.xpm_fifo_base_inst/gen_cdc_pntr.rd_pntr_cdc_inst/dest_graysync_ff_reg[0][9]
  -------------------------------------------------------------------
                         required time                          9.733    
                         arrival time                          -1.068    
  -------------------------------------------------------------------
                         slack                                  8.665    

Slack (MET) :             8.667ns  (required time - arrival time)
  Source:                 design_1_i/v_axi4s_vid_out_0/inst/COUPLER_INST/generate_async_fifo.FIFO_INST/XPM_FIFO_ASYNC_INST/gnuram_async_fifo.xpm_fifo_base_inst/gen_cdc_pntr.rd_pntr_cdc_inst/src_gray_ff_reg[0]/C
                            (rising edge-triggered cell FDRE clocked by axi_dynclk_0_PXL_CLK_O  {rise@0.000ns fall@4.000ns period=10.000ns})
  Destination:            design_1_i/v_axi4s_vid_out_0/inst/COUPLER_INST/generate_async_fifo.FIFO_INST/XPM_FIFO_ASYNC_INST/gnuram_async_fifo.xpm_fifo_base_inst/gen_cdc_pntr.rd_pntr_cdc_inst/dest_graysync_ff_reg[0][0]/D
                            (rising edge-triggered cell FDRE clocked by clk_fpga_1  {rise@0.000ns fall@3.500ns period=7.000ns})
  Path Group:             clk_fpga_1
  Path Type:              Setup (Max at Slow Process Corner)
  Requirement:            10.000ns  (MaxDelay Path 10.000ns)
  Data Path Delay:        1.286ns  (logic 0.518ns (40.294%)  route 0.768ns (59.706%))
  Logic Levels:           0  
  Timing Exception:       MaxDelay Path 10.000ns -datapath_only

    Location             Delay type                Incr(ns)  Path(ns)    Netlist Resource(s)
  -------------------------------------------------------------------    -------------------
    SLICE_X32Y51                                      0.000     0.000 r  design_1_i/v_axi4s_vid_out_0/inst/COUPLER_INST/generate_async_fifo.FIFO_INST/XPM_FIFO_ASYNC_INST/gnuram_async_fifo.xpm_fifo_base_inst/gen_cdc_pntr.rd_pntr_cdc_inst/src_gray_ff_reg[0]/C
    SLICE_X32Y51         FDRE (Prop_fdre_C_Q)         0.518     0.518 r  design_1_i/v_axi4s_vid_out_0/inst/COUPLER_INST/generate_async_fifo.FIFO_INST/XPM_FIFO_ASYNC_INST/gnuram_async_fifo.xpm_fifo_base_inst/gen_cdc_pntr.rd_pntr_cdc_inst/src_gray_ff_reg[0]/Q
                         net (fo=1, routed)           0.768     1.286    design_1_i/v_axi4s_vid_out_0/inst/COUPLER_INST/generate_async_fifo.FIFO_INST/XPM_FIFO_ASYNC_INST/gnuram_async_fifo.xpm_fifo_base_inst/gen_cdc_pntr.rd_pntr_cdc_inst/async_path[0]
    SLICE_X30Y47         FDRE                                         r  design_1_i/v_axi4s_vid_out_0/inst/COUPLER_INST/generate_async_fifo.FIFO_INST/XPM_FIFO_ASYNC_INST/gnuram_async_fifo.xpm_fifo_base_inst/gen_cdc_pntr.rd_pntr_cdc_inst/dest_graysync_ff_reg[0][0]/D
  -------------------------------------------------------------------    -------------------

                         max delay                   10.000    10.000    
    SLICE_X30Y47         FDRE (Setup_fdre_C_D)       -0.047     9.953    design_1_i/v_axi4s_vid_out_0/inst/COUPLER_INST/generate_async_fifo.FIFO_INST/XPM_FIFO_ASYNC_INST/gnuram_async_fifo.xpm_fifo_base_inst/gen_cdc_pntr.rd_pntr_cdc_inst/dest_graysync_ff_reg[0][0]
  -------------------------------------------------------------------
                         required time                          9.953    
                         arrival time                          -1.286    
  -------------------------------------------------------------------
                         slack                                  8.667    

Slack (MET) :             8.683ns  (required time - arrival time)
  Source:                 design_1_i/v_axi4s_vid_out_0/inst/COUPLER_INST/generate_async_fifo.FIFO_INST/XPM_FIFO_ASYNC_INST/gnuram_async_fifo.xpm_fifo_base_inst/gen_cdc_pntr.rd_pntr_cdc_inst/src_gray_ff_reg[1]/C
                            (rising edge-triggered cell FDRE clocked by axi_dynclk_0_PXL_CLK_O  {rise@0.000ns fall@4.000ns period=10.000ns})
  Destination:            design_1_i/v_axi4s_vid_out_0/inst/COUPLER_INST/generate_async_fifo.FIFO_INST/XPM_FIFO_ASYNC_INST/gnuram_async_fifo.xpm_fifo_base_inst/gen_cdc_pntr.rd_pntr_cdc_inst/dest_graysync_ff_reg[0][1]/D
                            (rising edge-triggered cell FDRE clocked by clk_fpga_1  {rise@0.000ns fall@3.500ns period=7.000ns})
  Path Group:             clk_fpga_1
  Path Type:              Setup (Max at Slow Process Corner)
  Requirement:            10.000ns  (MaxDelay Path 10.000ns)
  Data Path Delay:        1.099ns  (logic 0.478ns (43.480%)  route 0.621ns (56.520%))
  Logic Levels:           0  
  Timing Exception:       MaxDelay Path 10.000ns -datapath_only

    Location             Delay type                Incr(ns)  Path(ns)    Netlist Resource(s)
  -------------------------------------------------------------------    -------------------
    SLICE_X32Y51                                      0.000     0.000 r  design_1_i/v_axi4s_vid_out_0/inst/COUPLER_INST/generate_async_fifo.FIFO_INST/XPM_FIFO_ASYNC_INST/gnuram_async_fifo.xpm_fifo_base_inst/gen_cdc_pntr.rd_pntr_cdc_inst/src_gray_ff_reg[1]/C
    SLICE_X32Y51         FDRE (Prop_fdre_C_Q)         0.478     0.478 r  design_1_i/v_axi4s_vid_out_0/inst/COUPLER_INST/generate_async_fifo.FIFO_INST/XPM_FIFO_ASYNC_INST/gnuram_async_fifo.xpm_fifo_base_inst/gen_cdc_pntr.rd_pntr_cdc_inst/src_gray_ff_reg[1]/Q
                         net (fo=1, routed)           0.621     1.099    design_1_i/v_axi4s_vid_out_0/inst/COUPLER_INST/generate_async_fifo.FIFO_INST/XPM_FIFO_ASYNC_INST/gnuram_async_fifo.xpm_fifo_base_inst/gen_cdc_pntr.rd_pntr_cdc_inst/async_path[1]
    SLICE_X32Y49         FDRE                                         r  design_1_i/v_axi4s_vid_out_0/inst/COUPLER_INST/generate_async_fifo.FIFO_INST/XPM_FIFO_ASYNC_INST/gnuram_async_fifo.xpm_fifo_base_inst/gen_cdc_pntr.rd_pntr_cdc_inst/dest_graysync_ff_reg[0][1]/D
  -------------------------------------------------------------------    -------------------

                         max delay                   10.000    10.000    
    SLICE_X32Y49         FDRE (Setup_fdre_C_D)       -0.218     9.782    design_1_i/v_axi4s_vid_out_0/inst/COUPLER_INST/generate_async_fifo.FIFO_INST/XPM_FIFO_ASYNC_INST/gnuram_async_fifo.xpm_fifo_base_inst/gen_cdc_pntr.rd_pntr_cdc_inst/dest_graysync_ff_reg[0][1]
  -------------------------------------------------------------------
                         required time                          9.782    
                         arrival time                          -1.099    
  -------------------------------------------------------------------
                         slack                                  8.683    

Slack (MET) :             8.684ns  (required time - arrival time)
  Source:                 design_1_i/v_axi4s_vid_out_0/inst/COUPLER_INST/generate_async_fifo.FIFO_INST/XPM_FIFO_ASYNC_INST/gnuram_async_fifo.xpm_fifo_base_inst/gen_cdc_pntr.rd_pntr_cdc_inst/src_gray_ff_reg[7]/C
                            (rising edge-triggered cell FDRE clocked by axi_dynclk_0_PXL_CLK_O  {rise@0.000ns fall@4.000ns period=10.000ns})
  Destination:            design_1_i/v_axi4s_vid_out_0/inst/COUPLER_INST/generate_async_fifo.FIFO_INST/XPM_FIFO_ASYNC_INST/gnuram_async_fifo.xpm_fifo_base_inst/gen_cdc_pntr.rd_pntr_cdc_inst/dest_graysync_ff_reg[0][7]/D
                            (rising edge-triggered cell FDRE clocked by clk_fpga_1  {rise@0.000ns fall@3.500ns period=7.000ns})
  Path Group:             clk_fpga_1
  Path Type:              Setup (Max at Slow Process Corner)
  Requirement:            10.000ns  (MaxDelay Path 10.000ns)
  Data Path Delay:        1.048ns  (logic 0.419ns (39.969%)  route 0.629ns (60.031%))
  Logic Levels:           0  
  Timing Exception:       MaxDelay Path 10.000ns -datapath_only

    Location             Delay type                Incr(ns)  Path(ns)    Netlist Resource(s)
  -------------------------------------------------------------------    -------------------
    SLICE_X26Y50                                      0.000     0.000 r  design_1_i/v_axi4s_vid_out_0/inst/COUPLER_INST/generate_async_fifo.FIFO_INST/XPM_FIFO_ASYNC_INST/gnuram_async_fifo.xpm_fifo_base_inst/gen_cdc_pntr.rd_pntr_cdc_inst/src_gray_ff_reg[7]/C
    SLICE_X26Y50         FDRE (Prop_fdre_C_Q)         0.419     0.419 r  design_1_i/v_axi4s_vid_out_0/inst/COUPLER_INST/generate_async_fifo.FIFO_INST/XPM_FIFO_ASYNC_INST/gnuram_async_fifo.xpm_fifo_base_inst/gen_cdc_pntr.rd_pntr_cdc_inst/src_gray_ff_reg[7]/Q
                         net (fo=1, routed)           0.629     1.048    design_1_i/v_axi4s_vid_out_0/inst/COUPLER_INST/generate_async_fifo.FIFO_INST/XPM_FIFO_ASYNC_INST/gnuram_async_fifo.xpm_fifo_base_inst/gen_cdc_pntr.rd_pntr_cdc_inst/async_path[7]
    SLICE_X26Y49         FDRE                                         r  design_1_i/v_axi4s_vid_out_0/inst/COUPLER_INST/generate_async_fifo.FIFO_INST/XPM_FIFO_ASYNC_INST/gnuram_async_fifo.xpm_fifo_base_inst/gen_cdc_pntr.rd_pntr_cdc_inst/dest_graysync_ff_reg[0][7]/D
  -------------------------------------------------------------------    -------------------

                         max delay                   10.000    10.000    
    SLICE_X26Y49         FDRE (Setup_fdre_C_D)       -0.268     9.732    design_1_i/v_axi4s_vid_out_0/inst/COUPLER_INST/generate_async_fifo.FIFO_INST/XPM_FIFO_ASYNC_INST/gnuram_async_fifo.xpm_fifo_base_inst/gen_cdc_pntr.rd_pntr_cdc_inst/dest_graysync_ff_reg[0][7]
  -------------------------------------------------------------------
                         required time                          9.732    
                         arrival time                          -1.048    
  -------------------------------------------------------------------
                         slack                                  8.684    

Slack (MET) :             8.732ns  (required time - arrival time)
  Source:                 design_1_i/v_axi4s_vid_out_0/inst/COUPLER_INST/generate_async_fifo.FIFO_INST/XPM_FIFO_ASYNC_INST/gnuram_async_fifo.xpm_fifo_base_inst/gen_cdc_pntr.rd_pntr_cdc_inst/src_gray_ff_reg[3]/C
                            (rising edge-triggered cell FDRE clocked by axi_dynclk_0_PXL_CLK_O  {rise@0.000ns fall@4.000ns period=10.000ns})
  Destination:            design_1_i/v_axi4s_vid_out_0/inst/COUPLER_INST/generate_async_fifo.FIFO_INST/XPM_FIFO_ASYNC_INST/gnuram_async_fifo.xpm_fifo_base_inst/gen_cdc_pntr.rd_pntr_cdc_inst/dest_graysync_ff_reg[0][3]/D
                            (rising edge-triggered cell FDRE clocked by clk_fpga_1  {rise@0.000ns fall@3.500ns period=7.000ns})
  Path Group:             clk_fpga_1
  Path Type:              Setup (Max at Slow Process Corner)
  Requirement:            10.000ns  (MaxDelay Path 10.000ns)
  Data Path Delay:        0.996ns  (logic 0.478ns (47.987%)  route 0.518ns (52.013%))
  Logic Levels:           0  
  Timing Exception:       MaxDelay Path 10.000ns -datapath_only

    Location             Delay type                Incr(ns)  Path(ns)    Netlist Resource(s)
  -------------------------------------------------------------------    -------------------
    SLICE_X32Y51                                      0.000     0.000 r  design_1_i/v_axi4s_vid_out_0/inst/COUPLER_INST/generate_async_fifo.FIFO_INST/XPM_FIFO_ASYNC_INST/gnuram_async_fifo.xpm_fifo_base_inst/gen_cdc_pntr.rd_pntr_cdc_inst/src_gray_ff_reg[3]/C
    SLICE_X32Y51         FDRE (Prop_fdre_C_Q)         0.478     0.478 r  design_1_i/v_axi4s_vid_out_0/inst/COUPLER_INST/generate_async_fifo.FIFO_INST/XPM_FIFO_ASYNC_INST/gnuram_async_fifo.xpm_fifo_base_inst/gen_cdc_pntr.rd_pntr_cdc_inst/src_gray_ff_reg[3]/Q
                         net (fo=1, routed)           0.518     0.996    design_1_i/v_axi4s_vid_out_0/inst/COUPLER_INST/generate_async_fifo.FIFO_INST/XPM_FIFO_ASYNC_INST/gnuram_async_fifo.xpm_fifo_base_inst/gen_cdc_pntr.rd_pntr_cdc_inst/async_path[3]
    SLICE_X31Y48         FDRE                                         r  design_1_i/v_axi4s_vid_out_0/inst/COUPLER_INST/generate_async_fifo.FIFO_INST/XPM_FIFO_ASYNC_INST/gnuram_async_fifo.xpm_fifo_base_inst/gen_cdc_pntr.rd_pntr_cdc_inst/dest_graysync_ff_reg[0][3]/D
  -------------------------------------------------------------------    -------------------

                         max delay                   10.000    10.000    
    SLICE_X31Y48         FDRE (Setup_fdre_C_D)       -0.272     9.728    design_1_i/v_axi4s_vid_out_0/inst/COUPLER_INST/generate_async_fifo.FIFO_INST/XPM_FIFO_ASYNC_INST/gnuram_async_fifo.xpm_fifo_base_inst/gen_cdc_pntr.rd_pntr_cdc_inst/dest_graysync_ff_reg[0][3]
  -------------------------------------------------------------------
                         required time                          9.728    
                         arrival time                          -0.996    
  -------------------------------------------------------------------
                         slack                                  8.732    

Slack (MET) :             8.807ns  (required time - arrival time)
  Source:                 design_1_i/v_axi4s_vid_out_0/inst/COUPLER_INST/generate_async_fifo.FIFO_INST/XPM_FIFO_ASYNC_INST/gnuram_async_fifo.xpm_fifo_base_inst/gen_cdc_pntr.rd_pntr_cdc_inst/src_gray_ff_reg[6]/C
                            (rising edge-triggered cell FDRE clocked by axi_dynclk_0_PXL_CLK_O  {rise@0.000ns fall@4.000ns period=10.000ns})
  Destination:            design_1_i/v_axi4s_vid_out_0/inst/COUPLER_INST/generate_async_fifo.FIFO_INST/XPM_FIFO_ASYNC_INST/gnuram_async_fifo.xpm_fifo_base_inst/gen_cdc_pntr.rd_pntr_cdc_inst/dest_graysync_ff_reg[0][6]/D
                            (rising edge-triggered cell FDRE clocked by clk_fpga_1  {rise@0.000ns fall@3.500ns period=7.000ns})
  Path Group:             clk_fpga_1
  Path Type:              Setup (Max at Slow Process Corner)
  Requirement:            10.000ns  (MaxDelay Path 10.000ns)
  Data Path Delay:        1.098ns  (logic 0.456ns (41.537%)  route 0.642ns (58.463%))
  Logic Levels:           0  
  Timing Exception:       MaxDelay Path 10.000ns -datapath_only

    Location             Delay type                Incr(ns)  Path(ns)    Netlist Resource(s)
  -------------------------------------------------------------------    -------------------
    SLICE_X26Y50                                      0.000     0.000 r  design_1_i/v_axi4s_vid_out_0/inst/COUPLER_INST/generate_async_fifo.FIFO_INST/XPM_FIFO_ASYNC_INST/gnuram_async_fifo.xpm_fifo_base_inst/gen_cdc_pntr.rd_pntr_cdc_inst/src_gray_ff_reg[6]/C
    SLICE_X26Y50         FDRE (Prop_fdre_C_Q)         0.456     0.456 r  design_1_i/v_axi4s_vid_out_0/inst/COUPLER_INST/generate_async_fifo.FIFO_INST/XPM_FIFO_ASYNC_INST/gnuram_async_fifo.xpm_fifo_base_inst/gen_cdc_pntr.rd_pntr_cdc_inst/src_gray_ff_reg[6]/Q
                         net (fo=1, routed)           0.642     1.098    design_1_i/v_axi4s_vid_out_0/inst/COUPLER_INST/generate_async_fifo.FIFO_INST/XPM_FIFO_ASYNC_INST/gnuram_async_fifo.xpm_fifo_base_inst/gen_cdc_pntr.rd_pntr_cdc_inst/async_path[6]
    SLICE_X26Y49         FDRE                                         r  design_1_i/v_axi4s_vid_out_0/inst/COUPLER_INST/generate_async_fifo.FIFO_INST/XPM_FIFO_ASYNC_INST/gnuram_async_fifo.xpm_fifo_base_inst/gen_cdc_pntr.rd_pntr_cdc_inst/dest_graysync_ff_reg[0][6]/D
  -------------------------------------------------------------------    -------------------

                         max delay                   10.000    10.000    
    SLICE_X26Y49         FDRE (Setup_fdre_C_D)       -0.095     9.905    design_1_i/v_axi4s_vid_out_0/inst/COUPLER_INST/generate_async_fifo.FIFO_INST/XPM_FIFO_ASYNC_INST/gnuram_async_fifo.xpm_fifo_base_inst/gen_cdc_pntr.rd_pntr_cdc_inst/dest_graysync_ff_reg[0][6]
  -------------------------------------------------------------------
                         required time                          9.905    
                         arrival time                          -1.098    
  -------------------------------------------------------------------
                         slack                                  8.807    

Slack (MET) :             8.809ns  (required time - arrival time)
  Source:                 design_1_i/v_axi4s_vid_out_0/inst/COUPLER_INST/generate_async_fifo.FIFO_INST/XPM_FIFO_ASYNC_INST/gnuram_async_fifo.xpm_fifo_base_inst/gen_cdc_pntr.rd_pntr_cdc_inst/src_gray_ff_reg[5]/C
                            (rising edge-triggered cell FDRE clocked by axi_dynclk_0_PXL_CLK_O  {rise@0.000ns fall@4.000ns period=10.000ns})
  Destination:            design_1_i/v_axi4s_vid_out_0/inst/COUPLER_INST/generate_async_fifo.FIFO_INST/XPM_FIFO_ASYNC_INST/gnuram_async_fifo.xpm_fifo_base_inst/gen_cdc_pntr.rd_pntr_cdc_inst/dest_graysync_ff_reg[0][5]/D
                            (rising edge-triggered cell FDRE clocked by clk_fpga_1  {rise@0.000ns fall@3.500ns period=7.000ns})
  Path Group:             clk_fpga_1
  Path Type:              Setup (Max at Slow Process Corner)
  Requirement:            10.000ns  (MaxDelay Path 10.000ns)
  Data Path Delay:        0.973ns  (logic 0.478ns (49.129%)  route 0.495ns (50.871%))
  Logic Levels:           0  
  Timing Exception:       MaxDelay Path 10.000ns -datapath_only

    Location             Delay type                Incr(ns)  Path(ns)    Netlist Resource(s)
  -------------------------------------------------------------------    -------------------
    SLICE_X28Y50                                      0.000     0.000 r  design_1_i/v_axi4s_vid_out_0/inst/COUPLER_INST/generate_async_fifo.FIFO_INST/XPM_FIFO_ASYNC_INST/gnuram_async_fifo.xpm_fifo_base_inst/gen_cdc_pntr.rd_pntr_cdc_inst/src_gray_ff_reg[5]/C
    SLICE_X28Y50         FDRE (Prop_fdre_C_Q)         0.478     0.478 r  design_1_i/v_axi4s_vid_out_0/inst/COUPLER_INST/generate_async_fifo.FIFO_INST/XPM_FIFO_ASYNC_INST/gnuram_async_fifo.xpm_fifo_base_inst/gen_cdc_pntr.rd_pntr_cdc_inst/src_gray_ff_reg[5]/Q
                         net (fo=1, routed)           0.495     0.973    design_1_i/v_axi4s_vid_out_0/inst/COUPLER_INST/generate_async_fifo.FIFO_INST/XPM_FIFO_ASYNC_INST/gnuram_async_fifo.xpm_fifo_base_inst/gen_cdc_pntr.rd_pntr_cdc_inst/async_path[5]
    SLICE_X28Y48         FDRE                                         r  design_1_i/v_axi4s_vid_out_0/inst/COUPLER_INST/generate_async_fifo.FIFO_INST/XPM_FIFO_ASYNC_INST/gnuram_async_fifo.xpm_fifo_base_inst/gen_cdc_pntr.rd_pntr_cdc_inst/dest_graysync_ff_reg[0][5]/D
  -------------------------------------------------------------------    -------------------

                         max delay                   10.000    10.000    
    SLICE_X28Y48         FDRE (Setup_fdre_C_D)       -0.218     9.782    design_1_i/v_axi4s_vid_out_0/inst/COUPLER_INST/generate_async_fifo.FIFO_INST/XPM_FIFO_ASYNC_INST/gnuram_async_fifo.xpm_fifo_base_inst/gen_cdc_pntr.rd_pntr_cdc_inst/dest_graysync_ff_reg[0][5]
  -------------------------------------------------------------------
                         required time                          9.782    
                         arrival time                          -0.973    
  -------------------------------------------------------------------
                         slack                                  8.809    

Slack (MET) :             8.846ns  (required time - arrival time)
  Source:                 design_1_i/v_axi4s_vid_out_0/inst/COUPLER_INST/generate_async_fifo.FIFO_INST/XPM_FIFO_ASYNC_INST/gnuram_async_fifo.xpm_fifo_base_inst/gen_cdc_pntr.rd_pntr_cdc_inst/src_gray_ff_reg[11]/C
                            (rising edge-triggered cell FDRE clocked by axi_dynclk_0_PXL_CLK_O  {rise@0.000ns fall@4.000ns period=10.000ns})
  Destination:            design_1_i/v_axi4s_vid_out_0/inst/COUPLER_INST/generate_async_fifo.FIFO_INST/XPM_FIFO_ASYNC_INST/gnuram_async_fifo.xpm_fifo_base_inst/gen_cdc_pntr.rd_pntr_cdc_inst/dest_graysync_ff_reg[0][11]/D
                            (rising edge-triggered cell FDRE clocked by clk_fpga_1  {rise@0.000ns fall@3.500ns period=7.000ns})
  Path Group:             clk_fpga_1
  Path Type:              Setup (Max at Slow Process Corner)
  Requirement:            10.000ns  (MaxDelay Path 10.000ns)
  Data Path Delay:        1.107ns  (logic 0.518ns (46.776%)  route 0.589ns (53.224%))
  Logic Levels:           0  
  Timing Exception:       MaxDelay Path 10.000ns -datapath_only

    Location             Delay type                Incr(ns)  Path(ns)    Netlist Resource(s)
  -------------------------------------------------------------------    -------------------
    SLICE_X28Y51                                      0.000     0.000 r  design_1_i/v_axi4s_vid_out_0/inst/COUPLER_INST/generate_async_fifo.FIFO_INST/XPM_FIFO_ASYNC_INST/gnuram_async_fifo.xpm_fifo_base_inst/gen_cdc_pntr.rd_pntr_cdc_inst/src_gray_ff_reg[11]/C
    SLICE_X28Y51         FDRE (Prop_fdre_C_Q)         0.518     0.518 r  design_1_i/v_axi4s_vid_out_0/inst/COUPLER_INST/generate_async_fifo.FIFO_INST/XPM_FIFO_ASYNC_INST/gnuram_async_fifo.xpm_fifo_base_inst/gen_cdc_pntr.rd_pntr_cdc_inst/src_gray_ff_reg[11]/Q
                         net (fo=1, routed)           0.589     1.107    design_1_i/v_axi4s_vid_out_0/inst/COUPLER_INST/generate_async_fifo.FIFO_INST/XPM_FIFO_ASYNC_INST/gnuram_async_fifo.xpm_fifo_base_inst/gen_cdc_pntr.rd_pntr_cdc_inst/async_path[11]
    SLICE_X28Y47         FDRE                                         r  design_1_i/v_axi4s_vid_out_0/inst/COUPLER_INST/generate_async_fifo.FIFO_INST/XPM_FIFO_ASYNC_INST/gnuram_async_fifo.xpm_fifo_base_inst/gen_cdc_pntr.rd_pntr_cdc_inst/dest_graysync_ff_reg[0][11]/D
  -------------------------------------------------------------------    -------------------

                         max delay                   10.000    10.000    
    SLICE_X28Y47         FDRE (Setup_fdre_C_D)       -0.047     9.953    design_1_i/v_axi4s_vid_out_0/inst/COUPLER_INST/generate_async_fifo.FIFO_INST/XPM_FIFO_ASYNC_INST/gnuram_async_fifo.xpm_fifo_base_inst/gen_cdc_pntr.rd_pntr_cdc_inst/dest_graysync_ff_reg[0][11]
  -------------------------------------------------------------------
                         required time                          9.953    
                         arrival time                          -1.107    
  -------------------------------------------------------------------
                         slack                                  8.846    

Slack (MET) :             8.856ns  (required time - arrival time)
  Source:                 design_1_i/v_axi4s_vid_out_0/inst/COUPLER_INST/generate_async_fifo.FIFO_INST/XPM_FIFO_ASYNC_INST/gnuram_async_fifo.xpm_fifo_base_inst/gen_cdc_pntr.rd_pntr_cdc_inst/src_gray_ff_reg[10]/C
                            (rising edge-triggered cell FDRE clocked by axi_dynclk_0_PXL_CLK_O  {rise@0.000ns fall@4.000ns period=10.000ns})
  Destination:            design_1_i/v_axi4s_vid_out_0/inst/COUPLER_INST/generate_async_fifo.FIFO_INST/XPM_FIFO_ASYNC_INST/gnuram_async_fifo.xpm_fifo_base_inst/gen_cdc_pntr.rd_pntr_cdc_inst/dest_graysync_ff_reg[0][10]/D
                            (rising edge-triggered cell FDRE clocked by clk_fpga_1  {rise@0.000ns fall@3.500ns period=7.000ns})
  Path Group:             clk_fpga_1
  Path Type:              Setup (Max at Slow Process Corner)
  Requirement:            10.000ns  (MaxDelay Path 10.000ns)
  Data Path Delay:        1.049ns  (logic 0.456ns (43.455%)  route 0.593ns (56.545%))
  Logic Levels:           0  
  Timing Exception:       MaxDelay Path 10.000ns -datapath_only

    Location             Delay type                Incr(ns)  Path(ns)    Netlist Resource(s)
  -------------------------------------------------------------------    -------------------
    SLICE_X26Y51                                      0.000     0.000 r  design_1_i/v_axi4s_vid_out_0/inst/COUPLER_INST/generate_async_fifo.FIFO_INST/XPM_FIFO_ASYNC_INST/gnuram_async_fifo.xpm_fifo_base_inst/gen_cdc_pntr.rd_pntr_cdc_inst/src_gray_ff_reg[10]/C
    SLICE_X26Y51         FDRE (Prop_fdre_C_Q)         0.456     0.456 r  design_1_i/v_axi4s_vid_out_0/inst/COUPLER_INST/generate_async_fifo.FIFO_INST/XPM_FIFO_ASYNC_INST/gnuram_async_fifo.xpm_fifo_base_inst/gen_cdc_pntr.rd_pntr_cdc_inst/src_gray_ff_reg[10]/Q
                         net (fo=1, routed)           0.593     1.049    design_1_i/v_axi4s_vid_out_0/inst/COUPLER_INST/generate_async_fifo.FIFO_INST/XPM_FIFO_ASYNC_INST/gnuram_async_fifo.xpm_fifo_base_inst/gen_cdc_pntr.rd_pntr_cdc_inst/async_path[10]
    SLICE_X26Y47         FDRE                                         r  design_1_i/v_axi4s_vid_out_0/inst/COUPLER_INST/generate_async_fifo.FIFO_INST/XPM_FIFO_ASYNC_INST/gnuram_async_fifo.xpm_fifo_base_inst/gen_cdc_pntr.rd_pntr_cdc_inst/dest_graysync_ff_reg[0][10]/D
  -------------------------------------------------------------------    -------------------

                         max delay                   10.000    10.000    
    SLICE_X26Y47         FDRE (Setup_fdre_C_D)       -0.095     9.905    design_1_i/v_axi4s_vid_out_0/inst/COUPLER_INST/generate_async_fifo.FIFO_INST/XPM_FIFO_ASYNC_INST/gnuram_async_fifo.xpm_fifo_base_inst/gen_cdc_pntr.rd_pntr_cdc_inst/dest_graysync_ff_reg[0][10]
  -------------------------------------------------------------------
                         required time                          9.905    
                         arrival time                          -1.049    
  -------------------------------------------------------------------
                         slack                                  8.856    

Slack (MET) :             8.954ns  (required time - arrival time)
  Source:                 design_1_i/v_axi4s_vid_out_0/inst/COUPLER_INST/generate_async_fifo.FIFO_INST/XPM_FIFO_ASYNC_INST/gnuram_async_fifo.xpm_fifo_base_inst/gen_cdc_pntr.rd_pntr_cdc_inst/src_gray_ff_reg[2]/C
                            (rising edge-triggered cell FDRE clocked by axi_dynclk_0_PXL_CLK_O  {rise@0.000ns fall@4.000ns period=10.000ns})
  Destination:            design_1_i/v_axi4s_vid_out_0/inst/COUPLER_INST/generate_async_fifo.FIFO_INST/XPM_FIFO_ASYNC_INST/gnuram_async_fifo.xpm_fifo_base_inst/gen_cdc_pntr.rd_pntr_cdc_inst/dest_graysync_ff_reg[0][2]/D
                            (rising edge-triggered cell FDRE clocked by clk_fpga_1  {rise@0.000ns fall@3.500ns period=7.000ns})
  Path Group:             clk_fpga_1
  Path Type:              Setup (Max at Slow Process Corner)
  Requirement:            10.000ns  (MaxDelay Path 10.000ns)
  Data Path Delay:        1.001ns  (logic 0.518ns (51.763%)  route 0.483ns (48.237%))
  Logic Levels:           0  
  Timing Exception:       MaxDelay Path 10.000ns -datapath_only

    Location             Delay type                Incr(ns)  Path(ns)    Netlist Resource(s)
  -------------------------------------------------------------------    -------------------
    SLICE_X32Y51                                      0.000     0.000 r  design_1_i/v_axi4s_vid_out_0/inst/COUPLER_INST/generate_async_fifo.FIFO_INST/XPM_FIFO_ASYNC_INST/gnuram_async_fifo.xpm_fifo_base_inst/gen_cdc_pntr.rd_pntr_cdc_inst/src_gray_ff_reg[2]/C
    SLICE_X32Y51         FDRE (Prop_fdre_C_Q)         0.518     0.518 r  design_1_i/v_axi4s_vid_out_0/inst/COUPLER_INST/generate_async_fifo.FIFO_INST/XPM_FIFO_ASYNC_INST/gnuram_async_fifo.xpm_fifo_base_inst/gen_cdc_pntr.rd_pntr_cdc_inst/src_gray_ff_reg[2]/Q
                         net (fo=1, routed)           0.483     1.001    design_1_i/v_axi4s_vid_out_0/inst/COUPLER_INST/generate_async_fifo.FIFO_INST/XPM_FIFO_ASYNC_INST/gnuram_async_fifo.xpm_fifo_base_inst/gen_cdc_pntr.rd_pntr_cdc_inst/async_path[2]
    SLICE_X32Y49         FDRE                                         r  design_1_i/v_axi4s_vid_out_0/inst/COUPLER_INST/generate_async_fifo.FIFO_INST/XPM_FIFO_ASYNC_INST/gnuram_async_fifo.xpm_fifo_base_inst/gen_cdc_pntr.rd_pntr_cdc_inst/dest_graysync_ff_reg[0][2]/D
  -------------------------------------------------------------------    -------------------

                         max delay                   10.000    10.000    
    SLICE_X32Y49         FDRE (Setup_fdre_C_D)       -0.045     9.955    design_1_i/v_axi4s_vid_out_0/inst/COUPLER_INST/generate_async_fifo.FIFO_INST/XPM_FIFO_ASYNC_INST/gnuram_async_fifo.xpm_fifo_base_inst/gen_cdc_pntr.rd_pntr_cdc_inst/dest_graysync_ff_reg[0][2]
  -------------------------------------------------------------------
                         required time                          9.955    
                         arrival time                          -1.001    
  -------------------------------------------------------------------
                         slack                                  8.954    





