Copyright 1986-2021 Xilinx, Inc. All Rights Reserved.
-----------------------------------------------------------------------------------------------------------------------------------------------------------------------------------------------------------------------
| Tool Version : Vivado v.2021.2 (win64) Build 3367213 Tue Oct 19 02:48:09 MDT 2021
| Date         : Wed Jun  3 23:30:47 2026
| Host         : DESKTOP-N4P9TIA running 64-bit major release  (build 9200)
| Command      : report_timing_summary -max_paths 10 -file design_1_wrapper_timing_summary_routed.rpt -pb design_1_wrapper_timing_summary_routed.pb -rpx design_1_wrapper_timing_summary_routed.rpx -warn_on_violation
| Design       : design_1_wrapper
| Device       : 7z010-clg400
| Speed File   : -1  PRODUCTION 1.12 2019-11-22
-----------------------------------------------------------------------------------------------------------------------------------------------------------------------------------------------------------------------

Timing Summary Report

------------------------------------------------------------------------------------------------
| Timer Settings
| --------------
------------------------------------------------------------------------------------------------

  Enable Multi Corner Analysis               :  Yes
  Enable Pessimism Removal                   :  Yes
  Pessimism Removal Resolution               :  Nearest Common Node
  Enable Input Delay Default Clock           :  No
  Enable Preset / Clear Arcs                 :  No
  Disable Flight Delays                      :  No
  Ignore I/O Paths                           :  No
  Timing Early Launch at Borrowing Latches   :  No
  Borrow Time for Max Delay Exceptions       :  Yes
  Merge Timing Exceptions                    :  Yes

  Corner  Analyze    Analyze    
  Name    Max Paths  Min Paths  
  ------  ---------  ---------  
  Slow    Yes        Yes        
  Fast    Yes        Yes        


------------------------------------------------------------------------------------------------
| Report Methodology
| ------------------
------------------------------------------------------------------------------------------------

Rule       Severity  Description                                  Violations  
---------  --------  -------------------------------------------  ----------  
TIMING-9   Warning   Unknown CDC Logic                            1           
TIMING-10  Warning   Missing property on synchronizer             1           
TIMING-16  Warning   Large setup violation                        15          
TIMING-18  Warning   Missing input or output delay                1           
XDCB-5     Warning   Runtime inefficient way to find pin objects  1           

Note: This report is based on the most recent report_methodology run and may not be up-to-date. Run report_methodology on the current design for the latest report.



check_timing report

Table of Contents
-----------------
1. checking no_clock (0)
2. checking constant_clock (0)
3. checking pulse_width_clock (0)
4. checking unconstrained_internal_endpoints (0)
5. checking no_input_delay (1)
6. checking no_output_delay (4)
7. checking multiple_clock (0)
8. checking generated_clocks (0)
9. checking loops (0)
10. checking partial_input_delay (0)
11. checking partial_output_delay (0)
12. checking latch_loops (0)

1. checking no_clock (0)
------------------------
 There are 0 register/latch pins with no clock.


2. checking constant_clock (0)
------------------------------
 There are 0 register/latch pins with constant_clock.


3. checking pulse_width_clock (0)
---------------------------------
 There are 0 register/latch pins which need pulse_width check


4. checking unconstrained_internal_endpoints (0)
------------------------------------------------
 There are 0 pins that are not constrained for maximum delay.

 There are 0 pins that are not constrained for maximum delay due to constant clock.


5. checking no_input_delay (1)
------------------------------
 There is 1 input port with no input delay specified. (HIGH)

 There are 0 input ports with no input delay but user has a false path constraint.


6. checking no_output_delay (4)
-------------------------------
 There are 4 ports with no output delay specified. (HIGH)

 There are 0 ports with no output delay but user has a false path constraint

 There are 0 ports with no output delay but with a timing clock defined on it or propagating through it


7. checking multiple_clock (0)
------------------------------
 There are 0 register/latch pins with multiple clocks.


8. checking generated_clocks (0)
--------------------------------
 There are 0 generated clocks that are not connected to a clock source.


9. checking loops (0)
---------------------
 There are 0 combinational loops in the design.


10. checking partial_input_delay (0)
------------------------------------
 There are 0 input ports with partial input delay specified.


11. checking partial_output_delay (0)
-------------------------------------
 There are 0 ports with partial output delay specified.


12. checking latch_loops (0)
----------------------------
 There are 0 combinational latch loops in the design through latch input



------------------------------------------------------------------------------------------------
| Design Timing Summary
| ---------------------
------------------------------------------------------------------------------------------------

    WNS(ns)      TNS(ns)  TNS Failing Endpoints  TNS Total Endpoints      WHS(ns)      THS(ns)  THS Failing Endpoints  THS Total Endpoints     WPWS(ns)     TPWS(ns)  TPWS Failing Endpoints  TPWS Total Endpoints  
    -------      -------  ---------------------  -------------------      -------      -------  ---------------------  -------------------     --------     --------  ----------------------  --------------------  
     -4.581      -53.123                     19                18367        0.028        0.000                      0                18244        0.333        0.000                       0                  7385  


Timing constraints are not met.


------------------------------------------------------------------------------------------------
| Clock Summary
| -------------
------------------------------------------------------------------------------------------------

Clock                       Waveform(ns)         Period(ns)      Frequency(MHz)
-----                       ------------         ----------      --------------
clk_fpga_0                  {0.000 5.000}        10.000          100.000         
  I                         {0.000 1.000}        2.000           500.000         
    axi_dynclk_0_PXL_CLK_O  {0.000 4.000}        10.000          100.000         
  mmcm_fbclk_out            {0.000 5.000}        10.000          100.000         
clk_fpga_1                  {0.000 3.500}        7.000           142.857         


------------------------------------------------------------------------------------------------
| Intra Clock Table
| -----------------
------------------------------------------------------------------------------------------------

Clock                           WNS(ns)      TNS(ns)  TNS Failing Endpoints  TNS Total Endpoints      WHS(ns)      THS(ns)  THS Failing Endpoints  THS Total Endpoints     WPWS(ns)     TPWS(ns)  TPWS Failing Endpoints  TPWS Total Endpoints  
-----                           -------      -------  ---------------------  -------------------      -------      -------  ---------------------  -------------------     --------     --------  ----------------------  --------------------  
clk_fpga_0                        3.232        0.000                      0                 3144        0.032        0.000                      0                 3144        2.500        0.000                       0                  1587  
  I                                                                                                                                                                           0.333        0.000                       0                    11  
    axi_dynclk_0_PXL_CLK_O        2.448        0.000                      0                 7327        0.104        0.000                      0                 7327        3.020        0.000                       0                  3496  
  mmcm_fbclk_out                                                                                                                                                              8.751        0.000                       0                     2  
clk_fpga_1                       -4.581      -53.123                     19                 7773        0.028        0.000                      0                 7773        2.250        0.000                       0                  2289  


------------------------------------------------------------------------------------------------
| Inter Clock Table
| -----------------
------------------------------------------------------------------------------------------------

From Clock              To Clock                    WNS(ns)      TNS(ns)  TNS Failing Endpoints  TNS Total Endpoints      WHS(ns)      THS(ns)  THS Failing Endpoints  THS Total Endpoints  
----------              --------                    -------      -------  ---------------------  -------------------      -------      -------  ---------------------  -------------------  
axi_dynclk_0_PXL_CLK_O  clk_fpga_0                    7.781        0.000                      0                   34                                                                        
clk_fpga_0              axi_dynclk_0_PXL_CLK_O        5.977        0.000                      0                   54                                                                        
clk_fpga_1              axi_dynclk_0_PXL_CLK_O        5.523        0.000                      0                   25                                                                        
axi_dynclk_0_PXL_CLK_O  clk_fpga_1                    8.582        0.000                      0                   12                                                                        


------------------------------------------------------------------------------------------------
| Other Path Groups Table
| -----------------------
------------------------------------------------------------------------------------------------

Path Group    From Clock    To Clock          WNS(ns)      TNS(ns)  TNS Failing Endpoints  TNS Total Endpoints      WHS(ns)      THS(ns)  THS Failing Endpoints  THS Total Endpoints  
----------    ----------    --------          -------      -------  ---------------------  -------------------      -------      -------  ---------------------  -------------------  


------------------------------------------------------------------------------------------------
| Timing Details
| --------------
------------------------------------------------------------------------------------------------


---------------------------------------------------------------------------------------------------
From Clock:  clk_fpga_0
  To Clock:  clk_fpga_0

Setup :            0  Failing Endpoints,  Worst Slack        3.232ns,  Total Violation        0.000ns
Hold  :            0  Failing Endpoints,  Worst Slack        0.032ns,  Total Violation        0.000ns
PW    :            0  Failing Endpoints,  Worst Slack        2.500ns,  Total Violation        0.000ns
---------------------------------------------------------------------------------------------------


Max Delay Paths
--------------------------------------------------------------------------------------
Slack (MET) :             3.232ns  (required time - arrival time)
  Source:                 design_1_i/processing_system7_0/inst/PS7_i/MAXIGP0ACLK
                            (rising edge-triggered cell PS7 clocked by clk_fpga_0  {rise@0.000ns fall@5.000ns period=10.000ns})
  Destination:            design_1_i/axi_dynclk_0/U0/axi_dynclk_S00_AXI_inst/slv_reg7_reg[0]/CE
                            (rising edge-triggered cell FDRE clocked by clk_fpga_0  {rise@0.000ns fall@5.000ns period=10.000ns})
  Path Group:             clk_fpga_0
  Path Type:              Setup (Max at Slow Process Corner)
  Requirement:            10.000ns  (clk_fpga_0 rise@10.000ns - clk_fpga_0 rise@0.000ns)
  Data Path Delay:        5.954ns  (logic 1.732ns (29.088%)  route 4.222ns (70.912%))
  Logic Levels:           3  (LUT4=1 LUT5=2)
  Clock Path Skew:        -0.250ns (DCD - SCD + CPR)
    Destination Clock Delay (DCD):    2.692ns = ( 12.693 - 10.000 ) 
    Source Clock Delay      (SCD):    3.073ns
    Clock Pessimism Removal (CPR):    0.130ns
  Clock Uncertainty:      0.154ns  ((TSJ^2 + TIJ^2)^1/2 + DJ) / 2 + PE
    Total System Jitter     (TSJ):    0.071ns
    Total Input Jitter      (TIJ):    0.300ns
    Discrete Jitter          (DJ):    0.000ns
    Phase Error              (PE):    0.000ns

    Location             Delay type                Incr(ns)  Path(ns)    Netlist Resource(s)
  -------------------------------------------------------------------    -------------------
                         (clock clk_fpga_0 rise edge)
                                                      0.000     0.000 r  
    PS7_X0Y0             PS7                          0.000     0.000 r  design_1_i/processing_system7_0/inst/PS7_i/FCLKCLK[0]
                         net (fo=1, routed)           1.207     1.207    design_1_i/processing_system7_0/inst/FCLK_CLK_unbuffered[0]
    BUFGCTRL_X0Y1        BUFG (Prop_bufg_I_O)         0.101     1.308 r  design_1_i/processing_system7_0/inst/buffer_fclk_clk_0.FCLK_CLK_0_BUFG/O
                         net (fo=1587, routed)        1.765     3.073    design_1_i/processing_system7_0/inst/M_AXI_GP0_ACLK
    PS7_X0Y0             PS7                                          r  design_1_i/processing_system7_0/inst/PS7_i/MAXIGP0ACLK
  -------------------------------------------------------------------    -------------------
    PS7_X0Y0             PS7 (Prop_ps7_MAXIGP0ACLK_MAXIGP0WVALID)
                                                      1.334     4.407 r  design_1_i/processing_system7_0/inst/PS7_i/MAXIGP0WVALID
                         net (fo=6, routed)           1.541     5.947    design_1_i/ps7_0_axi_periph/xbar/inst/gen_sasd.crossbar_sasd_0/addr_arbiter_inst/s_axi_wvalid[0]
    SLICE_X16Y53         LUT5 (Prop_lut5_I4_O)        0.124     6.071 r  design_1_i/ps7_0_axi_periph/xbar/inst/gen_sasd.crossbar_sasd_0/addr_arbiter_inst/m_axi_wvalid[2]_INST_0/O
                         net (fo=7, routed)           0.585     6.657    design_1_i/axi_dynclk_0/U0/axi_dynclk_S00_AXI_inst/s00_axi_wvalid
    SLICE_X18Y50         LUT4 (Prop_lut4_I2_O)        0.124     6.781 r  design_1_i/axi_dynclk_0/U0/axi_dynclk_S00_AXI_inst/slv_reg0[31]_i_2/O
                         net (fo=28, routed)          1.446     8.227    design_1_i/axi_dynclk_0/U0/axi_dynclk_S00_AXI_inst/slv_reg_wren__0
    SLICE_X30Y46         LUT5 (Prop_lut5_I0_O)        0.150     8.377 r  design_1_i/axi_dynclk_0/U0/axi_dynclk_S00_AXI_inst/slv_reg7[7]_i_1/O
                         net (fo=8, routed)           0.650     9.027    design_1_i/axi_dynclk_0/U0/axi_dynclk_S00_AXI_inst/slv_reg7[7]_i_1_n_0
    SLICE_X33Y46         FDRE                                         r  design_1_i/axi_dynclk_0/U0/axi_dynclk_S00_AXI_inst/slv_reg7_reg[0]/CE
  -------------------------------------------------------------------    -------------------

                         (clock clk_fpga_0 rise edge)
                                                     10.000    10.000 r  
    PS7_X0Y0             PS7                          0.000    10.000 r  design_1_i/processing_system7_0/inst/PS7_i/FCLKCLK[0]
                         net (fo=1, routed)           1.101    11.101    design_1_i/processing_system7_0/inst/FCLK_CLK_unbuffered[0]
    BUFGCTRL_X0Y1        BUFG (Prop_bufg_I_O)         0.091    11.192 r  design_1_i/processing_system7_0/inst/buffer_fclk_clk_0.FCLK_CLK_0_BUFG/O
                         net (fo=1587, routed)        1.500    12.692    design_1_i/axi_dynclk_0/U0/axi_dynclk_S00_AXI_inst/s00_axi_aclk
    SLICE_X33Y46         FDRE                                         r  design_1_i/axi_dynclk_0/U0/axi_dynclk_S00_AXI_inst/slv_reg7_reg[0]/C
                         clock pessimism              0.130    12.822    
                         clock uncertainty           -0.154    12.668    
    SLICE_X33Y46         FDRE (Setup_fdre_C_CE)      -0.409    12.259    design_1_i/axi_dynclk_0/U0/axi_dynclk_S00_AXI_inst/slv_reg7_reg[0]
  -------------------------------------------------------------------
                         required time                         12.259    
                         arrival time                          -9.027    
  -------------------------------------------------------------------
                         slack                                  3.232    

Slack (MET) :             3.232ns  (required time - arrival time)
  Source:                 design_1_i/processing_system7_0/inst/PS7_i/MAXIGP0ACLK
                            (rising edge-triggered cell PS7 clocked by clk_fpga_0  {rise@0.000ns fall@5.000ns period=10.000ns})
  Destination:            design_1_i/axi_dynclk_0/U0/axi_dynclk_S00_AXI_inst/slv_reg7_reg[1]/CE
                            (rising edge-triggered cell FDRE clocked by clk_fpga_0  {rise@0.000ns fall@5.000ns period=10.000ns})
  Path Group:             clk_fpga_0
  Path Type:              Setup (Max at Slow Process Corner)
  Requirement:            10.000ns  (clk_fpga_0 rise@10.000ns - clk_fpga_0 rise@0.000ns)
  Data Path Delay:        5.954ns  (logic 1.732ns (29.088%)  route 4.222ns (70.912%))
  Logic Levels:           3  (LUT4=1 LUT5=2)
  Clock Path Skew:        -0.250ns (DCD - SCD + CPR)
    Destination Clock Delay (DCD):    2.692ns = ( 12.693 - 10.000 ) 
    Source Clock Delay      (SCD):    3.073ns
    Clock Pessimism Removal (CPR):    0.130ns
  Clock Uncertainty:      0.154ns  ((TSJ^2 + TIJ^2)^1/2 + DJ) / 2 + PE
    Total System Jitter     (TSJ):    0.071ns
    Total Input Jitter      (TIJ):    0.300ns
    Discrete Jitter          (DJ):    0.000ns
    Phase Error              (PE):    0.000ns

    Location             Delay type                Incr(ns)  Path(ns)    Netlist Resource(s)
  -------------------------------------------------------------------    -------------------
                         (clock clk_fpga_0 rise edge)
                                                      0.000     0.000 r  
    PS7_X0Y0             PS7                          0.000     0.000 r  design_1_i/processing_system7_0/inst/PS7_i/FCLKCLK[0]
                         net (fo=1, routed)           1.207     1.207    design_1_i/processing_system7_0/inst/FCLK_CLK_unbuffered[0]
    BUFGCTRL_X0Y1        BUFG (Prop_bufg_I_O)         0.101     1.308 r  design_1_i/processing_system7_0/inst/buffer_fclk_clk_0.FCLK_CLK_0_BUFG/O
                         net (fo=1587, routed)        1.765     3.073    design_1_i/processing_system7_0/inst/M_AXI_GP0_ACLK
    PS7_X0Y0             PS7                                          r  design_1_i/processing_system7_0/inst/PS7_i/MAXIGP0ACLK
  -------------------------------------------------------------------    -------------------
    PS7_X0Y0             PS7 (Prop_ps7_MAXIGP0ACLK_MAXIGP0WVALID)
                                                      1.334     4.407 r  design_1_i/processing_system7_0/inst/PS7_i/MAXIGP0WVALID
                         net (fo=6, routed)           1.541     5.947    design_1_i/ps7_0_axi_periph/xbar/inst/gen_sasd.crossbar_sasd_0/addr_arbiter_inst/s_axi_wvalid[0]
    SLICE_X16Y53         LUT5 (Prop_lut5_I4_O)        0.124     6.071 r  design_1_i/ps7_0_axi_periph/xbar/inst/gen_sasd.crossbar_sasd_0/addr_arbiter_inst/m_axi_wvalid[2]_INST_0/O
                         net (fo=7, routed)           0.585     6.657    design_1_i/axi_dynclk_0/U0/axi_dynclk_S00_AXI_inst/s00_axi_wvalid
    SLICE_X18Y50         LUT4 (Prop_lut4_I2_O)        0.124     6.781 r  design_1_i/axi_dynclk_0/U0/axi_dynclk_S00_AXI_inst/slv_reg0[31]_i_2/O
                         net (fo=28, routed)          1.446     8.227    design_1_i/axi_dynclk_0/U0/axi_dynclk_S00_AXI_inst/slv_reg_wren__0
    SLICE_X30Y46         LUT5 (Prop_lut5_I0_O)        0.150     8.377 r  design_1_i/axi_dynclk_0/U0/axi_dynclk_S00_AXI_inst/slv_reg7[7]_i_1/O
                         net (fo=8, routed)           0.650     9.027    design_1_i/axi_dynclk_0/U0/axi_dynclk_S00_AXI_inst/slv_reg7[7]_i_1_n_0
    SLICE_X33Y46         FDRE                                         r  design_1_i/axi_dynclk_0/U0/axi_dynclk_S00_AXI_inst/slv_reg7_reg[1]/CE
  -------------------------------------------------------------------    -------------------

                         (clock clk_fpga_0 rise edge)
                                                     10.000    10.000 r  
    PS7_X0Y0             PS7                          0.000    10.000 r  design_1_i/processing_system7_0/inst/PS7_i/FCLKCLK[0]
                         net (fo=1, routed)           1.101    11.101    design_1_i/processing_system7_0/inst/FCLK_CLK_unbuffered[0]
    BUFGCTRL_X0Y1        BUFG (Prop_bufg_I_O)         0.091    11.192 r  design_1_i/processing_system7_0/inst/buffer_fclk_clk_0.FCLK_CLK_0_BUFG/O
                         net (fo=1587, routed)        1.500    12.692    design_1_i/axi_dynclk_0/U0/axi_dynclk_S00_AXI_inst/s00_axi_aclk
    SLICE_X33Y46         FDRE                                         r  design_1_i/axi_dynclk_0/U0/axi_dynclk_S00_AXI_inst/slv_reg7_reg[1]/C
                         clock pessimism              0.130    12.822    
                         clock uncertainty           -0.154    12.668    
    SLICE_X33Y46         FDRE (Setup_fdre_C_CE)      -0.409    12.259    design_1_i/axi_dynclk_0/U0/axi_dynclk_S00_AXI_inst/slv_reg7_reg[1]
  -------------------------------------------------------------------
                         required time                         12.259    
                         arrival time                          -9.027    
  -------------------------------------------------------------------
                         slack                                  3.232    

Slack (MET) :             3.232ns  (required time - arrival time)
  Source:                 design_1_i/processing_system7_0/inst/PS7_i/MAXIGP0ACLK
                            (rising edge-triggered cell PS7 clocked by clk_fpga_0  {rise@0.000ns fall@5.000ns period=10.000ns})
  Destination:            design_1_i/axi_dynclk_0/U0/axi_dynclk_S00_AXI_inst/slv_reg7_reg[2]/CE
                            (rising edge-triggered cell FDRE clocked by clk_fpga_0  {rise@0.000ns fall@5.000ns period=10.000ns})
  Path Group:             clk_fpga_0
  Path Type:              Setup (Max at Slow Process Corner)
  Requirement:            10.000ns  (clk_fpga_0 rise@10.000ns - clk_fpga_0 rise@0.000ns)
  Data Path Delay:        5.954ns  (logic 1.732ns (29.088%)  route 4.222ns (70.912%))
  Logic Levels:           3  (LUT4=1 LUT5=2)
  Clock Path Skew:        -0.250ns (DCD - SCD + CPR)
    Destination Clock Delay (DCD):    2.692ns = ( 12.693 - 10.000 ) 
    Source Clock Delay      (SCD):    3.073ns
    Clock Pessimism Removal (CPR):    0.130ns
  Clock Uncertainty:      0.154ns  ((TSJ^2 + TIJ^2)^1/2 + DJ) / 2 + PE
    Total System Jitter     (TSJ):    0.071ns
    Total Input Jitter      (TIJ):    0.300ns
    Discrete Jitter          (DJ):    0.000ns
    Phase Error              (PE):    0.000ns

    Location             Delay type                Incr(ns)  Path(ns)    Netlist Resource(s)
  -------------------------------------------------------------------    -------------------
                         (clock clk_fpga_0 rise edge)
                                                      0.000     0.000 r  
    PS7_X0Y0             PS7                          0.000     0.000 r  design_1_i/processing_system7_0/inst/PS7_i/FCLKCLK[0]
                         net (fo=1, routed)           1.207     1.207    design_1_i/processing_system7_0/inst/FCLK_CLK_unbuffered[0]
    BUFGCTRL_X0Y1        BUFG (Prop_bufg_I_O)         0.101     1.308 r  design_1_i/processing_system7_0/inst/buffer_fclk_clk_0.FCLK_CLK_0_BUFG/O
                         net (fo=1587, routed)        1.765     3.073    design_1_i/processing_system7_0/inst/M_AXI_GP0_ACLK
    PS7_X0Y0             PS7                                          r  design_1_i/processing_system7_0/inst/PS7_i/MAXIGP0ACLK
  -------------------------------------------------------------------    -------------------
    PS7_X0Y0             PS7 (Prop_ps7_MAXIGP0ACLK_MAXIGP0WVALID)
                                                      1.334     4.407 r  design_1_i/processing_system7_0/inst/PS7_i/MAXIGP0WVALID
                         net (fo=6, routed)           1.541     5.947    design_1_i/ps7_0_axi_periph/xbar/inst/gen_sasd.crossbar_sasd_0/addr_arbiter_inst/s_axi_wvalid[0]
    SLICE_X16Y53         LUT5 (Prop_lut5_I4_O)        0.124     6.071 r  design_1_i/ps7_0_axi_periph/xbar/inst/gen_sasd.crossbar_sasd_0/addr_arbiter_inst/m_axi_wvalid[2]_INST_0/O
                         net (fo=7, routed)           0.585     6.657    design_1_i/axi_dynclk_0/U0/axi_dynclk_S00_AXI_inst/s00_axi_wvalid
    SLICE_X18Y50         LUT4 (Prop_lut4_I2_O)        0.124     6.781 r  design_1_i/axi_dynclk_0/U0/axi_dynclk_S00_AXI_inst/slv_reg0[31]_i_2/O
                         net (fo=28, routed)          1.446     8.227    design_1_i/axi_dynclk_0/U0/axi_dynclk_S00_AXI_inst/slv_reg_wren__0
    SLICE_X30Y46         LUT5 (Prop_lut5_I0_O)        0.150     8.377 r  design_1_i/axi_dynclk_0/U0/axi_dynclk_S00_AXI_inst/slv_reg7[7]_i_1/O
                         net (fo=8, routed)           0.650     9.027    design_1_i/axi_dynclk_0/U0/axi_dynclk_S00_AXI_inst/slv_reg7[7]_i_1_n_0
    SLICE_X33Y46         FDRE                                         r  design_1_i/axi_dynclk_0/U0/axi_dynclk_S00_AXI_inst/slv_reg7_reg[2]/CE
  -------------------------------------------------------------------    -------------------

                         (clock clk_fpga_0 rise edge)
                                                     10.000    10.000 r  
    PS7_X0Y0             PS7                          0.000    10.000 r  design_1_i/processing_system7_0/inst/PS7_i/FCLKCLK[0]
                         net (fo=1, routed)           1.101    11.101    design_1_i/processing_system7_0/inst/FCLK_CLK_unbuffered[0]
    BUFGCTRL_X0Y1        BUFG (Prop_bufg_I_O)         0.091    11.192 r  design_1_i/processing_system7_0/inst/buffer_fclk_clk_0.FCLK_CLK_0_BUFG/O
                         net (fo=1587, routed)        1.500    12.692    design_1_i/axi_dynclk_0/U0/axi_dynclk_S00_AXI_inst/s00_axi_aclk
    SLICE_X33Y46         FDRE                                         r  design_1_i/axi_dynclk_0/U0/axi_dynclk_S00_AXI_inst/slv_reg7_reg[2]/C
                         clock pessimism              0.130    12.822    
                         clock uncertainty           -0.154    12.668    
    SLICE_X33Y46         FDRE (Setup_fdre_C_CE)      -0.409    12.259    design_1_i/axi_dynclk_0/U0/axi_dynclk_S00_AXI_inst/slv_reg7_reg[2]
  -------------------------------------------------------------------
                         required time                         12.259    
                         arrival time                          -9.027    
  -------------------------------------------------------------------
                         slack                                  3.232    

Slack (MET) :             3.232ns  (required time - arrival time)
  Source:                 design_1_i/processing_system7_0/inst/PS7_i/MAXIGP0ACLK
                            (rising edge-triggered cell PS7 clocked by clk_fpga_0  {rise@0.000ns fall@5.000ns period=10.000ns})
  Destination:            design_1_i/axi_dynclk_0/U0/axi_dynclk_S00_AXI_inst/slv_reg7_reg[6]/CE
                            (rising edge-triggered cell FDRE clocked by clk_fpga_0  {rise@0.000ns fall@5.000ns period=10.000ns})
  Path Group:             clk_fpga_0
  Path Type:              Setup (Max at Slow Process Corner)
  Requirement:            10.000ns  (clk_fpga_0 rise@10.000ns - clk_fpga_0 rise@0.000ns)
  Data Path Delay:        5.954ns  (logic 1.732ns (29.088%)  route 4.222ns (70.912%))
  Logic Levels:           3  (LUT4=1 LUT5=2)
  Clock Path Skew:        -0.250ns (DCD - SCD + CPR)
    Destination Clock Delay (DCD):    2.692ns = ( 12.693 - 10.000 ) 
    Source Clock Delay      (SCD):    3.073ns
    Clock Pessimism Removal (CPR):    0.130ns
  Clock Uncertainty:      0.154ns  ((TSJ^2 + TIJ^2)^1/2 + DJ) / 2 + PE
    Total System Jitter     (TSJ):    0.071ns
    Total Input Jitter      (TIJ):    0.300ns
    Discrete Jitter          (DJ):    0.000ns
    Phase Error              (PE):    0.000ns

    Location             Delay type                Incr(ns)  Path(ns)    Netlist Resource(s)
  -------------------------------------------------------------------    -------------------
                         (clock clk_fpga_0 rise edge)
                                                      0.000     0.000 r  
    PS7_X0Y0             PS7                          0.000     0.000 r  design_1_i/processing_system7_0/inst/PS7_i/FCLKCLK[0]
                         net (fo=1, routed)           1.207     1.207    design_1_i/processing_system7_0/inst/FCLK_CLK_unbuffered[0]
    BUFGCTRL_X0Y1        BUFG (Prop_bufg_I_O)         0.101     1.308 r  design_1_i/processing_system7_0/inst/buffer_fclk_clk_0.FCLK_CLK_0_BUFG/O
                         net (fo=1587, routed)        1.765     3.073    design_1_i/processing_system7_0/inst/M_AXI_GP0_ACLK
    PS7_X0Y0             PS7                                          r  design_1_i/processing_system7_0/inst/PS7_i/MAXIGP0ACLK
  -------------------------------------------------------------------    -------------------
    PS7_X0Y0             PS7 (Prop_ps7_MAXIGP0ACLK_MAXIGP0WVALID)
                                                      1.334     4.407 r  design_1_i/processing_system7_0/inst/PS7_i/MAXIGP0WVALID
                         net (fo=6, routed)           1.541     5.947    design_1_i/ps7_0_axi_periph/xbar/inst/gen_sasd.crossbar_sasd_0/addr_arbiter_inst/s_axi_wvalid[0]
    SLICE_X16Y53         LUT5 (Prop_lut5_I4_O)        0.124     6.071 r  design_1_i/ps7_0_axi_periph/xbar/inst/gen_sasd.crossbar_sasd_0/addr_arbiter_inst/m_axi_wvalid[2]_INST_0/O
                         net (fo=7, routed)           0.585     6.657    design_1_i/axi_dynclk_0/U0/axi_dynclk_S00_AXI_inst/s00_axi_wvalid
    SLICE_X18Y50         LUT4 (Prop_lut4_I2_O)        0.124     6.781 r  design_1_i/axi_dynclk_0/U0/axi_dynclk_S00_AXI_inst/slv_reg0[31]_i_2/O
                         net (fo=28, routed)          1.446     8.227    design_1_i/axi_dynclk_0/U0/axi_dynclk_S00_AXI_inst/slv_reg_wren__0
    SLICE_X30Y46         LUT5 (Prop_lut5_I0_O)        0.150     8.377 r  design_1_i/axi_dynclk_0/U0/axi_dynclk_S00_AXI_inst/slv_reg7[7]_i_1/O
                         net (fo=8, routed)           0.650     9.027    design_1_i/axi_dynclk_0/U0/axi_dynclk_S00_AXI_inst/slv_reg7[7]_i_1_n_0
    SLICE_X33Y46         FDRE                                         r  design_1_i/axi_dynclk_0/U0/axi_dynclk_S00_AXI_inst/slv_reg7_reg[6]/CE
  -------------------------------------------------------------------    -------------------

                         (clock clk_fpga_0 rise edge)
                                                     10.000    10.000 r  
    PS7_X0Y0             PS7                          0.000    10.000 r  design_1_i/processing_system7_0/inst/PS7_i/FCLKCLK[0]
                         net (fo=1, routed)           1.101    11.101    design_1_i/processing_system7_0/inst/FCLK_CLK_unbuffered[0]
    BUFGCTRL_X0Y1        BUFG (Prop_bufg_I_O)         0.091    11.192 r  design_1_i/processing_system7_0/inst/buffer_fclk_clk_0.FCLK_CLK_0_BUFG/O
                         net (fo=1587, routed)        1.500    12.692    design_1_i/axi_dynclk_0/U0/axi_dynclk_S00_AXI_inst/s00_axi_aclk
    SLICE_X33Y46         FDRE                                         r  design_1_i/axi_dynclk_0/U0/axi_dynclk_S00_AXI_inst/slv_reg7_reg[6]/C
                         clock pessimism              0.130    12.822    
                         clock uncertainty           -0.154    12.668    
    SLICE_X33Y46         FDRE (Setup_fdre_C_CE)      -0.409    12.259    design_1_i/axi_dynclk_0/U0/axi_dynclk_S00_AXI_inst/slv_reg7_reg[6]
  -------------------------------------------------------------------
                         required time                         12.259    
                         arrival time                          -9.027    
  -------------------------------------------------------------------
                         slack                                  3.232    

Slack (MET) :             3.232ns  (required time - arrival time)
  Source:                 design_1_i/processing_system7_0/inst/PS7_i/MAXIGP0ACLK
                            (rising edge-triggered cell PS7 clocked by clk_fpga_0  {rise@0.000ns fall@5.000ns period=10.000ns})
  Destination:            design_1_i/axi_dynclk_0/U0/axi_dynclk_S00_AXI_inst/slv_reg7_reg[7]/CE
                            (rising edge-triggered cell FDRE clocked by clk_fpga_0  {rise@0.000ns fall@5.000ns period=10.000ns})
  Path Group:             clk_fpga_0
  Path Type:              Setup (Max at Slow Process Corner)
  Requirement:            10.000ns  (clk_fpga_0 rise@10.000ns - clk_fpga_0 rise@0.000ns)
  Data Path Delay:        5.954ns  (logic 1.732ns (29.088%)  route 4.222ns (70.912%))
  Logic Levels:           3  (LUT4=1 LUT5=2)
  Clock Path Skew:        -0.250ns (DCD - SCD + CPR)
    Destination Clock Delay (DCD):    2.692ns = ( 12.693 - 10.000 ) 
    Source Clock Delay      (SCD):    3.073ns
    Clock Pessimism Removal (CPR):    0.130ns
  Clock Uncertainty:      0.154ns  ((TSJ^2 + TIJ^2)^1/2 + DJ) / 2 + PE
    Total System Jitter     (TSJ):    0.071ns
    Total Input Jitter      (TIJ):    0.300ns
    Discrete Jitter          (DJ):    0.000ns
    Phase Error              (PE):    0.000ns

    Location             Delay type                Incr(ns)  Path(ns)    Netlist Resource(s)
  -------------------------------------------------------------------    -------------------
                         (clock clk_fpga_0 rise edge)
                                                      0.000     0.000 r  
    PS7_X0Y0             PS7                          0.000     0.000 r  design_1_i/processing_system7_0/inst/PS7_i/FCLKCLK[0]
                         net (fo=1, routed)           1.207     1.207    design_1_i/processing_system7_0/inst/FCLK_CLK_unbuffered[0]
    BUFGCTRL_X0Y1        BUFG (Prop_bufg_I_O)         0.101     1.308 r  design_1_i/processing_system7_0/inst/buffer_fclk_clk_0.FCLK_CLK_0_BUFG/O
                         net (fo=1587, routed)        1.765     3.073    design_1_i/processing_system7_0/inst/M_AXI_GP0_ACLK
    PS7_X0Y0             PS7                                          r  design_1_i/processing_system7_0/inst/PS7_i/MAXIGP0ACLK
  -------------------------------------------------------------------    -------------------
    PS7_X0Y0             PS7 (Prop_ps7_MAXIGP0ACLK_MAXIGP0WVALID)
                                                      1.334     4.407 r  design_1_i/processing_system7_0/inst/PS7_i/MAXIGP0WVALID
                         net (fo=6, routed)           1.541     5.947    design_1_i/ps7_0_axi_periph/xbar/inst/gen_sasd.crossbar_sasd_0/addr_arbiter_inst/s_axi_wvalid[0]
    SLICE_X16Y53         LUT5 (Prop_lut5_I4_O)        0.124     6.071 r  design_1_i/ps7_0_axi_periph/xbar/inst/gen_sasd.crossbar_sasd_0/addr_arbiter_inst/m_axi_wvalid[2]_INST_0/O
                         net (fo=7, routed)           0.585     6.657    design_1_i/axi_dynclk_0/U0/axi_dynclk_S00_AXI_inst/s00_axi_wvalid
    SLICE_X18Y50         LUT4 (Prop_lut4_I2_O)        0.124     6.781 r  design_1_i/axi_dynclk_0/U0/axi_dynclk_S00_AXI_inst/slv_reg0[31]_i_2/O
                         net (fo=28, routed)          1.446     8.227    design_1_i/axi_dynclk_0/U0/axi_dynclk_S00_AXI_inst/slv_reg_wren__0
    SLICE_X30Y46         LUT5 (Prop_lut5_I0_O)        0.150     8.377 r  design_1_i/axi_dynclk_0/U0/axi_dynclk_S00_AXI_inst/slv_reg7[7]_i_1/O
                         net (fo=8, routed)           0.650     9.027    design_1_i/axi_dynclk_0/U0/axi_dynclk_S00_AXI_inst/slv_reg7[7]_i_1_n_0
    SLICE_X33Y46         FDRE                                         r  design_1_i/axi_dynclk_0/U0/axi_dynclk_S00_AXI_inst/slv_reg7_reg[7]/CE
  -------------------------------------------------------------------    -------------------

                         (clock clk_fpga_0 rise edge)
                                                     10.000    10.000 r  
    PS7_X0Y0             PS7                          0.000    10.000 r  design_1_i/processing_system7_0/inst/PS7_i/FCLKCLK[0]
                         net (fo=1, routed)           1.101    11.101    design_1_i/processing_system7_0/inst/FCLK_CLK_unbuffered[0]
    BUFGCTRL_X0Y1        BUFG (Prop_bufg_I_O)         0.091    11.192 r  design_1_i/processing_system7_0/inst/buffer_fclk_clk_0.FCLK_CLK_0_BUFG/O
                         net (fo=1587, routed)        1.500    12.692    design_1_i/axi_dynclk_0/U0/axi_dynclk_S00_AXI_inst/s00_axi_aclk
    SLICE_X33Y46         FDRE                                         r  design_1_i/axi_dynclk_0/U0/axi_dynclk_S00_AXI_inst/slv_reg7_reg[7]/C
                         clock pessimism              0.130    12.822    
                         clock uncertainty           -0.154    12.668    
    SLICE_X33Y46         FDRE (Setup_fdre_C_CE)      -0.409    12.259    design_1_i/axi_dynclk_0/U0/axi_dynclk_S00_AXI_inst/slv_reg7_reg[7]
  -------------------------------------------------------------------
                         required time                         12.259    
                         arrival time                          -9.027    
  -------------------------------------------------------------------
                         slack                                  3.232    

Slack (MET) :             3.376ns  (required time - arrival time)
  Source:                 design_1_i/processing_system7_0/inst/PS7_i/MAXIGP0ACLK
                            (rising edge-triggered cell PS7 clocked by clk_fpga_0  {rise@0.000ns fall@5.000ns period=10.000ns})
  Destination:            design_1_i/axi_dynclk_0/U0/axi_dynclk_S00_AXI_inst/slv_reg3_reg[1]/CE
                            (rising edge-triggered cell FDRE clocked by clk_fpga_0  {rise@0.000ns fall@5.000ns period=10.000ns})
  Path Group:             clk_fpga_0
  Path Type:              Setup (Max at Slow Process Corner)
  Requirement:            10.000ns  (clk_fpga_0 rise@10.000ns - clk_fpga_0 rise@0.000ns)
  Data Path Delay:        5.811ns  (logic 1.700ns (29.255%)  route 4.111ns (70.745%))
  Logic Levels:           3  (LUT4=1 LUT5=2)
  Clock Path Skew:        -0.251ns (DCD - SCD + CPR)
    Destination Clock Delay (DCD):    2.691ns = ( 12.691 - 10.000 ) 
    Source Clock Delay      (SCD):    3.073ns
    Clock Pessimism Removal (CPR):    0.130ns
  Clock Uncertainty:      0.154ns  ((TSJ^2 + TIJ^2)^1/2 + DJ) / 2 + PE
    Total System Jitter     (TSJ):    0.071ns
    Total Input Jitter      (TIJ):    0.300ns
    Discrete Jitter          (DJ):    0.000ns
    Phase Error              (PE):    0.000ns

    Location             Delay type                Incr(ns)  Path(ns)    Netlist Resource(s)
  -------------------------------------------------------------------    -------------------
                         (clock clk_fpga_0 rise edge)
                                                      0.000     0.000 r  
    PS7_X0Y0             PS7                          0.000     0.000 r  design_1_i/processing_system7_0/inst/PS7_i/FCLKCLK[0]
                         net (fo=1, routed)           1.207     1.207    design_1_i/processing_system7_0/inst/FCLK_CLK_unbuffered[0]
    BUFGCTRL_X0Y1        BUFG (Prop_bufg_I_O)         0.101     1.308 r  design_1_i/processing_system7_0/inst/buffer_fclk_clk_0.FCLK_CLK_0_BUFG/O
                         net (fo=1587, routed)        1.765     3.073    design_1_i/processing_system7_0/inst/M_AXI_GP0_ACLK
    PS7_X0Y0             PS7                                          r  design_1_i/processing_system7_0/inst/PS7_i/MAXIGP0ACLK
  -------------------------------------------------------------------    -------------------
    PS7_X0Y0             PS7 (Prop_ps7_MAXIGP0ACLK_MAXIGP0WVALID)
                                                      1.334     4.407 r  design_1_i/processing_system7_0/inst/PS7_i/MAXIGP0WVALID
                         net (fo=6, routed)           1.541     5.947    design_1_i/ps7_0_axi_periph/xbar/inst/gen_sasd.crossbar_sasd_0/addr_arbiter_inst/s_axi_wvalid[0]
    SLICE_X16Y53         LUT5 (Prop_lut5_I4_O)        0.124     6.071 r  design_1_i/ps7_0_axi_periph/xbar/inst/gen_sasd.crossbar_sasd_0/addr_arbiter_inst/m_axi_wvalid[2]_INST_0/O
                         net (fo=7, routed)           0.585     6.657    design_1_i/axi_dynclk_0/U0/axi_dynclk_S00_AXI_inst/s00_axi_wvalid
    SLICE_X18Y50         LUT4 (Prop_lut4_I2_O)        0.124     6.781 r  design_1_i/axi_dynclk_0/U0/axi_dynclk_S00_AXI_inst/slv_reg0[31]_i_2/O
                         net (fo=28, routed)          1.308     8.089    design_1_i/axi_dynclk_0/U0/axi_dynclk_S00_AXI_inst/slv_reg_wren__0
    SLICE_X33Y45         LUT5 (Prop_lut5_I0_O)        0.118     8.207 r  design_1_i/axi_dynclk_0/U0/axi_dynclk_S00_AXI_inst/slv_reg3[7]_i_1/O
                         net (fo=8, routed)           0.677     8.884    design_1_i/axi_dynclk_0/U0/axi_dynclk_S00_AXI_inst/slv_reg3[7]_i_1_n_0
    SLICE_X33Y42         FDRE                                         r  design_1_i/axi_dynclk_0/U0/axi_dynclk_S00_AXI_inst/slv_reg3_reg[1]/CE
  -------------------------------------------------------------------    -------------------

                         (clock clk_fpga_0 rise edge)
                                                     10.000    10.000 r  
    PS7_X0Y0             PS7                          0.000    10.000 r  design_1_i/processing_system7_0/inst/PS7_i/FCLKCLK[0]
                         net (fo=1, routed)           1.101    11.101    design_1_i/processing_system7_0/inst/FCLK_CLK_unbuffered[0]
    BUFGCTRL_X0Y1        BUFG (Prop_bufg_I_O)         0.091    11.192 r  design_1_i/processing_system7_0/inst/buffer_fclk_clk_0.FCLK_CLK_0_BUFG/O
                         net (fo=1587, routed)        1.499    12.691    design_1_i/axi_dynclk_0/U0/axi_dynclk_S00_AXI_inst/s00_axi_aclk
    SLICE_X33Y42         FDRE                                         r  design_1_i/axi_dynclk_0/U0/axi_dynclk_S00_AXI_inst/slv_reg3_reg[1]/C
                         clock pessimism              0.130    12.821    
                         clock uncertainty           -0.154    12.667    
    SLICE_X33Y42         FDRE (Setup_fdre_C_CE)      -0.407    12.260    design_1_i/axi_dynclk_0/U0/axi_dynclk_S00_AXI_inst/slv_reg3_reg[1]
  -------------------------------------------------------------------
                         required time                         12.260    
                         arrival time                          -8.884    
  -------------------------------------------------------------------
                         slack                                  3.376    

Slack (MET) :             3.494ns  (required time - arrival time)
  Source:                 design_1_i/processing_system7_0/inst/PS7_i/MAXIGP0ACLK
                            (rising edge-triggered cell PS7 clocked by clk_fpga_0  {rise@0.000ns fall@5.000ns period=10.000ns})
  Destination:            design_1_i/axi_dynclk_0/U0/axi_dynclk_S00_AXI_inst/slv_reg5_reg[1]/CE
                            (rising edge-triggered cell FDRE clocked by clk_fpga_0  {rise@0.000ns fall@5.000ns period=10.000ns})
  Path Group:             clk_fpga_0
  Path Type:              Setup (Max at Slow Process Corner)
  Requirement:            10.000ns  (clk_fpga_0 rise@10.000ns - clk_fpga_0 rise@0.000ns)
  Data Path Delay:        5.693ns  (logic 1.702ns (29.894%)  route 3.991ns (70.106%))
  Logic Levels:           3  (LUT4=1 LUT5=2)
  Clock Path Skew:        -0.250ns (DCD - SCD + CPR)
    Destination Clock Delay (DCD):    2.692ns = ( 12.693 - 10.000 ) 
    Source Clock Delay      (SCD):    3.073ns
    Clock Pessimism Removal (CPR):    0.130ns
  Clock Uncertainty:      0.154ns  ((TSJ^2 + TIJ^2)^1/2 + DJ) / 2 + PE
    Total System Jitter     (TSJ):    0.071ns
    Total Input Jitter      (TIJ):    0.300ns
    Discrete Jitter          (DJ):    0.000ns
    Phase Error              (PE):    0.000ns

    Location             Delay type                Incr(ns)  Path(ns)    Netlist Resource(s)
  -------------------------------------------------------------------    -------------------
                         (clock clk_fpga_0 rise edge)
                                                      0.000     0.000 r  
    PS7_X0Y0             PS7                          0.000     0.000 r  design_1_i/processing_system7_0/inst/PS7_i/FCLKCLK[0]
                         net (fo=1, routed)           1.207     1.207    design_1_i/processing_system7_0/inst/FCLK_CLK_unbuffered[0]
    BUFGCTRL_X0Y1        BUFG (Prop_bufg_I_O)         0.101     1.308 r  design_1_i/processing_system7_0/inst/buffer_fclk_clk_0.FCLK_CLK_0_BUFG/O
                         net (fo=1587, routed)        1.765     3.073    design_1_i/processing_system7_0/inst/M_AXI_GP0_ACLK
    PS7_X0Y0             PS7                                          r  design_1_i/processing_system7_0/inst/PS7_i/MAXIGP0ACLK
  -------------------------------------------------------------------    -------------------
    PS7_X0Y0             PS7 (Prop_ps7_MAXIGP0ACLK_MAXIGP0WVALID)
                                                      1.334     4.407 r  design_1_i/processing_system7_0/inst/PS7_i/MAXIGP0WVALID
                         net (fo=6, routed)           1.541     5.947    design_1_i/ps7_0_axi_periph/xbar/inst/gen_sasd.crossbar_sasd_0/addr_arbiter_inst/s_axi_wvalid[0]
    SLICE_X16Y53         LUT5 (Prop_lut5_I4_O)        0.124     6.071 r  design_1_i/ps7_0_axi_periph/xbar/inst/gen_sasd.crossbar_sasd_0/addr_arbiter_inst/m_axi_wvalid[2]_INST_0/O
                         net (fo=7, routed)           0.585     6.657    design_1_i/axi_dynclk_0/U0/axi_dynclk_S00_AXI_inst/s00_axi_wvalid
    SLICE_X18Y50         LUT4 (Prop_lut4_I2_O)        0.124     6.781 r  design_1_i/axi_dynclk_0/U0/axi_dynclk_S00_AXI_inst/slv_reg0[31]_i_2/O
                         net (fo=28, routed)          1.305     8.086    design_1_i/axi_dynclk_0/U0/axi_dynclk_S00_AXI_inst/slv_reg_wren__0
    SLICE_X33Y46         LUT5 (Prop_lut5_I0_O)        0.120     8.206 r  design_1_i/axi_dynclk_0/U0/axi_dynclk_S00_AXI_inst/slv_reg5[7]_i_1/O
                         net (fo=8, routed)           0.560     8.766    design_1_i/axi_dynclk_0/U0/axi_dynclk_S00_AXI_inst/slv_reg5[7]_i_1_n_0
    SLICE_X35Y45         FDRE                                         r  design_1_i/axi_dynclk_0/U0/axi_dynclk_S00_AXI_inst/slv_reg5_reg[1]/CE
  -------------------------------------------------------------------    -------------------

                         (clock clk_fpga_0 rise edge)
                                                     10.000    10.000 r  
    PS7_X0Y0             PS7                          0.000    10.000 r  design_1_i/processing_system7_0/inst/PS7_i/FCLKCLK[0]
                         net (fo=1, routed)           1.101    11.101    design_1_i/processing_system7_0/inst/FCLK_CLK_unbuffered[0]
    BUFGCTRL_X0Y1        BUFG (Prop_bufg_I_O)         0.091    11.192 r  design_1_i/processing_system7_0/inst/buffer_fclk_clk_0.FCLK_CLK_0_BUFG/O
                         net (fo=1587, routed)        1.500    12.692    design_1_i/axi_dynclk_0/U0/axi_dynclk_S00_AXI_inst/s00_axi_aclk
    SLICE_X35Y45         FDRE                                         r  design_1_i/axi_dynclk_0/U0/axi_dynclk_S00_AXI_inst/slv_reg5_reg[1]/C
                         clock pessimism              0.130    12.822    
                         clock uncertainty           -0.154    12.668    
    SLICE_X35Y45         FDRE (Setup_fdre_C_CE)      -0.408    12.260    design_1_i/axi_dynclk_0/U0/axi_dynclk_S00_AXI_inst/slv_reg5_reg[1]
  -------------------------------------------------------------------
                         required time                         12.260    
                         arrival time                          -8.766    
  -------------------------------------------------------------------
                         slack                                  3.494    

Slack (MET) :             3.494ns  (required time - arrival time)
  Source:                 design_1_i/processing_system7_0/inst/PS7_i/MAXIGP0ACLK
                            (rising edge-triggered cell PS7 clocked by clk_fpga_0  {rise@0.000ns fall@5.000ns period=10.000ns})
  Destination:            design_1_i/axi_dynclk_0/U0/axi_dynclk_S00_AXI_inst/slv_reg5_reg[2]/CE
                            (rising edge-triggered cell FDRE clocked by clk_fpga_0  {rise@0.000ns fall@5.000ns period=10.000ns})
  Path Group:             clk_fpga_0
  Path Type:              Setup (Max at Slow Process Corner)
  Requirement:            10.000ns  (clk_fpga_0 rise@10.000ns - clk_fpga_0 rise@0.000ns)
  Data Path Delay:        5.693ns  (logic 1.702ns (29.894%)  route 3.991ns (70.106%))
  Logic Levels:           3  (LUT4=1 LUT5=2)
  Clock Path Skew:        -0.250ns (DCD - SCD + CPR)
    Destination Clock Delay (DCD):    2.692ns = ( 12.693 - 10.000 ) 
    Source Clock Delay      (SCD):    3.073ns
    Clock Pessimism Removal (CPR):    0.130ns
  Clock Uncertainty:      0.154ns  ((TSJ^2 + TIJ^2)^1/2 + DJ) / 2 + PE
    Total System Jitter     (TSJ):    0.071ns
    Total Input Jitter      (TIJ):    0.300ns
    Discrete Jitter          (DJ):    0.000ns
    Phase Error              (PE):    0.000ns

    Location             Delay type                Incr(ns)  Path(ns)    Netlist Resource(s)
  -------------------------------------------------------------------    -------------------
                         (clock clk_fpga_0 rise edge)
                                                      0.000     0.000 r  
    PS7_X0Y0             PS7                          0.000     0.000 r  design_1_i/processing_system7_0/inst/PS7_i/FCLKCLK[0]
                         net (fo=1, routed)           1.207     1.207    design_1_i/processing_system7_0/inst/FCLK_CLK_unbuffered[0]
    BUFGCTRL_X0Y1        BUFG (Prop_bufg_I_O)         0.101     1.308 r  design_1_i/processing_system7_0/inst/buffer_fclk_clk_0.FCLK_CLK_0_BUFG/O
                         net (fo=1587, routed)        1.765     3.073    design_1_i/processing_system7_0/inst/M_AXI_GP0_ACLK
    PS7_X0Y0             PS7                                          r  design_1_i/processing_system7_0/inst/PS7_i/MAXIGP0ACLK
  -------------------------------------------------------------------    -------------------
    PS7_X0Y0             PS7 (Prop_ps7_MAXIGP0ACLK_MAXIGP0WVALID)
                                                      1.334     4.407 r  design_1_i/processing_system7_0/inst/PS7_i/MAXIGP0WVALID
                         net (fo=6, routed)           1.541     5.947    design_1_i/ps7_0_axi_periph/xbar/inst/gen_sasd.crossbar_sasd_0/addr_arbiter_inst/s_axi_wvalid[0]
    SLICE_X16Y53         LUT5 (Prop_lut5_I4_O)        0.124     6.071 r  design_1_i/ps7_0_axi_periph/xbar/inst/gen_sasd.crossbar_sasd_0/addr_arbiter_inst/m_axi_wvalid[2]_INST_0/O
                         net (fo=7, routed)           0.585     6.657    design_1_i/axi_dynclk_0/U0/axi_dynclk_S00_AXI_inst/s00_axi_wvalid
    SLICE_X18Y50         LUT4 (Prop_lut4_I2_O)        0.124     6.781 r  design_1_i/axi_dynclk_0/U0/axi_dynclk_S00_AXI_inst/slv_reg0[31]_i_2/O
                         net (fo=28, routed)          1.305     8.086    design_1_i/axi_dynclk_0/U0/axi_dynclk_S00_AXI_inst/slv_reg_wren__0
    SLICE_X33Y46         LUT5 (Prop_lut5_I0_O)        0.120     8.206 r  design_1_i/axi_dynclk_0/U0/axi_dynclk_S00_AXI_inst/slv_reg5[7]_i_1/O
                         net (fo=8, routed)           0.560     8.766    design_1_i/axi_dynclk_0/U0/axi_dynclk_S00_AXI_inst/slv_reg5[7]_i_1_n_0
    SLICE_X35Y45         FDRE                                         r  design_1_i/axi_dynclk_0/U0/axi_dynclk_S00_AXI_inst/slv_reg5_reg[2]/CE
  -------------------------------------------------------------------    -------------------

                         (clock clk_fpga_0 rise edge)
                                                     10.000    10.000 r  
    PS7_X0Y0             PS7                          0.000    10.000 r  design_1_i/processing_system7_0/inst/PS7_i/FCLKCLK[0]
                         net (fo=1, routed)           1.101    11.101    design_1_i/processing_system7_0/inst/FCLK_CLK_unbuffered[0]
    BUFGCTRL_X0Y1        BUFG (Prop_bufg_I_O)         0.091    11.192 r  design_1_i/processing_system7_0/inst/buffer_fclk_clk_0.FCLK_CLK_0_BUFG/O
                         net (fo=1587, routed)        1.500    12.692    design_1_i/axi_dynclk_0/U0/axi_dynclk_S00_AXI_inst/s00_axi_aclk
    SLICE_X35Y45         FDRE                                         r  design_1_i/axi_dynclk_0/U0/axi_dynclk_S00_AXI_inst/slv_reg5_reg[2]/C
                         clock pessimism              0.130    12.822    
                         clock uncertainty           -0.154    12.668    
    SLICE_X35Y45         FDRE (Setup_fdre_C_CE)      -0.408    12.260    design_1_i/axi_dynclk_0/U0/axi_dynclk_S00_AXI_inst/slv_reg5_reg[2]
  -------------------------------------------------------------------
                         required time                         12.260    
                         arrival time                          -8.766    
  -------------------------------------------------------------------
                         slack                                  3.494    

Slack (MET) :             3.494ns  (required time - arrival time)
  Source:                 design_1_i/processing_system7_0/inst/PS7_i/MAXIGP0ACLK
                            (rising edge-triggered cell PS7 clocked by clk_fpga_0  {rise@0.000ns fall@5.000ns period=10.000ns})
  Destination:            design_1_i/axi_dynclk_0/U0/axi_dynclk_S00_AXI_inst/slv_reg5_reg[4]/CE
                            (rising edge-triggered cell FDRE clocked by clk_fpga_0  {rise@0.000ns fall@5.000ns period=10.000ns})
  Path Group:             clk_fpga_0
  Path Type:              Setup (Max at Slow Process Corner)
  Requirement:            10.000ns  (clk_fpga_0 rise@10.000ns - clk_fpga_0 rise@0.000ns)
  Data Path Delay:        5.693ns  (logic 1.702ns (29.894%)  route 3.991ns (70.106%))
  Logic Levels:           3  (LUT4=1 LUT5=2)
  Clock Path Skew:        -0.250ns (DCD - SCD + CPR)
    Destination Clock Delay (DCD):    2.692ns = ( 12.693 - 10.000 ) 
    Source Clock Delay      (SCD):    3.073ns
    Clock Pessimism Removal (CPR):    0.130ns
  Clock Uncertainty:      0.154ns  ((TSJ^2 + TIJ^2)^1/2 + DJ) / 2 + PE
    Total System Jitter     (TSJ):    0.071ns
    Total Input Jitter      (TIJ):    0.300ns
    Discrete Jitter          (DJ):    0.000ns
    Phase Error              (PE):    0.000ns

    Location             Delay type                Incr(ns)  Path(ns)    Netlist Resource(s)
  -------------------------------------------------------------------    -------------------
                         (clock clk_fpga_0 rise edge)
                                                      0.000     0.000 r  
    PS7_X0Y0             PS7                          0.000     0.000 r  design_1_i/processing_system7_0/inst/PS7_i/FCLKCLK[0]
                         net (fo=1, routed)           1.207     1.207    design_1_i/processing_system7_0/inst/FCLK_CLK_unbuffered[0]
    BUFGCTRL_X0Y1        BUFG (Prop_bufg_I_O)         0.101     1.308 r  design_1_i/processing_system7_0/inst/buffer_fclk_clk_0.FCLK_CLK_0_BUFG/O
                         net (fo=1587, routed)        1.765     3.073    design_1_i/processing_system7_0/inst/M_AXI_GP0_ACLK
    PS7_X0Y0             PS7                                          r  design_1_i/processing_system7_0/inst/PS7_i/MAXIGP0ACLK
  -------------------------------------------------------------------    -------------------
    PS7_X0Y0             PS7 (Prop_ps7_MAXIGP0ACLK_MAXIGP0WVALID)
                                                      1.334     4.407 r  design_1_i/processing_system7_0/inst/PS7_i/MAXIGP0WVALID
                         net (fo=6, routed)           1.541     5.947    design_1_i/ps7_0_axi_periph/xbar/inst/gen_sasd.crossbar_sasd_0/addr_arbiter_inst/s_axi_wvalid[0]
    SLICE_X16Y53         LUT5 (Prop_lut5_I4_O)        0.124     6.071 r  design_1_i/ps7_0_axi_periph/xbar/inst/gen_sasd.crossbar_sasd_0/addr_arbiter_inst/m_axi_wvalid[2]_INST_0/O
                         net (fo=7, routed)           0.585     6.657    design_1_i/axi_dynclk_0/U0/axi_dynclk_S00_AXI_inst/s00_axi_wvalid
    SLICE_X18Y50         LUT4 (Prop_lut4_I2_O)        0.124     6.781 r  design_1_i/axi_dynclk_0/U0/axi_dynclk_S00_AXI_inst/slv_reg0[31]_i_2/O
                         net (fo=28, routed)          1.305     8.086    design_1_i/axi_dynclk_0/U0/axi_dynclk_S00_AXI_inst/slv_reg_wren__0
    SLICE_X33Y46         LUT5 (Prop_lut5_I0_O)        0.120     8.206 r  design_1_i/axi_dynclk_0/U0/axi_dynclk_S00_AXI_inst/slv_reg5[7]_i_1/O
                         net (fo=8, routed)           0.560     8.766    design_1_i/axi_dynclk_0/U0/axi_dynclk_S00_AXI_inst/slv_reg5[7]_i_1_n_0
    SLICE_X35Y45         FDRE                                         r  design_1_i/axi_dynclk_0/U0/axi_dynclk_S00_AXI_inst/slv_reg5_reg[4]/CE
  -------------------------------------------------------------------    -------------------

                         (clock clk_fpga_0 rise edge)
                                                     10.000    10.000 r  
    PS7_X0Y0             PS7                          0.000    10.000 r  design_1_i/processing_system7_0/inst/PS7_i/FCLKCLK[0]
                         net (fo=1, routed)           1.101    11.101    design_1_i/processing_system7_0/inst/FCLK_CLK_unbuffered[0]
    BUFGCTRL_X0Y1        BUFG (Prop_bufg_I_O)         0.091    11.192 r  design_1_i/processing_system7_0/inst/buffer_fclk_clk_0.FCLK_CLK_0_BUFG/O
                         net (fo=1587, routed)        1.500    12.692    design_1_i/axi_dynclk_0/U0/axi_dynclk_S00_AXI_inst/s00_axi_aclk
    SLICE_X35Y45         FDRE                                         r  design_1_i/axi_dynclk_0/U0/axi_dynclk_S00_AXI_inst/slv_reg5_reg[4]/C
                         clock pessimism              0.130    12.822    
                         clock uncertainty           -0.154    12.668    
    SLICE_X35Y45         FDRE (Setup_fdre_C_CE)      -0.408    12.260    design_1_i/axi_dynclk_0/U0/axi_dynclk_S00_AXI_inst/slv_reg5_reg[4]
  -------------------------------------------------------------------
                         required time                         12.260    
                         arrival time                          -8.766    
  -------------------------------------------------------------------
                         slack                                  3.494    

Slack (MET) :             3.494ns  (required time - arrival time)
  Source:                 design_1_i/processing_system7_0/inst/PS7_i/MAXIGP0ACLK
                            (rising edge-triggered cell PS7 clocked by clk_fpga_0  {rise@0.000ns fall@5.000ns period=10.000ns})
  Destination:            design_1_i/axi_dynclk_0/U0/axi_dynclk_S00_AXI_inst/slv_reg5_reg[5]/CE
                            (rising edge-triggered cell FDRE clocked by clk_fpga_0  {rise@0.000ns fall@5.000ns period=10.000ns})
  Path Group:             clk_fpga_0
  Path Type:              Setup (Max at Slow Process Corner)
  Requirement:            10.000ns  (clk_fpga_0 rise@10.000ns - clk_fpga_0 rise@0.000ns)
  Data Path Delay:        5.693ns  (logic 1.702ns (29.894%)  route 3.991ns (70.106%))
  Logic Levels:           3  (LUT4=1 LUT5=2)
  Clock Path Skew:        -0.250ns (DCD - SCD + CPR)
    Destination Clock Delay (DCD):    2.692ns = ( 12.693 - 10.000 ) 
    Source Clock Delay      (SCD):    3.073ns
    Clock Pessimism Removal (CPR):    0.130ns
  Clock Uncertainty:      0.154ns  ((TSJ^2 + TIJ^2)^1/2 + DJ) / 2 + PE
    Total System Jitter     (TSJ):    0.071ns
    Total Input Jitter      (TIJ):    0.300ns
    Discrete Jitter          (DJ):    0.000ns
    Phase Error              (PE):    0.000ns

    Location             Delay type                Incr(ns)  Path(ns)    Netlist Resource(s)
  -------------------------------------------------------------------    -------------------
                         (clock clk_fpga_0 rise edge)
                                                      0.000     0.000 r  
    PS7_X0Y0             PS7                          0.000     0.000 r  design_1_i/processing_system7_0/inst/PS7_i/FCLKCLK[0]
                         net (fo=1, routed)           1.207     1.207    design_1_i/processing_system7_0/inst/FCLK_CLK_unbuffered[0]
    BUFGCTRL_X0Y1        BUFG (Prop_bufg_I_O)         0.101     1.308 r  design_1_i/processing_system7_0/inst/buffer_fclk_clk_0.FCLK_CLK_0_BUFG/O
                         net (fo=1587, routed)        1.765     3.073    design_1_i/processing_system7_0/inst/M_AXI_GP0_ACLK
    PS7_X0Y0             PS7                                          r  design_1_i/processing_system7_0/inst/PS7_i/MAXIGP0ACLK
  -------------------------------------------------------------------    -------------------
    PS7_X0Y0             PS7 (Prop_ps7_MAXIGP0ACLK_MAXIGP0WVALID)
                                                      1.334     4.407 r  design_1_i/processing_system7_0/inst/PS7_i/MAXIGP0WVALID
                         net (fo=6, routed)           1.541     5.947    design_1_i/ps7_0_axi_periph/xbar/inst/gen_sasd.crossbar_sasd_0/addr_arbiter_inst/s_axi_wvalid[0]
    SLICE_X16Y53         LUT5 (Prop_lut5_I4_O)        0.124     6.071 r  design_1_i/ps7_0_axi_periph/xbar/inst/gen_sasd.crossbar_sasd_0/addr_arbiter_inst/m_axi_wvalid[2]_INST_0/O
                         net (fo=7, routed)           0.585     6.657    design_1_i/axi_dynclk_0/U0/axi_dynclk_S00_AXI_inst/s00_axi_wvalid
    SLICE_X18Y50         LUT4 (Prop_lut4_I2_O)        0.124     6.781 r  design_1_i/axi_dynclk_0/U0/axi_dynclk_S00_AXI_inst/slv_reg0[31]_i_2/O
                         net (fo=28, routed)          1.305     8.086    design_1_i/axi_dynclk_0/U0/axi_dynclk_S00_AXI_inst/slv_reg_wren__0
    SLICE_X33Y46         LUT5 (Prop_lut5_I0_O)        0.120     8.206 r  design_1_i/axi_dynclk_0/U0/axi_dynclk_S00_AXI_inst/slv_reg5[7]_i_1/O
                         net (fo=8, routed)           0.560     8.766    design_1_i/axi_dynclk_0/U0/axi_dynclk_S00_AXI_inst/slv_reg5[7]_i_1_n_0
    SLICE_X35Y45         FDRE                                         r  design_1_i/axi_dynclk_0/U0/axi_dynclk_S00_AXI_inst/slv_reg5_reg[5]/CE
  -------------------------------------------------------------------    -------------------

                         (clock clk_fpga_0 rise edge)
                                                     10.000    10.000 r  
    PS7_X0Y0             PS7                          0.000    10.000 r  design_1_i/processing_system7_0/inst/PS7_i/FCLKCLK[0]
                         net (fo=1, routed)           1.101    11.101    design_1_i/processing_system7_0/inst/FCLK_CLK_unbuffered[0]
    BUFGCTRL_X0Y1        BUFG (Prop_bufg_I_O)         0.091    11.192 r  design_1_i/processing_system7_0/inst/buffer_fclk_clk_0.FCLK_CLK_0_BUFG/O
                         net (fo=1587, routed)        1.500    12.692    design_1_i/axi_dynclk_0/U0/axi_dynclk_S00_AXI_inst/s00_axi_aclk
    SLICE_X35Y45         FDRE                                         r  design_1_i/axi_dynclk_0/U0/axi_dynclk_S00_AXI_inst/slv_reg5_reg[5]/C
                         clock pessimism              0.130    12.822    
                         clock uncertainty           -0.154    12.668    
    SLICE_X35Y45         FDRE (Setup_fdre_C_CE)      -0.408    12.260    design_1_i/axi_dynclk_0/U0/axi_dynclk_S00_AXI_inst/slv_reg5_reg[5]
  -------------------------------------------------------------------
                         required time                         12.260    
                         arrival time                          -8.766    
  -------------------------------------------------------------------
                         slack                                  3.494    





Min Delay Paths
--------------------------------------------------------------------------------------
Slack (MET) :             0.032ns  (arrival time - required time)
  Source:                 design_1_i/ps7_0_axi_periph/s00_couplers/auto_pc/inst/gen_axilite.gen_b2s_conv.axilite_b2s/SI_REG/aw.aw_pipe/m_payload_i_reg[52]/C
                            (rising edge-triggered cell FDRE clocked by clk_fpga_0  {rise@0.000ns fall@5.000ns period=10.000ns})
  Destination:            design_1_i/ps7_0_axi_periph/s00_couplers/auto_pc/inst/gen_axilite.gen_b2s_conv.axilite_b2s/WR.aw_channel_0/s_awid_r_reg[2]/D
                            (rising edge-triggered cell FDRE clocked by clk_fpga_0  {rise@0.000ns fall@5.000ns period=10.000ns})
  Path Group:             clk_fpga_0
  Path Type:              Hold (Min at Fast Process Corner)
  Requirement:            0.000ns  (clk_fpga_0 rise@0.000ns - clk_fpga_0 rise@0.000ns)
  Data Path Delay:        0.363ns  (logic 0.141ns (38.858%)  route 0.222ns (61.142%))
  Logic Levels:           0  
  Clock Path Skew:        0.267ns (DCD - SCD - CPR)
    Destination Clock Delay (DCD):    1.223ns
    Source Clock Delay      (SCD):    0.927ns
    Clock Pessimism Removal (CPR):    0.029ns

    Location             Delay type                Incr(ns)  Path(ns)    Netlist Resource(s)
  -------------------------------------------------------------------    -------------------
                         (clock clk_fpga_0 rise edge)
                                                      0.000     0.000 r  
    PS7_X0Y0             PS7                          0.000     0.000 r  design_1_i/processing_system7_0/inst/PS7_i/FCLKCLK[0]
                         net (fo=1, routed)           0.315     0.315    design_1_i/processing_system7_0/inst/FCLK_CLK_unbuffered[0]
    BUFGCTRL_X0Y1        BUFG (Prop_bufg_I_O)         0.026     0.341 r  design_1_i/processing_system7_0/inst/buffer_fclk_clk_0.FCLK_CLK_0_BUFG/O
                         net (fo=1587, routed)        0.586     0.927    design_1_i/ps7_0_axi_periph/s00_couplers/auto_pc/inst/gen_axilite.gen_b2s_conv.axilite_b2s/SI_REG/aw.aw_pipe/aclk
    SLICE_X3Y48          FDRE                                         r  design_1_i/ps7_0_axi_periph/s00_couplers/auto_pc/inst/gen_axilite.gen_b2s_conv.axilite_b2s/SI_REG/aw.aw_pipe/m_payload_i_reg[52]/C
  -------------------------------------------------------------------    -------------------
    SLICE_X3Y48          FDRE (Prop_fdre_C_Q)         0.141     1.068 r  design_1_i/ps7_0_axi_periph/s00_couplers/auto_pc/inst/gen_axilite.gen_b2s_conv.axilite_b2s/SI_REG/aw.aw_pipe/m_payload_i_reg[52]/Q
                         net (fo=1, routed)           0.222     1.289    design_1_i/ps7_0_axi_periph/s00_couplers/auto_pc/inst/gen_axilite.gen_b2s_conv.axilite_b2s/WR.aw_channel_0/s_awid_r_reg[11]_0[21]
    SLICE_X4Y51          FDRE                                         r  design_1_i/ps7_0_axi_periph/s00_couplers/auto_pc/inst/gen_axilite.gen_b2s_conv.axilite_b2s/WR.aw_channel_0/s_awid_r_reg[2]/D
  -------------------------------------------------------------------    -------------------

                         (clock clk_fpga_0 rise edge)
                                                      0.000     0.000 r  
    PS7_X0Y0             PS7                          0.000     0.000 r  design_1_i/processing_system7_0/inst/PS7_i/FCLKCLK[0]
                         net (fo=1, routed)           0.341     0.341    design_1_i/processing_system7_0/inst/FCLK_CLK_unbuffered[0]
    BUFGCTRL_X0Y1        BUFG (Prop_bufg_I_O)         0.029     0.370 r  design_1_i/processing_system7_0/inst/buffer_fclk_clk_0.FCLK_CLK_0_BUFG/O
                         net (fo=1587, routed)        0.853     1.223    design_1_i/ps7_0_axi_periph/s00_couplers/auto_pc/inst/gen_axilite.gen_b2s_conv.axilite_b2s/WR.aw_channel_0/aclk
    SLICE_X4Y51          FDRE                                         r  design_1_i/ps7_0_axi_periph/s00_couplers/auto_pc/inst/gen_axilite.gen_b2s_conv.axilite_b2s/WR.aw_channel_0/s_awid_r_reg[2]/C
                         clock pessimism             -0.029     1.194    
    SLICE_X4Y51          FDRE (Hold_fdre_C_D)         0.063     1.257    design_1_i/ps7_0_axi_periph/s00_couplers/auto_pc/inst/gen_axilite.gen_b2s_conv.axilite_b2s/WR.aw_channel_0/s_awid_r_reg[2]
  -------------------------------------------------------------------
                         required time                         -1.257    
                         arrival time                           1.289    
  -------------------------------------------------------------------
                         slack                                  0.032    

Slack (MET) :             0.037ns  (arrival time - required time)
  Source:                 design_1_i/ps7_0_axi_periph/s00_couplers/auto_pc/inst/gen_axilite.gen_b2s_conv.axilite_b2s/SI_REG/r.r_pipe/skid_buffer_reg[46]/C
                            (rising edge-triggered cell FDRE clocked by clk_fpga_0  {rise@0.000ns fall@5.000ns period=10.000ns})
  Destination:            design_1_i/ps7_0_axi_periph/s00_couplers/auto_pc/inst/gen_axilite.gen_b2s_conv.axilite_b2s/SI_REG/r.r_pipe/m_payload_i_reg[46]/D
                            (rising edge-triggered cell FDRE clocked by clk_fpga_0  {rise@0.000ns fall@5.000ns period=10.000ns})
  Path Group:             clk_fpga_0
  Path Type:              Hold (Min at Fast Process Corner)
  Requirement:            0.000ns  (clk_fpga_0 rise@0.000ns - clk_fpga_0 rise@0.000ns)
  Data Path Delay:        0.414ns  (logic 0.213ns (51.466%)  route 0.201ns (48.534%))
  Logic Levels:           1  (LUT3=1)
  Clock Path Skew:        0.270ns (DCD - SCD - CPR)
    Destination Clock Delay (DCD):    1.222ns
    Source Clock Delay      (SCD):    0.923ns
    Clock Pessimism Removal (CPR):    0.029ns

    Location             Delay type                Incr(ns)  Path(ns)    Netlist Resource(s)
  -------------------------------------------------------------------    -------------------
                         (clock clk_fpga_0 rise edge)
                                                      0.000     0.000 r  
    PS7_X0Y0             PS7                          0.000     0.000 r  design_1_i/processing_system7_0/inst/PS7_i/FCLKCLK[0]
                         net (fo=1, routed)           0.315     0.315    design_1_i/processing_system7_0/inst/FCLK_CLK_unbuffered[0]
    BUFGCTRL_X0Y1        BUFG (Prop_bufg_I_O)         0.026     0.341 r  design_1_i/processing_system7_0/inst/buffer_fclk_clk_0.FCLK_CLK_0_BUFG/O
                         net (fo=1587, routed)        0.582     0.923    design_1_i/ps7_0_axi_periph/s00_couplers/auto_pc/inst/gen_axilite.gen_b2s_conv.axilite_b2s/SI_REG/r.r_pipe/aclk
    SLICE_X0Y50          FDRE                                         r  design_1_i/ps7_0_axi_periph/s00_couplers/auto_pc/inst/gen_axilite.gen_b2s_conv.axilite_b2s/SI_REG/r.r_pipe/skid_buffer_reg[46]/C
  -------------------------------------------------------------------    -------------------
    SLICE_X0Y50          FDRE (Prop_fdre_C_Q)         0.164     1.087 r  design_1_i/ps7_0_axi_periph/s00_couplers/auto_pc/inst/gen_axilite.gen_b2s_conv.axilite_b2s/SI_REG/r.r_pipe/skid_buffer_reg[46]/Q
                         net (fo=1, routed)           0.201     1.287    design_1_i/ps7_0_axi_periph/s00_couplers/auto_pc/inst/gen_axilite.gen_b2s_conv.axilite_b2s/SI_REG/r.r_pipe/skid_buffer_reg_n_0_[46]
    SLICE_X1Y49          LUT3 (Prop_lut3_I2_O)        0.049     1.336 r  design_1_i/ps7_0_axi_periph/s00_couplers/auto_pc/inst/gen_axilite.gen_b2s_conv.axilite_b2s/SI_REG/r.r_pipe/m_payload_i[46]_i_2/O
                         net (fo=1, routed)           0.000     1.336    design_1_i/ps7_0_axi_periph/s00_couplers/auto_pc/inst/gen_axilite.gen_b2s_conv.axilite_b2s/SI_REG/r.r_pipe/m_payload_i[46]_i_2_n_0
    SLICE_X1Y49          FDRE                                         r  design_1_i/ps7_0_axi_periph/s00_couplers/auto_pc/inst/gen_axilite.gen_b2s_conv.axilite_b2s/SI_REG/r.r_pipe/m_payload_i_reg[46]/D
  -------------------------------------------------------------------    -------------------

                         (clock clk_fpga_0 rise edge)
                                                      0.000     0.000 r  
    PS7_X0Y0             PS7                          0.000     0.000 r  design_1_i/processing_system7_0/inst/PS7_i/FCLKCLK[0]
                         net (fo=1, routed)           0.341     0.341    design_1_i/processing_system7_0/inst/FCLK_CLK_unbuffered[0]
    BUFGCTRL_X0Y1        BUFG (Prop_bufg_I_O)         0.029     0.370 r  design_1_i/processing_system7_0/inst/buffer_fclk_clk_0.FCLK_CLK_0_BUFG/O
                         net (fo=1587, routed)        0.852     1.222    design_1_i/ps7_0_axi_periph/s00_couplers/auto_pc/inst/gen_axilite.gen_b2s_conv.axilite_b2s/SI_REG/r.r_pipe/aclk
    SLICE_X1Y49          FDRE                                         r  design_1_i/ps7_0_axi_periph/s00_couplers/auto_pc/inst/gen_axilite.gen_b2s_conv.axilite_b2s/SI_REG/r.r_pipe/m_payload_i_reg[46]/C
                         clock pessimism             -0.029     1.193    
    SLICE_X1Y49          FDRE (Hold_fdre_C_D)         0.107     1.300    design_1_i/ps7_0_axi_periph/s00_couplers/auto_pc/inst/gen_axilite.gen_b2s_conv.axilite_b2s/SI_REG/r.r_pipe/m_payload_i_reg[46]
  -------------------------------------------------------------------
                         required time                         -1.300    
                         arrival time                           1.336    
  -------------------------------------------------------------------
                         slack                                  0.037    

Slack (MET) :             0.042ns  (arrival time - required time)
  Source:                 design_1_i/ps7_0_axi_periph/s00_couplers/auto_pc/inst/gen_axilite.gen_b2s_conv.axilite_b2s/SI_REG/aw.aw_pipe/m_payload_i_reg[24]/C
                            (rising edge-triggered cell FDRE clocked by clk_fpga_0  {rise@0.000ns fall@5.000ns period=10.000ns})
  Destination:            design_1_i/ps7_0_axi_periph/xbar/inst/gen_sasd.crossbar_sasd_0/addr_arbiter_inst/gen_no_arbiter.m_amesg_i_reg[25]/D
                            (rising edge-triggered cell FDRE clocked by clk_fpga_0  {rise@0.000ns fall@5.000ns period=10.000ns})
  Path Group:             clk_fpga_0
  Path Type:              Hold (Min at Fast Process Corner)
  Requirement:            0.000ns  (clk_fpga_0 rise@0.000ns - clk_fpga_0 rise@0.000ns)
  Data Path Delay:        0.407ns  (logic 0.227ns (55.840%)  route 0.180ns (44.160%))
  Logic Levels:           1  (LUT4=1)
  Clock Path Skew:        0.272ns (DCD - SCD - CPR)
    Destination Clock Delay (DCD):    1.224ns
    Source Clock Delay      (SCD):    0.923ns
    Clock Pessimism Removal (CPR):    0.029ns

    Location             Delay type                Incr(ns)  Path(ns)    Netlist Resource(s)
  -------------------------------------------------------------------    -------------------
                         (clock clk_fpga_0 rise edge)
                                                      0.000     0.000 r  
    PS7_X0Y0             PS7                          0.000     0.000 r  design_1_i/processing_system7_0/inst/PS7_i/FCLKCLK[0]
                         net (fo=1, routed)           0.315     0.315    design_1_i/processing_system7_0/inst/FCLK_CLK_unbuffered[0]
    BUFGCTRL_X0Y1        BUFG (Prop_bufg_I_O)         0.026     0.341 r  design_1_i/processing_system7_0/inst/buffer_fclk_clk_0.FCLK_CLK_0_BUFG/O
                         net (fo=1587, routed)        0.582     0.923    design_1_i/ps7_0_axi_periph/s00_couplers/auto_pc/inst/gen_axilite.gen_b2s_conv.axilite_b2s/SI_REG/aw.aw_pipe/aclk
    SLICE_X1Y50          FDRE                                         r  design_1_i/ps7_0_axi_periph/s00_couplers/auto_pc/inst/gen_axilite.gen_b2s_conv.axilite_b2s/SI_REG/aw.aw_pipe/m_payload_i_reg[24]/C
  -------------------------------------------------------------------    -------------------
    SLICE_X1Y50          FDRE (Prop_fdre_C_Q)         0.128     1.051 r  design_1_i/ps7_0_axi_periph/s00_couplers/auto_pc/inst/gen_axilite.gen_b2s_conv.axilite_b2s/SI_REG/aw.aw_pipe/m_payload_i_reg[24]/Q
                         net (fo=1, routed)           0.180     1.230    design_1_i/ps7_0_axi_periph/xbar/inst/gen_sasd.crossbar_sasd_0/addr_arbiter_inst/s_axi_awaddr[24]
    SLICE_X2Y47          LUT4 (Prop_lut4_I3_O)        0.099     1.329 r  design_1_i/ps7_0_axi_periph/xbar/inst/gen_sasd.crossbar_sasd_0/addr_arbiter_inst/gen_no_arbiter.m_amesg_i[25]_i_1/O
                         net (fo=1, routed)           0.000     1.329    design_1_i/ps7_0_axi_periph/xbar/inst/gen_sasd.crossbar_sasd_0/addr_arbiter_inst/s_amesg[25]
    SLICE_X2Y47          FDRE                                         r  design_1_i/ps7_0_axi_periph/xbar/inst/gen_sasd.crossbar_sasd_0/addr_arbiter_inst/gen_no_arbiter.m_amesg_i_reg[25]/D
  -------------------------------------------------------------------    -------------------

                         (clock clk_fpga_0 rise edge)
                                                      0.000     0.000 r  
    PS7_X0Y0             PS7                          0.000     0.000 r  design_1_i/processing_system7_0/inst/PS7_i/FCLKCLK[0]
                         net (fo=1, routed)           0.341     0.341    design_1_i/processing_system7_0/inst/FCLK_CLK_unbuffered[0]
    BUFGCTRL_X0Y1        BUFG (Prop_bufg_I_O)         0.029     0.370 r  design_1_i/processing_system7_0/inst/buffer_fclk_clk_0.FCLK_CLK_0_BUFG/O
                         net (fo=1587, routed)        0.854     1.224    design_1_i/ps7_0_axi_periph/xbar/inst/gen_sasd.crossbar_sasd_0/addr_arbiter_inst/aclk
    SLICE_X2Y47          FDRE                                         r  design_1_i/ps7_0_axi_periph/xbar/inst/gen_sasd.crossbar_sasd_0/addr_arbiter_inst/gen_no_arbiter.m_amesg_i_reg[25]/C
                         clock pessimism             -0.029     1.195    
    SLICE_X2Y47          FDRE (Hold_fdre_C_D)         0.092     1.287    design_1_i/ps7_0_axi_periph/xbar/inst/gen_sasd.crossbar_sasd_0/addr_arbiter_inst/gen_no_arbiter.m_amesg_i_reg[25]
  -------------------------------------------------------------------
                         required time                         -1.287    
                         arrival time                           1.329    
  -------------------------------------------------------------------
                         slack                                  0.042    

Slack (MET) :             0.043ns  (arrival time - required time)
  Source:                 design_1_i/axi_dynclk_0/U0/Inst_mmcme2_drp/FSM_onehot_current_state_reg[7]/C
                            (rising edge-triggered cell FDRE clocked by clk_fpga_0  {rise@0.000ns fall@5.000ns period=10.000ns})
  Destination:            design_1_i/axi_dynclk_0/U0/Inst_mmcme2_drp/DWE_reg/D
                            (rising edge-triggered cell FDRE clocked by clk_fpga_0  {rise@0.000ns fall@5.000ns period=10.000ns})
  Path Group:             clk_fpga_0
  Path Type:              Hold (Min at Fast Process Corner)
  Requirement:            0.000ns  (clk_fpga_0 rise@0.000ns - clk_fpga_0 rise@0.000ns)
  Data Path Delay:        0.381ns  (logic 0.141ns (37.017%)  route 0.240ns (62.983%))
  Logic Levels:           0  
  Clock Path Skew:        0.268ns (DCD - SCD - CPR)
    Destination Clock Delay (DCD):    1.231ns
    Source Clock Delay      (SCD):    0.934ns
    Clock Pessimism Removal (CPR):    0.029ns

    Location             Delay type                Incr(ns)  Path(ns)    Netlist Resource(s)
  -------------------------------------------------------------------    -------------------
                         (clock clk_fpga_0 rise edge)
                                                      0.000     0.000 r  
    PS7_X0Y0             PS7                          0.000     0.000 r  design_1_i/processing_system7_0/inst/PS7_i/FCLKCLK[0]
                         net (fo=1, routed)           0.315     0.315    design_1_i/processing_system7_0/inst/FCLK_CLK_unbuffered[0]
    BUFGCTRL_X0Y1        BUFG (Prop_bufg_I_O)         0.026     0.341 r  design_1_i/processing_system7_0/inst/buffer_fclk_clk_0.FCLK_CLK_0_BUFG/O
                         net (fo=1587, routed)        0.593     0.934    design_1_i/axi_dynclk_0/U0/Inst_mmcme2_drp/s00_axi_aclk
    SLICE_X41Y49         FDRE                                         r  design_1_i/axi_dynclk_0/U0/Inst_mmcme2_drp/FSM_onehot_current_state_reg[7]/C
  -------------------------------------------------------------------    -------------------
    SLICE_X41Y49         FDRE (Prop_fdre_C_Q)         0.141     1.075 r  design_1_i/axi_dynclk_0/U0/Inst_mmcme2_drp/FSM_onehot_current_state_reg[7]/Q
                         net (fo=8, routed)           0.240     1.314    design_1_i/axi_dynclk_0/U0/Inst_mmcme2_drp/next_dwe
    SLICE_X43Y51         FDRE                                         r  design_1_i/axi_dynclk_0/U0/Inst_mmcme2_drp/DWE_reg/D
  -------------------------------------------------------------------    -------------------

                         (clock clk_fpga_0 rise edge)
                                                      0.000     0.000 r  
    PS7_X0Y0             PS7                          0.000     0.000 r  design_1_i/processing_system7_0/inst/PS7_i/FCLKCLK[0]
                         net (fo=1, routed)           0.341     0.341    design_1_i/processing_system7_0/inst/FCLK_CLK_unbuffered[0]
    BUFGCTRL_X0Y1        BUFG (Prop_bufg_I_O)         0.029     0.370 r  design_1_i/processing_system7_0/inst/buffer_fclk_clk_0.FCLK_CLK_0_BUFG/O
                         net (fo=1587, routed)        0.861     1.231    design_1_i/axi_dynclk_0/U0/Inst_mmcme2_drp/s00_axi_aclk
    SLICE_X43Y51         FDRE                                         r  design_1_i/axi_dynclk_0/U0/Inst_mmcme2_drp/DWE_reg/C
                         clock pessimism             -0.029     1.202    
    SLICE_X43Y51         FDRE (Hold_fdre_C_D)         0.070     1.272    design_1_i/axi_dynclk_0/U0/Inst_mmcme2_drp/DWE_reg
  -------------------------------------------------------------------
                         required time                         -1.272    
                         arrival time                           1.314    
  -------------------------------------------------------------------
                         slack                                  0.043    

Slack (MET) :             0.046ns  (arrival time - required time)
  Source:                 design_1_i/ps7_0_axi_periph/s00_couplers/auto_pc/inst/gen_axilite.gen_b2s_conv.axilite_b2s/SI_REG/b.b_pipe/m_payload_i_reg[0]/C
                            (rising edge-triggered cell FDRE clocked by clk_fpga_0  {rise@0.000ns fall@5.000ns period=10.000ns})
  Destination:            design_1_i/processing_system7_0/inst/PS7_i/MAXIGP0BRESP[0]
                            (rising edge-triggered cell PS7 clocked by clk_fpga_0  {rise@0.000ns fall@5.000ns period=10.000ns})
  Path Group:             clk_fpga_0
  Path Type:              Hold (Min at Fast Process Corner)
  Requirement:            0.000ns  (clk_fpga_0 rise@0.000ns - clk_fpga_0 rise@0.000ns)
  Data Path Delay:        0.356ns  (logic 0.141ns (39.585%)  route 0.215ns (60.415%))
  Logic Levels:           0  
  Clock Path Skew:        0.310ns (DCD - SCD - CPR)
    Destination Clock Delay (DCD):    1.263ns
    Source Clock Delay      (SCD):    0.924ns
    Clock Pessimism Removal (CPR):    0.029ns

    Location             Delay type                Incr(ns)  Path(ns)    Netlist Resource(s)
  -------------------------------------------------------------------    -------------------
                         (clock clk_fpga_0 rise edge)
                                                      0.000     0.000 r  
    PS7_X0Y0             PS7                          0.000     0.000 r  design_1_i/processing_system7_0/inst/PS7_i/FCLKCLK[0]
                         net (fo=1, routed)           0.315     0.315    design_1_i/processing_system7_0/inst/FCLK_CLK_unbuffered[0]
    BUFGCTRL_X0Y1        BUFG (Prop_bufg_I_O)         0.026     0.341 r  design_1_i/processing_system7_0/inst/buffer_fclk_clk_0.FCLK_CLK_0_BUFG/O
                         net (fo=1587, routed)        0.583     0.924    design_1_i/ps7_0_axi_periph/s00_couplers/auto_pc/inst/gen_axilite.gen_b2s_conv.axilite_b2s/SI_REG/b.b_pipe/aclk
    SLICE_X3Y53          FDRE                                         r  design_1_i/ps7_0_axi_periph/s00_couplers/auto_pc/inst/gen_axilite.gen_b2s_conv.axilite_b2s/SI_REG/b.b_pipe/m_payload_i_reg[0]/C
  -------------------------------------------------------------------    -------------------
    SLICE_X3Y53          FDRE (Prop_fdre_C_Q)         0.141     1.065 r  design_1_i/ps7_0_axi_periph/s00_couplers/auto_pc/inst/gen_axilite.gen_b2s_conv.axilite_b2s/SI_REG/b.b_pipe/m_payload_i_reg[0]/Q
                         net (fo=1, routed)           0.215     1.280    design_1_i/processing_system7_0/inst/M_AXI_GP0_BRESP[0]
    PS7_X0Y0             PS7                                          r  design_1_i/processing_system7_0/inst/PS7_i/MAXIGP0BRESP[0]
  -------------------------------------------------------------------    -------------------

                         (clock clk_fpga_0 rise edge)
                                                      0.000     0.000 r  
    PS7_X0Y0             PS7                          0.000     0.000 r  design_1_i/processing_system7_0/inst/PS7_i/FCLKCLK[0]
                         net (fo=1, routed)           0.341     0.341    design_1_i/processing_system7_0/inst/FCLK_CLK_unbuffered[0]
    BUFGCTRL_X0Y1        BUFG (Prop_bufg_I_O)         0.029     0.370 r  design_1_i/processing_system7_0/inst/buffer_fclk_clk_0.FCLK_CLK_0_BUFG/O
                         net (fo=1587, routed)        0.893     1.263    design_1_i/processing_system7_0/inst/M_AXI_GP0_ACLK
    PS7_X0Y0             PS7                                          r  design_1_i/processing_system7_0/inst/PS7_i/MAXIGP0ACLK
                         clock pessimism             -0.029     1.234    
    PS7_X0Y0             PS7 (Hold_ps7_MAXIGP0ACLK_MAXIGP0BRESP[0])
                                                      0.000     1.234    design_1_i/processing_system7_0/inst/PS7_i
  -------------------------------------------------------------------
                         required time                         -1.234    
                         arrival time                           1.280    
  -------------------------------------------------------------------
                         slack                                  0.046    

Slack (MET) :             0.048ns  (arrival time - required time)
  Source:                 design_1_i/axi_dynclk_0/U0/axi_dynclk_S00_AXI_inst/slv_reg6_reg[30]/C
                            (rising edge-triggered cell FDRE clocked by clk_fpga_0  {rise@0.000ns fall@5.000ns period=10.000ns})
  Destination:            design_1_i/axi_dynclk_0/U0/axi_dynclk_S00_AXI_inst/axi_rdata_reg[30]/D
                            (rising edge-triggered cell FDRE clocked by clk_fpga_0  {rise@0.000ns fall@5.000ns period=10.000ns})
  Path Group:             clk_fpga_0
  Path Type:              Hold (Min at Fast Process Corner)
  Requirement:            0.000ns  (clk_fpga_0 rise@0.000ns - clk_fpga_0 rise@0.000ns)
  Data Path Delay:        0.419ns  (logic 0.260ns (62.068%)  route 0.159ns (37.932%))
  Logic Levels:           2  (LUT6=1 MUXF7=1)
  Clock Path Skew:        0.265ns (DCD - SCD - CPR)
    Destination Clock Delay (DCD):    1.201ns
    Source Clock Delay      (SCD):    0.902ns
    Clock Pessimism Removal (CPR):    0.034ns

    Location             Delay type                Incr(ns)  Path(ns)    Netlist Resource(s)
  -------------------------------------------------------------------    -------------------
                         (clock clk_fpga_0 rise edge)
                                                      0.000     0.000 r  
    PS7_X0Y0             PS7                          0.000     0.000 r  design_1_i/processing_system7_0/inst/PS7_i/FCLKCLK[0]
                         net (fo=1, routed)           0.315     0.315    design_1_i/processing_system7_0/inst/FCLK_CLK_unbuffered[0]
    BUFGCTRL_X0Y1        BUFG (Prop_bufg_I_O)         0.026     0.341 r  design_1_i/processing_system7_0/inst/buffer_fclk_clk_0.FCLK_CLK_0_BUFG/O
                         net (fo=1587, routed)        0.561     0.902    design_1_i/axi_dynclk_0/U0/axi_dynclk_S00_AXI_inst/s00_axi_aclk
    SLICE_X23Y49         FDRE                                         r  design_1_i/axi_dynclk_0/U0/axi_dynclk_S00_AXI_inst/slv_reg6_reg[30]/C
  -------------------------------------------------------------------    -------------------
    SLICE_X23Y49         FDRE (Prop_fdre_C_Q)         0.141     1.043 r  design_1_i/axi_dynclk_0/U0/axi_dynclk_S00_AXI_inst/slv_reg6_reg[30]/Q
                         net (fo=2, routed)           0.159     1.201    design_1_i/axi_dynclk_0/U0/axi_dynclk_S00_AXI_inst/slv_reg6_reg[30]_0[0]
    SLICE_X21Y47         LUT6 (Prop_lut6_I1_O)        0.045     1.246 r  design_1_i/axi_dynclk_0/U0/axi_dynclk_S00_AXI_inst/axi_rdata[30]_i_3/O
                         net (fo=1, routed)           0.000     1.246    design_1_i/axi_dynclk_0/U0/axi_dynclk_S00_AXI_inst/axi_rdata[30]_i_3_n_0
    SLICE_X21Y47         MUXF7 (Prop_muxf7_I1_O)      0.074     1.320 r  design_1_i/axi_dynclk_0/U0/axi_dynclk_S00_AXI_inst/axi_rdata_reg[30]_i_1/O
                         net (fo=1, routed)           0.000     1.320    design_1_i/axi_dynclk_0/U0/axi_dynclk_S00_AXI_inst/reg_data_out[30]
    SLICE_X21Y47         FDRE                                         r  design_1_i/axi_dynclk_0/U0/axi_dynclk_S00_AXI_inst/axi_rdata_reg[30]/D
  -------------------------------------------------------------------    -------------------

                         (clock clk_fpga_0 rise edge)
                                                      0.000     0.000 r  
    PS7_X0Y0             PS7                          0.000     0.000 r  design_1_i/processing_system7_0/inst/PS7_i/FCLKCLK[0]
                         net (fo=1, routed)           0.341     0.341    design_1_i/processing_system7_0/inst/FCLK_CLK_unbuffered[0]
    BUFGCTRL_X0Y1        BUFG (Prop_bufg_I_O)         0.029     0.370 r  design_1_i/processing_system7_0/inst/buffer_fclk_clk_0.FCLK_CLK_0_BUFG/O
                         net (fo=1587, routed)        0.831     1.201    design_1_i/axi_dynclk_0/U0/axi_dynclk_S00_AXI_inst/s00_axi_aclk
    SLICE_X21Y47         FDRE                                         r  design_1_i/axi_dynclk_0/U0/axi_dynclk_S00_AXI_inst/axi_rdata_reg[30]/C
                         clock pessimism             -0.034     1.167    
    SLICE_X21Y47         FDRE (Hold_fdre_C_D)         0.105     1.272    design_1_i/axi_dynclk_0/U0/axi_dynclk_S00_AXI_inst/axi_rdata_reg[30]
  -------------------------------------------------------------------
                         required time                         -1.272    
                         arrival time                           1.320    
  -------------------------------------------------------------------
                         slack                                  0.048    

Slack (MET) :             0.050ns  (arrival time - required time)
  Source:                 design_1_i/ps7_0_axi_periph/s00_couplers/auto_pc/inst/gen_axilite.gen_b2s_conv.axilite_b2s/SI_REG/b.b_pipe/m_payload_i_reg[10]/C
                            (rising edge-triggered cell FDRE clocked by clk_fpga_0  {rise@0.000ns fall@5.000ns period=10.000ns})
  Destination:            design_1_i/processing_system7_0/inst/PS7_i/MAXIGP0BID[8]
                            (rising edge-triggered cell PS7 clocked by clk_fpga_0  {rise@0.000ns fall@5.000ns period=10.000ns})
  Path Group:             clk_fpga_0
  Path Type:              Hold (Min at Fast Process Corner)
  Requirement:            0.000ns  (clk_fpga_0 rise@0.000ns - clk_fpga_0 rise@0.000ns)
  Data Path Delay:        0.359ns  (logic 0.141ns (39.263%)  route 0.218ns (60.737%))
  Logic Levels:           0  
  Clock Path Skew:        0.309ns (DCD - SCD - CPR)
    Destination Clock Delay (DCD):    1.263ns
    Source Clock Delay      (SCD):    0.925ns
    Clock Pessimism Removal (CPR):    0.029ns

    Location             Delay type                Incr(ns)  Path(ns)    Netlist Resource(s)
  -------------------------------------------------------------------    -------------------
                         (clock clk_fpga_0 rise edge)
                                                      0.000     0.000 r  
    PS7_X0Y0             PS7                          0.000     0.000 r  design_1_i/processing_system7_0/inst/PS7_i/FCLKCLK[0]
                         net (fo=1, routed)           0.315     0.315    design_1_i/processing_system7_0/inst/FCLK_CLK_unbuffered[0]
    BUFGCTRL_X0Y1        BUFG (Prop_bufg_I_O)         0.026     0.341 r  design_1_i/processing_system7_0/inst/buffer_fclk_clk_0.FCLK_CLK_0_BUFG/O
                         net (fo=1587, routed)        0.584     0.925    design_1_i/ps7_0_axi_periph/s00_couplers/auto_pc/inst/gen_axilite.gen_b2s_conv.axilite_b2s/SI_REG/b.b_pipe/aclk
    SLICE_X2Y52          FDRE                                         r  design_1_i/ps7_0_axi_periph/s00_couplers/auto_pc/inst/gen_axilite.gen_b2s_conv.axilite_b2s/SI_REG/b.b_pipe/m_payload_i_reg[10]/C
  -------------------------------------------------------------------    -------------------
    SLICE_X2Y52          FDRE (Prop_fdre_C_Q)         0.141     1.066 r  design_1_i/ps7_0_axi_periph/s00_couplers/auto_pc/inst/gen_axilite.gen_b2s_conv.axilite_b2s/SI_REG/b.b_pipe/m_payload_i_reg[10]/Q
                         net (fo=1, routed)           0.218     1.284    design_1_i/processing_system7_0/inst/M_AXI_GP0_BID[8]
    PS7_X0Y0             PS7                                          r  design_1_i/processing_system7_0/inst/PS7_i/MAXIGP0BID[8]
  -------------------------------------------------------------------    -------------------

                         (clock clk_fpga_0 rise edge)
                                                      0.000     0.000 r  
    PS7_X0Y0             PS7                          0.000     0.000 r  design_1_i/processing_system7_0/inst/PS7_i/FCLKCLK[0]
                         net (fo=1, routed)           0.341     0.341    design_1_i/processing_system7_0/inst/FCLK_CLK_unbuffered[0]
    BUFGCTRL_X0Y1        BUFG (Prop_bufg_I_O)         0.029     0.370 r  design_1_i/processing_system7_0/inst/buffer_fclk_clk_0.FCLK_CLK_0_BUFG/O
                         net (fo=1587, routed)        0.893     1.263    design_1_i/processing_system7_0/inst/M_AXI_GP0_ACLK
    PS7_X0Y0             PS7                                          r  design_1_i/processing_system7_0/inst/PS7_i/MAXIGP0ACLK
                         clock pessimism             -0.029     1.234    
    PS7_X0Y0             PS7 (Hold_ps7_MAXIGP0ACLK_MAXIGP0BID[8])
                                                      0.000     1.234    design_1_i/processing_system7_0/inst/PS7_i
  -------------------------------------------------------------------
                         required time                         -1.234    
                         arrival time                           1.284    
  -------------------------------------------------------------------
                         slack                                  0.050    

Slack (MET) :             0.071ns  (arrival time - required time)
  Source:                 design_1_i/axi_dynclk_0/U0/axi_dynclk_S00_AXI_inst/slv_reg2_reg[26]/C
                            (rising edge-triggered cell FDRE clocked by clk_fpga_0  {rise@0.000ns fall@5.000ns period=10.000ns})
  Destination:            design_1_i/axi_dynclk_0/U0/axi_dynclk_S00_AXI_inst/axi_rdata_reg[26]/D
                            (rising edge-triggered cell FDRE clocked by clk_fpga_0  {rise@0.000ns fall@5.000ns period=10.000ns})
  Path Group:             clk_fpga_0
  Path Type:              Hold (Min at Fast Process Corner)
  Requirement:            0.000ns  (clk_fpga_0 rise@0.000ns - clk_fpga_0 rise@0.000ns)
  Data Path Delay:        0.441ns  (logic 0.248ns (56.179%)  route 0.193ns (43.821%))
  Logic Levels:           2  (LUT5=1 MUXF7=1)
  Clock Path Skew:        0.265ns (DCD - SCD - CPR)
    Destination Clock Delay (DCD):    1.201ns
    Source Clock Delay      (SCD):    0.902ns
    Clock Pessimism Removal (CPR):    0.034ns

    Location             Delay type                Incr(ns)  Path(ns)    Netlist Resource(s)
  -------------------------------------------------------------------    -------------------
                         (clock clk_fpga_0 rise edge)
                                                      0.000     0.000 r  
    PS7_X0Y0             PS7                          0.000     0.000 r  design_1_i/processing_system7_0/inst/PS7_i/FCLKCLK[0]
                         net (fo=1, routed)           0.315     0.315    design_1_i/processing_system7_0/inst/FCLK_CLK_unbuffered[0]
    BUFGCTRL_X0Y1        BUFG (Prop_bufg_I_O)         0.026     0.341 r  design_1_i/processing_system7_0/inst/buffer_fclk_clk_0.FCLK_CLK_0_BUFG/O
                         net (fo=1587, routed)        0.561     0.902    design_1_i/axi_dynclk_0/U0/axi_dynclk_S00_AXI_inst/s00_axi_aclk
    SLICE_X23Y48         FDRE                                         r  design_1_i/axi_dynclk_0/U0/axi_dynclk_S00_AXI_inst/slv_reg2_reg[26]/C
  -------------------------------------------------------------------    -------------------
    SLICE_X23Y48         FDRE (Prop_fdre_C_Q)         0.141     1.043 r  design_1_i/axi_dynclk_0/U0/axi_dynclk_S00_AXI_inst/slv_reg2_reg[26]/Q
                         net (fo=2, routed)           0.193     1.236    design_1_i/axi_dynclk_0/U0/axi_dynclk_S00_AXI_inst/data10[10]
    SLICE_X21Y47         LUT5 (Prop_lut5_I1_O)        0.045     1.281 r  design_1_i/axi_dynclk_0/U0/axi_dynclk_S00_AXI_inst/axi_rdata[26]_i_2/O
                         net (fo=1, routed)           0.000     1.281    design_1_i/axi_dynclk_0/U0/axi_dynclk_S00_AXI_inst/axi_rdata[26]_i_2_n_0
    SLICE_X21Y47         MUXF7 (Prop_muxf7_I0_O)      0.062     1.343 r  design_1_i/axi_dynclk_0/U0/axi_dynclk_S00_AXI_inst/axi_rdata_reg[26]_i_1/O
                         net (fo=1, routed)           0.000     1.343    design_1_i/axi_dynclk_0/U0/axi_dynclk_S00_AXI_inst/reg_data_out[26]
    SLICE_X21Y47         FDRE                                         r  design_1_i/axi_dynclk_0/U0/axi_dynclk_S00_AXI_inst/axi_rdata_reg[26]/D
  -------------------------------------------------------------------    -------------------

                         (clock clk_fpga_0 rise edge)
                                                      0.000     0.000 r  
    PS7_X0Y0             PS7                          0.000     0.000 r  design_1_i/processing_system7_0/inst/PS7_i/FCLKCLK[0]
                         net (fo=1, routed)           0.341     0.341    design_1_i/processing_system7_0/inst/FCLK_CLK_unbuffered[0]
    BUFGCTRL_X0Y1        BUFG (Prop_bufg_I_O)         0.029     0.370 r  design_1_i/processing_system7_0/inst/buffer_fclk_clk_0.FCLK_CLK_0_BUFG/O
                         net (fo=1587, routed)        0.831     1.201    design_1_i/axi_dynclk_0/U0/axi_dynclk_S00_AXI_inst/s00_axi_aclk
    SLICE_X21Y47         FDRE                                         r  design_1_i/axi_dynclk_0/U0/axi_dynclk_S00_AXI_inst/axi_rdata_reg[26]/C
                         clock pessimism             -0.034     1.167    
    SLICE_X21Y47         FDRE (Hold_fdre_C_D)         0.105     1.272    design_1_i/axi_dynclk_0/U0/axi_dynclk_S00_AXI_inst/axi_rdata_reg[26]
  -------------------------------------------------------------------
                         required time                         -1.272    
                         arrival time                           1.343    
  -------------------------------------------------------------------
                         slack                                  0.071    

Slack (MET) :             0.072ns  (arrival time - required time)
  Source:                 design_1_i/ps7_0_axi_periph/s00_couplers/auto_pc/inst/gen_axilite.gen_b2s_conv.axilite_b2s/SI_REG/r.r_pipe/skid_buffer_reg[45]/C
                            (rising edge-triggered cell FDRE clocked by clk_fpga_0  {rise@0.000ns fall@5.000ns period=10.000ns})
  Destination:            design_1_i/ps7_0_axi_periph/s00_couplers/auto_pc/inst/gen_axilite.gen_b2s_conv.axilite_b2s/SI_REG/r.r_pipe/m_payload_i_reg[45]/D
                            (rising edge-triggered cell FDRE clocked by clk_fpga_0  {rise@0.000ns fall@5.000ns period=10.000ns})
  Path Group:             clk_fpga_0
  Path Type:              Hold (Min at Fast Process Corner)
  Requirement:            0.000ns  (clk_fpga_0 rise@0.000ns - clk_fpga_0 rise@0.000ns)
  Data Path Delay:        0.435ns  (logic 0.209ns (48.097%)  route 0.226ns (51.903%))
  Logic Levels:           1  (LUT3=1)
  Clock Path Skew:        0.270ns (DCD - SCD - CPR)
    Destination Clock Delay (DCD):    1.222ns
    Source Clock Delay      (SCD):    0.923ns
    Clock Pessimism Removal (CPR):    0.029ns

    Location             Delay type                Incr(ns)  Path(ns)    Netlist Resource(s)
  -------------------------------------------------------------------    -------------------
                         (clock clk_fpga_0 rise edge)
                                                      0.000     0.000 r  
    PS7_X0Y0             PS7                          0.000     0.000 r  design_1_i/processing_system7_0/inst/PS7_i/FCLKCLK[0]
                         net (fo=1, routed)           0.315     0.315    design_1_i/processing_system7_0/inst/FCLK_CLK_unbuffered[0]
    BUFGCTRL_X0Y1        BUFG (Prop_bufg_I_O)         0.026     0.341 r  design_1_i/processing_system7_0/inst/buffer_fclk_clk_0.FCLK_CLK_0_BUFG/O
                         net (fo=1587, routed)        0.582     0.923    design_1_i/ps7_0_axi_periph/s00_couplers/auto_pc/inst/gen_axilite.gen_b2s_conv.axilite_b2s/SI_REG/r.r_pipe/aclk
    SLICE_X0Y50          FDRE                                         r  design_1_i/ps7_0_axi_periph/s00_couplers/auto_pc/inst/gen_axilite.gen_b2s_conv.axilite_b2s/SI_REG/r.r_pipe/skid_buffer_reg[45]/C
  -------------------------------------------------------------------    -------------------
    SLICE_X0Y50          FDRE (Prop_fdre_C_Q)         0.164     1.087 r  design_1_i/ps7_0_axi_periph/s00_couplers/auto_pc/inst/gen_axilite.gen_b2s_conv.axilite_b2s/SI_REG/r.r_pipe/skid_buffer_reg[45]/Q
                         net (fo=1, routed)           0.226     1.312    design_1_i/ps7_0_axi_periph/s00_couplers/auto_pc/inst/gen_axilite.gen_b2s_conv.axilite_b2s/SI_REG/r.r_pipe/skid_buffer_reg_n_0_[45]
    SLICE_X1Y49          LUT3 (Prop_lut3_I2_O)        0.045     1.357 r  design_1_i/ps7_0_axi_periph/s00_couplers/auto_pc/inst/gen_axilite.gen_b2s_conv.axilite_b2s/SI_REG/r.r_pipe/m_payload_i[45]_i_1__1/O
                         net (fo=1, routed)           0.000     1.357    design_1_i/ps7_0_axi_periph/s00_couplers/auto_pc/inst/gen_axilite.gen_b2s_conv.axilite_b2s/SI_REG/r.r_pipe/m_payload_i[45]_i_1__1_n_0
    SLICE_X1Y49          FDRE                                         r  design_1_i/ps7_0_axi_periph/s00_couplers/auto_pc/inst/gen_axilite.gen_b2s_conv.axilite_b2s/SI_REG/r.r_pipe/m_payload_i_reg[45]/D
  -------------------------------------------------------------------    -------------------

                         (clock clk_fpga_0 rise edge)
                                                      0.000     0.000 r  
    PS7_X0Y0             PS7                          0.000     0.000 r  design_1_i/processing_system7_0/inst/PS7_i/FCLKCLK[0]
                         net (fo=1, routed)           0.341     0.341    design_1_i/processing_system7_0/inst/FCLK_CLK_unbuffered[0]
    BUFGCTRL_X0Y1        BUFG (Prop_bufg_I_O)         0.029     0.370 r  design_1_i/processing_system7_0/inst/buffer_fclk_clk_0.FCLK_CLK_0_BUFG/O
                         net (fo=1587, routed)        0.852     1.222    design_1_i/ps7_0_axi_periph/s00_couplers/auto_pc/inst/gen_axilite.gen_b2s_conv.axilite_b2s/SI_REG/r.r_pipe/aclk
    SLICE_X1Y49          FDRE                                         r  design_1_i/ps7_0_axi_periph/s00_couplers/auto_pc/inst/gen_axilite.gen_b2s_conv.axilite_b2s/SI_REG/r.r_pipe/m_payload_i_reg[45]/C
                         clock pessimism             -0.029     1.193    
    SLICE_X1Y49          FDRE (Hold_fdre_C_D)         0.092     1.285    design_1_i/ps7_0_axi_periph/s00_couplers/auto_pc/inst/gen_axilite.gen_b2s_conv.axilite_b2s/SI_REG/r.r_pipe/m_payload_i_reg[45]
  -------------------------------------------------------------------
                         required time                         -1.285    
                         arrival time                           1.357    
  -------------------------------------------------------------------
                         slack                                  0.072    

Slack (MET) :             0.074ns  (arrival time - required time)
  Source:                 design_1_i/ps7_0_axi_periph/s00_couplers/auto_pc/inst/gen_axilite.gen_b2s_conv.axilite_b2s/SI_REG/ar.ar_pipe/m_payload_i_reg[27]/C
                            (rising edge-triggered cell FDRE clocked by clk_fpga_0  {rise@0.000ns fall@5.000ns period=10.000ns})
  Destination:            design_1_i/ps7_0_axi_periph/xbar/inst/gen_sasd.crossbar_sasd_0/addr_arbiter_inst/gen_no_arbiter.m_amesg_i_reg[28]/D
                            (rising edge-triggered cell FDRE clocked by clk_fpga_0  {rise@0.000ns fall@5.000ns period=10.000ns})
  Path Group:             clk_fpga_0
  Path Type:              Hold (Min at Fast Process Corner)
  Requirement:            0.000ns  (clk_fpga_0 rise@0.000ns - clk_fpga_0 rise@0.000ns)
  Data Path Delay:        0.463ns  (logic 0.209ns (45.169%)  route 0.254ns (54.831%))
  Logic Levels:           1  (LUT4=1)
  Clock Path Skew:        0.267ns (DCD - SCD - CPR)
    Destination Clock Delay (DCD):    1.223ns
    Source Clock Delay      (SCD):    0.927ns
    Clock Pessimism Removal (CPR):    0.029ns

    Location             Delay type                Incr(ns)  Path(ns)    Netlist Resource(s)
  -------------------------------------------------------------------    -------------------
                         (clock clk_fpga_0 rise edge)
                                                      0.000     0.000 r  
    PS7_X0Y0             PS7                          0.000     0.000 r  design_1_i/processing_system7_0/inst/PS7_i/FCLKCLK[0]
                         net (fo=1, routed)           0.315     0.315    design_1_i/processing_system7_0/inst/FCLK_CLK_unbuffered[0]
    BUFGCTRL_X0Y1        BUFG (Prop_bufg_I_O)         0.026     0.341 r  design_1_i/processing_system7_0/inst/buffer_fclk_clk_0.FCLK_CLK_0_BUFG/O
                         net (fo=1587, routed)        0.586     0.927    design_1_i/ps7_0_axi_periph/s00_couplers/auto_pc/inst/gen_axilite.gen_b2s_conv.axilite_b2s/SI_REG/ar.ar_pipe/aclk
    SLICE_X4Y49          FDRE                                         r  design_1_i/ps7_0_axi_periph/s00_couplers/auto_pc/inst/gen_axilite.gen_b2s_conv.axilite_b2s/SI_REG/ar.ar_pipe/m_payload_i_reg[27]/C
  -------------------------------------------------------------------    -------------------
    SLICE_X4Y49          FDRE (Prop_fdre_C_Q)         0.164     1.091 r  design_1_i/ps7_0_axi_periph/s00_couplers/auto_pc/inst/gen_axilite.gen_b2s_conv.axilite_b2s/SI_REG/ar.ar_pipe/m_payload_i_reg[27]/Q
                         net (fo=1, routed)           0.254     1.344    design_1_i/ps7_0_axi_periph/xbar/inst/gen_sasd.crossbar_sasd_0/addr_arbiter_inst/s_axi_araddr[27]
    SLICE_X4Y50          LUT4 (Prop_lut4_I0_O)        0.045     1.389 r  design_1_i/ps7_0_axi_periph/xbar/inst/gen_sasd.crossbar_sasd_0/addr_arbiter_inst/gen_no_arbiter.m_amesg_i[28]_i_1/O
                         net (fo=1, routed)           0.000     1.389    design_1_i/ps7_0_axi_periph/xbar/inst/gen_sasd.crossbar_sasd_0/addr_arbiter_inst/s_amesg[28]
    SLICE_X4Y50          FDRE                                         r  design_1_i/ps7_0_axi_periph/xbar/inst/gen_sasd.crossbar_sasd_0/addr_arbiter_inst/gen_no_arbiter.m_amesg_i_reg[28]/D
  -------------------------------------------------------------------    -------------------

                         (clock clk_fpga_0 rise edge)
                                                      0.000     0.000 r  
    PS7_X0Y0             PS7                          0.000     0.000 r  design_1_i/processing_system7_0/inst/PS7_i/FCLKCLK[0]
                         net (fo=1, routed)           0.341     0.341    design_1_i/processing_system7_0/inst/FCLK_CLK_unbuffered[0]
    BUFGCTRL_X0Y1        BUFG (Prop_bufg_I_O)         0.029     0.370 r  design_1_i/processing_system7_0/inst/buffer_fclk_clk_0.FCLK_CLK_0_BUFG/O
                         net (fo=1587, routed)        0.853     1.223    design_1_i/ps7_0_axi_periph/xbar/inst/gen_sasd.crossbar_sasd_0/addr_arbiter_inst/aclk
    SLICE_X4Y50          FDRE                                         r  design_1_i/ps7_0_axi_periph/xbar/inst/gen_sasd.crossbar_sasd_0/addr_arbiter_inst/gen_no_arbiter.m_amesg_i_reg[28]/C
                         clock pessimism             -0.029     1.194    
    SLICE_X4Y50          FDRE (Hold_fdre_C_D)         0.121     1.315    design_1_i/ps7_0_axi_periph/xbar/inst/gen_sasd.crossbar_sasd_0/addr_arbiter_inst/gen_no_arbiter.m_amesg_i_reg[28]
  -------------------------------------------------------------------
                         required time                         -1.315    
                         arrival time                           1.389    
  -------------------------------------------------------------------
                         slack                                  0.074    





Pulse Width Checks
--------------------------------------------------------------------------------------
Clock Name:         clk_fpga_0
Waveform(ns):       { 0.000 5.000 }
Period(ns):         10.000
Sources:            { design_1_i/processing_system7_0/inst/PS7_i/FCLKCLK[0] }

Check Type        Corner  Lib Pin            Reference Pin  Required(ns)  Actual(ns)  Slack(ns)  Location         Pin
Min Period        n/a     MMCME2_ADV/DCLK    n/a            4.999         10.000      5.001      MMCME2_ADV_X0Y1  design_1_i/axi_dynclk_0/U0/Inst_mmcme2_drp/mmcm_adv_inst/DCLK
Min Period        n/a     BUFG/I             n/a            2.155         10.000      7.845      BUFGCTRL_X0Y1    design_1_i/processing_system7_0/inst/buffer_fclk_clk_0.FCLK_CLK_0_BUFG/I
Min Period        n/a     MMCME2_ADV/CLKIN1  n/a            1.249         10.000      8.751      MMCME2_ADV_X0Y1  design_1_i/axi_dynclk_0/U0/Inst_mmcme2_drp/mmcm_adv_inst/CLKIN1
Min Period        n/a     FDSE/C             n/a            1.000         10.000      9.000      SLICE_X33Y48     design_1_i/axi_dynclk_0/U0/FSM_onehot_clk_state_reg[0]/C
Min Period        n/a     FDRE/C             n/a            1.000         10.000      9.000      SLICE_X33Y48     design_1_i/axi_dynclk_0/U0/FSM_onehot_clk_state_reg[1]/C
Min Period        n/a     FDRE/C             n/a            1.000         10.000      9.000      SLICE_X33Y48     design_1_i/axi_dynclk_0/U0/FSM_onehot_clk_state_reg[2]/C
Min Period        n/a     FDRE/C             n/a            1.000         10.000      9.000      SLICE_X33Y48     design_1_i/axi_dynclk_0/U0/FSM_onehot_clk_state_reg[3]/C
Min Period        n/a     FDRE/C             n/a            1.000         10.000      9.000      SLICE_X33Y48     design_1_i/axi_dynclk_0/U0/FSM_onehot_clk_state_reg[4]/C
Min Period        n/a     FDRE/C             n/a            1.000         10.000      9.000      SLICE_X40Y49     design_1_i/axi_dynclk_0/U0/sen_reg_reg/C
Min Period        n/a     FDRE/C             n/a            1.000         10.000      9.000      SLICE_X42Y49     design_1_i/axi_dynclk_0/U0/Inst_mmcme2_drp/DADDR_reg[0]/C
Max Period        n/a     MMCME2_ADV/CLKIN1  n/a            100.000       10.000      90.000     MMCME2_ADV_X0Y1  design_1_i/axi_dynclk_0/U0/Inst_mmcme2_drp/mmcm_adv_inst/CLKIN1
Low Pulse Width   Slow    MMCME2_ADV/DCLK    n/a            2.499         5.000       2.501      MMCME2_ADV_X0Y1  design_1_i/axi_dynclk_0/U0/Inst_mmcme2_drp/mmcm_adv_inst/DCLK
Low Pulse Width   Fast    MMCME2_ADV/DCLK    n/a            2.499         5.000       2.501      MMCME2_ADV_X0Y1  design_1_i/axi_dynclk_0/U0/Inst_mmcme2_drp/mmcm_adv_inst/DCLK
Low Pulse Width   Slow    MMCME2_ADV/CLKIN1  n/a            2.000         5.000       3.000      MMCME2_ADV_X0Y1  design_1_i/axi_dynclk_0/U0/Inst_mmcme2_drp/mmcm_adv_inst/CLKIN1
Low Pulse Width   Fast    MMCME2_ADV/CLKIN1  n/a            2.000         5.000       3.000      MMCME2_ADV_X0Y1  design_1_i/axi_dynclk_0/U0/Inst_mmcme2_drp/mmcm_adv_inst/CLKIN1
Low Pulse Width   Slow    SRL16E/CLK         n/a            0.980         5.000       4.020      SLICE_X12Y52     design_1_i/axi_vdma_0/U0/AXI_LITE_REG_INTERFACE_I/GEN_AXI_LITE_IF.AXI_LITE_IF_I/GEN_LITE_IS_ASYNC.GEN_MM2S_ONLY_ASYNC_LITE_ACCESS.prepare_wrce_pulse_lite_d6_reg_srl6/CLK
Low Pulse Width   Fast    SRL16E/CLK         n/a            0.980         5.000       4.020      SLICE_X12Y52     design_1_i/axi_vdma_0/U0/AXI_LITE_REG_INTERFACE_I/GEN_AXI_LITE_IF.AXI_LITE_IF_I/GEN_LITE_IS_ASYNC.GEN_MM2S_ONLY_ASYNC_LITE_ACCESS.prepare_wrce_pulse_lite_d6_reg_srl6/CLK
Low Pulse Width   Slow    SRL16E/CLK         n/a            0.980         5.000       4.020      SLICE_X12Y52     design_1_i/axi_vdma_0/U0/AXI_LITE_REG_INTERFACE_I/GEN_AXI_LITE_IF.AXI_LITE_IF_I/GEN_LITE_IS_ASYNC.GEN_MM2S_ONLY_ASYNC_LITE_ACCESS.sig_arvalid_arrived_d4_reg_srl3/CLK
Low Pulse Width   Fast    SRL16E/CLK         n/a            0.980         5.000       4.020      SLICE_X12Y52     design_1_i/axi_vdma_0/U0/AXI_LITE_REG_INTERFACE_I/GEN_AXI_LITE_IF.AXI_LITE_IF_I/GEN_LITE_IS_ASYNC.GEN_MM2S_ONLY_ASYNC_LITE_ACCESS.sig_arvalid_arrived_d4_reg_srl3/CLK
Low Pulse Width   Slow    SRLC32E/CLK        n/a            0.980         5.000       4.020      SLICE_X12Y42     design_1_i/ps7_0_axi_periph/s00_couplers/auto_pc/inst/gen_axilite.gen_b2s_conv.axilite_b2s/RD.r_channel_0/rd_data_fifo_0/memory_reg[31][0]_srl32/CLK
Low Pulse Width   Fast    SRLC32E/CLK        n/a            0.980         5.000       4.020      SLICE_X12Y42     design_1_i/ps7_0_axi_periph/s00_couplers/auto_pc/inst/gen_axilite.gen_b2s_conv.axilite_b2s/RD.r_channel_0/rd_data_fifo_0/memory_reg[31][0]_srl32/CLK
High Pulse Width  Slow    MMCME2_ADV/DCLK    n/a            2.499         5.000       2.501      MMCME2_ADV_X0Y1  design_1_i/axi_dynclk_0/U0/Inst_mmcme2_drp/mmcm_adv_inst/DCLK
High Pulse Width  Fast    MMCME2_ADV/DCLK    n/a            2.499         5.000       2.501      MMCME2_ADV_X0Y1  design_1_i/axi_dynclk_0/U0/Inst_mmcme2_drp/mmcm_adv_inst/DCLK
High Pulse Width  Slow    MMCME2_ADV/CLKIN1  n/a            2.000         5.000       3.000      MMCME2_ADV_X0Y1  design_1_i/axi_dynclk_0/U0/Inst_mmcme2_drp/mmcm_adv_inst/CLKIN1
High Pulse Width  Fast    MMCME2_ADV/CLKIN1  n/a            2.000         5.000       3.000      MMCME2_ADV_X0Y1  design_1_i/axi_dynclk_0/U0/Inst_mmcme2_drp/mmcm_adv_inst/CLKIN1
High Pulse Width  Slow    SRL16E/CLK         n/a            0.980         5.000       4.020      SLICE_X12Y52     design_1_i/axi_vdma_0/U0/AXI_LITE_REG_INTERFACE_I/GEN_AXI_LITE_IF.AXI_LITE_IF_I/GEN_LITE_IS_ASYNC.GEN_MM2S_ONLY_ASYNC_LITE_ACCESS.prepare_wrce_pulse_lite_d6_reg_srl6/CLK
High Pulse Width  Fast    SRL16E/CLK         n/a            0.980         5.000       4.020      SLICE_X12Y52     design_1_i/axi_vdma_0/U0/AXI_LITE_REG_INTERFACE_I/GEN_AXI_LITE_IF.AXI_LITE_IF_I/GEN_LITE_IS_ASYNC.GEN_MM2S_ONLY_ASYNC_LITE_ACCESS.prepare_wrce_pulse_lite_d6_reg_srl6/CLK
High Pulse Width  Slow    SRL16E/CLK         n/a            0.980         5.000       4.020      SLICE_X12Y52     design_1_i/axi_vdma_0/U0/AXI_LITE_REG_INTERFACE_I/GEN_AXI_LITE_IF.AXI_LITE_IF_I/GEN_LITE_IS_ASYNC.GEN_MM2S_ONLY_ASYNC_LITE_ACCESS.sig_arvalid_arrived_d4_reg_srl3/CLK
High Pulse Width  Fast    SRL16E/CLK         n/a            0.980         5.000       4.020      SLICE_X12Y52     design_1_i/axi_vdma_0/U0/AXI_LITE_REG_INTERFACE_I/GEN_AXI_LITE_IF.AXI_LITE_IF_I/GEN_LITE_IS_ASYNC.GEN_MM2S_ONLY_ASYNC_LITE_ACCESS.sig_arvalid_arrived_d4_reg_srl3/CLK
High Pulse Width  Slow    SRLC32E/CLK        n/a            0.980         5.000       4.020      SLICE_X12Y42     design_1_i/ps7_0_axi_periph/s00_couplers/auto_pc/inst/gen_axilite.gen_b2s_conv.axilite_b2s/RD.r_channel_0/rd_data_fifo_0/memory_reg[31][0]_srl32/CLK
High Pulse Width  Fast    SRLC32E/CLK        n/a            0.980         5.000       4.020      SLICE_X12Y42     design_1_i/ps7_0_axi_periph/s00_couplers/auto_pc/inst/gen_axilite.gen_b2s_conv.axilite_b2s/RD.r_channel_0/rd_data_fifo_0/memory_reg[31][0]_srl32/CLK



---------------------------------------------------------------------------------------------------
From Clock:  I
  To Clock:  I

Setup :           NA  Failing Endpoints,  Worst Slack           NA  ,  Total Violation           NA
Hold  :           NA  Failing Endpoints,  Worst Slack           NA  ,  Total Violation           NA
PW    :            0  Failing Endpoints,  Worst Slack        0.333ns,  Total Violation        0.000ns
---------------------------------------------------------------------------------------------------


Pulse Width Checks
--------------------------------------------------------------------------------------
Clock Name:         I
Waveform(ns):       { 0.000 1.000 }
Period(ns):         2.000
Sources:            { design_1_i/axi_dynclk_0/U0/Inst_mmcme2_drp/mmcm_adv_inst/CLKOUT0 }

Check Type  Corner  Lib Pin             Reference Pin  Required(ns)  Actual(ns)  Slack(ns)  Location         Pin
Min Period  n/a     OSERDESE2/CLK       n/a            1.667         2.000       0.333      OLOGIC_X0Y74     design_1_i/rgb2dvi_0/U0/ClockSerializer/SerializerMaster/CLK
Min Period  n/a     OSERDESE2/CLK       n/a            1.667         2.000       0.333      OLOGIC_X0Y73     design_1_i/rgb2dvi_0/U0/ClockSerializer/SerializerSlave/CLK
Min Period  n/a     OSERDESE2/CLK       n/a            1.667         2.000       0.333      OLOGIC_X0Y92     design_1_i/rgb2dvi_0/U0/DataEncoders[0].DataSerializer/SerializerMaster/CLK
Min Period  n/a     OSERDESE2/CLK       n/a            1.667         2.000       0.333      OLOGIC_X0Y91     design_1_i/rgb2dvi_0/U0/DataEncoders[0].DataSerializer/SerializerSlave/CLK
Min Period  n/a     OSERDESE2/CLK       n/a            1.667         2.000       0.333      OLOGIC_X0Y98     design_1_i/rgb2dvi_0/U0/DataEncoders[1].DataSerializer/SerializerMaster/CLK
Min Period  n/a     OSERDESE2/CLK       n/a            1.667         2.000       0.333      OLOGIC_X0Y97     design_1_i/rgb2dvi_0/U0/DataEncoders[1].DataSerializer/SerializerSlave/CLK
Min Period  n/a     OSERDESE2/CLK       n/a            1.667         2.000       0.333      OLOGIC_X0Y96     design_1_i/rgb2dvi_0/U0/DataEncoders[2].DataSerializer/SerializerMaster/CLK
Min Period  n/a     OSERDESE2/CLK       n/a            1.667         2.000       0.333      OLOGIC_X0Y95     design_1_i/rgb2dvi_0/U0/DataEncoders[2].DataSerializer/SerializerSlave/CLK
Min Period  n/a     BUFIO/I             n/a            1.666         2.000       0.334      BUFIO_X0Y5       design_1_i/axi_dynclk_0/U0/BUFIO_inst/I
Min Period  n/a     BUFR/I              n/a            1.666         2.000       0.334      BUFR_X0Y5        design_1_i/axi_dynclk_0/U0/BUFR_inst/I
Max Period  n/a     MMCME2_ADV/CLKOUT0  n/a            213.360       2.000       211.360    MMCME2_ADV_X0Y1  design_1_i/axi_dynclk_0/U0/Inst_mmcme2_drp/mmcm_adv_inst/CLKOUT0



---------------------------------------------------------------------------------------------------
From Clock:  axi_dynclk_0_PXL_CLK_O
  To Clock:  axi_dynclk_0_PXL_CLK_O

Setup :            0  Failing Endpoints,  Worst Slack        2.448ns,  Total Violation        0.000ns
Hold  :            0  Failing Endpoints,  Worst Slack        0.104ns,  Total Violation        0.000ns
PW    :            0  Failing Endpoints,  Worst Slack        3.020ns,  Total Violation        0.000ns
---------------------------------------------------------------------------------------------------


Max Delay Paths
--------------------------------------------------------------------------------------
Slack (MET) :             2.448ns  (required time - arrival time)
  Source:                 design_1_i/v_tc_0/U0/U_VIDEO_CTRL/AXI4_LITE_INTERFACE.GENR_MUX0/GEN_SEL_DELAY[1].sel_int_reg[1][0]_rep/C
                            (rising edge-triggered cell FDRE clocked by axi_dynclk_0_PXL_CLK_O  {rise@0.000ns fall@4.000ns period=10.000ns})
  Destination:            design_1_i/v_tc_0/U0/U_VIDEO_CTRL/AXI4_LITE_INTERFACE.GENR_MUX0/GEN_TREE.GEN_BRANCH[4].GEN_MUX_REG.data_out_reg_reg[4][24]/D
                            (rising edge-triggered cell FDRE clocked by axi_dynclk_0_PXL_CLK_O  {rise@0.000ns fall@4.000ns period=10.000ns})
  Path Group:             axi_dynclk_0_PXL_CLK_O
  Path Type:              Setup (Max at Slow Process Corner)
  Requirement:            10.000ns  (axi_dynclk_0_PXL_CLK_O rise@10.000ns - axi_dynclk_0_PXL_CLK_O rise@0.000ns)
  Data Path Delay:        7.442ns  (logic 0.854ns (11.476%)  route 6.588ns (88.524%))
  Logic Levels:           2  (LUT6=1 MUXF7=1)
  Clock Path Skew:        -0.108ns (DCD - SCD + CPR)
    Destination Clock Delay (DCD):    5.389ns = ( 15.389 - 10.000 ) 
    Source Clock Delay      (SCD):    6.047ns
    Clock Pessimism Removal (CPR):    0.550ns
  Clock Uncertainty:      0.066ns  ((TSJ^2 + DJ^2)^1/2) / 2 + PE
    Total System Jitter     (TSJ):    0.071ns
    Discrete Jitter          (DJ):    0.112ns
    Phase Error              (PE):    0.000ns

    Location             Delay type                Incr(ns)  Path(ns)    Netlist Resource(s)
  -------------------------------------------------------------------    -------------------
                         (clock axi_dynclk_0_PXL_CLK_O rise edge)
                                                      0.000     0.000 r  
    PS7_X0Y0             PS7                          0.000     0.000 r  design_1_i/processing_system7_0/inst/PS7_i/FCLKCLK[0]
                         net (fo=1, routed)           1.207     1.207    design_1_i/processing_system7_0/inst/FCLK_CLK_unbuffered[0]
    BUFGCTRL_X0Y1        BUFG (Prop_bufg_I_O)         0.101     1.308 r  design_1_i/processing_system7_0/inst/buffer_fclk_clk_0.FCLK_CLK_0_BUFG/O
                         net (fo=1587, routed)        1.666     2.974    design_1_i/axi_dynclk_0/U0/Inst_mmcme2_drp/REF_CLK_I
    MMCME2_ADV_X0Y1      MMCME2_ADV (Prop_mmcme2_adv_CLKIN1_CLKOUT0)
                                                      0.088     3.062 r  design_1_i/axi_dynclk_0/U0/Inst_mmcme2_drp/mmcm_adv_inst/CLKOUT0
                         net (fo=2, routed)           1.063     4.125    design_1_i/axi_dynclk_0/U0/I
    BUFR_X0Y5            BUFR (Prop_bufr_I_O)         1.031     5.156 r  design_1_i/axi_dynclk_0/U0/BUFR_inst/O
                         net (fo=3496, routed)        0.891     6.047    design_1_i/v_tc_0/U0/U_VIDEO_CTRL/AXI4_LITE_INTERFACE.GENR_MUX0/vid_aclk
    SLICE_X24Y58         FDRE                                         r  design_1_i/v_tc_0/U0/U_VIDEO_CTRL/AXI4_LITE_INTERFACE.GENR_MUX0/GEN_SEL_DELAY[1].sel_int_reg[1][0]_rep/C
  -------------------------------------------------------------------    -------------------
    SLICE_X24Y58         FDRE (Prop_fdre_C_Q)         0.518     6.565 r  design_1_i/v_tc_0/U0/U_VIDEO_CTRL/AXI4_LITE_INTERFACE.GENR_MUX0/GEN_SEL_DELAY[1].sel_int_reg[1][0]_rep/Q
                         net (fo=130, routed)         6.588    13.153    design_1_i/v_tc_0/U0/U_VIDEO_CTRL/AXI4_LITE_INTERFACE.GENR_MUX0/GEN_SEL_DELAY[1].sel_int_reg[1][0]_rep_n_0
    SLICE_X36Y88         LUT6 (Prop_lut6_I4_O)        0.124    13.277 r  design_1_i/v_tc_0/U0/U_VIDEO_CTRL/AXI4_LITE_INTERFACE.GENR_MUX0/GEN_TREE.GEN_BRANCH[4].GEN_MUX_REG.data_out_reg[4][24]_i_2/O
                         net (fo=1, routed)           0.000    13.277    design_1_i/v_tc_0/U0/U_VIDEO_CTRL/AXI4_LITE_INTERFACE.GENR_MUX0/GEN_TREE.GEN_BRANCH[4].GEN_MUX_REG.data_out_reg[4][24]_i_2_n_0
    SLICE_X36Y88         MUXF7 (Prop_muxf7_I0_O)      0.212    13.489 r  design_1_i/v_tc_0/U0/U_VIDEO_CTRL/AXI4_LITE_INTERFACE.GENR_MUX0/GEN_TREE.GEN_BRANCH[4].GEN_MUX_REG.data_out_reg_reg[4][24]_i_1/O
                         net (fo=1, routed)           0.000    13.489    design_1_i/v_tc_0/U0/U_VIDEO_CTRL/AXI4_LITE_INTERFACE.GENR_MUX0/GEN_TREE.GEN_BRANCH[4].GEN_MUX_REG.data_out_reg_reg[4][24]_i_1_n_0
    SLICE_X36Y88         FDRE                                         r  design_1_i/v_tc_0/U0/U_VIDEO_CTRL/AXI4_LITE_INTERFACE.GENR_MUX0/GEN_TREE.GEN_BRANCH[4].GEN_MUX_REG.data_out_reg_reg[4][24]/D
  -------------------------------------------------------------------    -------------------

                         (clock axi_dynclk_0_PXL_CLK_O rise edge)
                                                     10.000    10.000 r  
    PS7_X0Y0             PS7                          0.000    10.000 r  design_1_i/processing_system7_0/inst/PS7_i/FCLKCLK[0]
                         net (fo=1, routed)           1.101    11.101    design_1_i/processing_system7_0/inst/FCLK_CLK_unbuffered[0]
    BUFGCTRL_X0Y1        BUFG (Prop_bufg_I_O)         0.091    11.192 r  design_1_i/processing_system7_0/inst/buffer_fclk_clk_0.FCLK_CLK_0_BUFG/O
                         net (fo=1587, routed)        1.477    12.669    design_1_i/axi_dynclk_0/U0/Inst_mmcme2_drp/REF_CLK_I
    MMCME2_ADV_X0Y1      MMCME2_ADV (Prop_mmcme2_adv_CLKIN1_CLKOUT0)
                                                      0.083    12.752 r  design_1_i/axi_dynclk_0/U0/Inst_mmcme2_drp/mmcm_adv_inst/CLKOUT0
                         net (fo=2, routed)           0.960    13.712    design_1_i/axi_dynclk_0/U0/I
    BUFR_X0Y5            BUFR (Prop_bufr_I_O)         0.918    14.630 r  design_1_i/axi_dynclk_0/U0/BUFR_inst/O
                         net (fo=3496, routed)        0.759    15.389    design_1_i/v_tc_0/U0/U_VIDEO_CTRL/AXI4_LITE_INTERFACE.GENR_MUX0/vid_aclk
    SLICE_X36Y88         FDRE                                         r  design_1_i/v_tc_0/U0/U_VIDEO_CTRL/AXI4_LITE_INTERFACE.GENR_MUX0/GEN_TREE.GEN_BRANCH[4].GEN_MUX_REG.data_out_reg_reg[4][24]/C
                         clock pessimism              0.550    15.939    
                         clock uncertainty           -0.066    15.873    
    SLICE_X36Y88         FDRE (Setup_fdre_C_D)        0.064    15.937    design_1_i/v_tc_0/U0/U_VIDEO_CTRL/AXI4_LITE_INTERFACE.GENR_MUX0/GEN_TREE.GEN_BRANCH[4].GEN_MUX_REG.data_out_reg_reg[4][24]
  -------------------------------------------------------------------
                         required time                         15.937    
                         arrival time                         -13.489    
  -------------------------------------------------------------------
                         slack                                  2.448    

Slack (MET) :             2.606ns  (required time - arrival time)
  Source:                 design_1_i/v_tc_0/U0/U_VIDEO_CTRL/AXI4_LITE_INTERFACE.soft_resetn_reg/C
                            (rising edge-triggered cell FDRE clocked by axi_dynclk_0_PXL_CLK_O  {rise@0.000ns fall@4.000ns period=10.000ns})
  Destination:            design_1_i/v_tc_0/U0/U_VIDEO_CTRL/AXI4_LITE_INTERFACE.time_control_regs_int_reg[20][10]/S
                            (rising edge-triggered cell FDSE clocked by axi_dynclk_0_PXL_CLK_O  {rise@0.000ns fall@4.000ns period=10.000ns})
  Path Group:             axi_dynclk_0_PXL_CLK_O
  Path Type:              Setup (Max at Slow Process Corner)
  Requirement:            10.000ns  (axi_dynclk_0_PXL_CLK_O rise@10.000ns - axi_dynclk_0_PXL_CLK_O rise@0.000ns)
  Data Path Delay:        6.494ns  (logic 0.608ns (9.363%)  route 5.886ns (90.637%))
  Logic Levels:           1  (LUT1=1)
  Clock Path Skew:        -0.108ns (DCD - SCD + CPR)
    Destination Clock Delay (DCD):    5.387ns = ( 15.387 - 10.000 ) 
    Source Clock Delay      (SCD):    6.045ns
    Clock Pessimism Removal (CPR):    0.550ns
  Clock Uncertainty:      0.066ns  ((TSJ^2 + DJ^2)^1/2) / 2 + PE
    Total System Jitter     (TSJ):    0.071ns
    Discrete Jitter          (DJ):    0.112ns
    Phase Error              (PE):    0.000ns

    Location             Delay type                Incr(ns)  Path(ns)    Netlist Resource(s)
  -------------------------------------------------------------------    -------------------
                         (clock axi_dynclk_0_PXL_CLK_O rise edge)
                                                      0.000     0.000 r  
    PS7_X0Y0             PS7                          0.000     0.000 r  design_1_i/processing_system7_0/inst/PS7_i/FCLKCLK[0]
                         net (fo=1, routed)           1.207     1.207    design_1_i/processing_system7_0/inst/FCLK_CLK_unbuffered[0]
    BUFGCTRL_X0Y1        BUFG (Prop_bufg_I_O)         0.101     1.308 r  design_1_i/processing_system7_0/inst/buffer_fclk_clk_0.FCLK_CLK_0_BUFG/O
                         net (fo=1587, routed)        1.666     2.974    design_1_i/axi_dynclk_0/U0/Inst_mmcme2_drp/REF_CLK_I
    MMCME2_ADV_X0Y1      MMCME2_ADV (Prop_mmcme2_adv_CLKIN1_CLKOUT0)
                                                      0.088     3.062 r  design_1_i/axi_dynclk_0/U0/Inst_mmcme2_drp/mmcm_adv_inst/CLKOUT0
                         net (fo=2, routed)           1.063     4.125    design_1_i/axi_dynclk_0/U0/I
    BUFR_X0Y5            BUFR (Prop_bufr_I_O)         1.031     5.156 r  design_1_i/axi_dynclk_0/U0/BUFR_inst/O
                         net (fo=3496, routed)        0.889     6.045    design_1_i/v_tc_0/U0/U_VIDEO_CTRL/vid_aclk
    SLICE_X26Y59         FDRE                                         r  design_1_i/v_tc_0/U0/U_VIDEO_CTRL/AXI4_LITE_INTERFACE.soft_resetn_reg/C
  -------------------------------------------------------------------    -------------------
    SLICE_X26Y59         FDRE (Prop_fdre_C_Q)         0.456     6.501 f  design_1_i/v_tc_0/U0/U_VIDEO_CTRL/AXI4_LITE_INTERFACE.soft_resetn_reg/Q
                         net (fo=67, routed)          1.992     8.493    design_1_i/v_tc_0/U0/U_VIDEO_CTRL/resetn_out
    SLICE_X21Y72         LUT1 (Prop_lut1_I0_O)        0.152     8.645 r  design_1_i/v_tc_0/U0/U_VIDEO_CTRL/GEN_HAS_IRQ.irq_i_1/O
                         net (fo=1142, routed)        3.894    12.539    design_1_i/v_tc_0/U0/U_VIDEO_CTRL/GEN_HAS_IRQ.irq_i_1_n_0
    SLICE_X42Y86         FDSE                                         r  design_1_i/v_tc_0/U0/U_VIDEO_CTRL/AXI4_LITE_INTERFACE.time_control_regs_int_reg[20][10]/S
  -------------------------------------------------------------------    -------------------

                         (clock axi_dynclk_0_PXL_CLK_O rise edge)
                                                     10.000    10.000 r  
    PS7_X0Y0             PS7                          0.000    10.000 r  design_1_i/processing_system7_0/inst/PS7_i/FCLKCLK[0]
                         net (fo=1, routed)           1.101    11.101    design_1_i/processing_system7_0/inst/FCLK_CLK_unbuffered[0]
    BUFGCTRL_X0Y1        BUFG (Prop_bufg_I_O)         0.091    11.192 r  design_1_i/processing_system7_0/inst/buffer_fclk_clk_0.FCLK_CLK_0_BUFG/O
                         net (fo=1587, routed)        1.477    12.669    design_1_i/axi_dynclk_0/U0/Inst_mmcme2_drp/REF_CLK_I
    MMCME2_ADV_X0Y1      MMCME2_ADV (Prop_mmcme2_adv_CLKIN1_CLKOUT0)
                                                      0.083    12.752 r  design_1_i/axi_dynclk_0/U0/Inst_mmcme2_drp/mmcm_adv_inst/CLKOUT0
                         net (fo=2, routed)           0.960    13.712    design_1_i/axi_dynclk_0/U0/I
    BUFR_X0Y5            BUFR (Prop_bufr_I_O)         0.918    14.630 r  design_1_i/axi_dynclk_0/U0/BUFR_inst/O
                         net (fo=3496, routed)        0.757    15.387    design_1_i/v_tc_0/U0/U_VIDEO_CTRL/vid_aclk
    SLICE_X42Y86         FDSE                                         r  design_1_i/v_tc_0/U0/U_VIDEO_CTRL/AXI4_LITE_INTERFACE.time_control_regs_int_reg[20][10]/C
                         clock pessimism              0.550    15.937    
                         clock uncertainty           -0.066    15.871    
    SLICE_X42Y86         FDSE (Setup_fdse_C_S)       -0.726    15.145    design_1_i/v_tc_0/U0/U_VIDEO_CTRL/AXI4_LITE_INTERFACE.time_control_regs_int_reg[20][10]
  -------------------------------------------------------------------
                         required time                         15.145    
                         arrival time                         -12.539    
  -------------------------------------------------------------------
                         slack                                  2.606    

Slack (MET) :             2.617ns  (required time - arrival time)
  Source:                 design_1_i/v_tc_0/U0/U_VIDEO_CTRL/AXI4_LITE_INTERFACE.soft_resetn_reg/C
                            (rising edge-triggered cell FDRE clocked by axi_dynclk_0_PXL_CLK_O  {rise@0.000ns fall@4.000ns period=10.000ns})
  Destination:            design_1_i/v_tc_0/U0/U_VIDEO_CTRL/AXI4_LITE_INTERFACE.time_control_regs_int_reg[28][4]/R
                            (rising edge-triggered cell FDRE clocked by axi_dynclk_0_PXL_CLK_O  {rise@0.000ns fall@4.000ns period=10.000ns})
  Path Group:             axi_dynclk_0_PXL_CLK_O
  Path Type:              Setup (Max at Slow Process Corner)
  Requirement:            10.000ns  (axi_dynclk_0_PXL_CLK_O rise@10.000ns - axi_dynclk_0_PXL_CLK_O rise@0.000ns)
  Data Path Delay:        6.580ns  (logic 0.608ns (9.241%)  route 5.972ns (90.759%))
  Logic Levels:           1  (LUT1=1)
  Clock Path Skew:        -0.106ns (DCD - SCD + CPR)
    Destination Clock Delay (DCD):    5.389ns = ( 15.389 - 10.000 ) 
    Source Clock Delay      (SCD):    6.045ns
    Clock Pessimism Removal (CPR):    0.550ns
  Clock Uncertainty:      0.066ns  ((TSJ^2 + DJ^2)^1/2) / 2 + PE
    Total System Jitter     (TSJ):    0.071ns
    Discrete Jitter          (DJ):    0.112ns
    Phase Error              (PE):    0.000ns

    Location             Delay type                Incr(ns)  Path(ns)    Netlist Resource(s)
  -------------------------------------------------------------------    -------------------
                         (clock axi_dynclk_0_PXL_CLK_O rise edge)
                                                      0.000     0.000 r  
    PS7_X0Y0             PS7                          0.000     0.000 r  design_1_i/processing_system7_0/inst/PS7_i/FCLKCLK[0]
                         net (fo=1, routed)           1.207     1.207    design_1_i/processing_system7_0/inst/FCLK_CLK_unbuffered[0]
    BUFGCTRL_X0Y1        BUFG (Prop_bufg_I_O)         0.101     1.308 r  design_1_i/processing_system7_0/inst/buffer_fclk_clk_0.FCLK_CLK_0_BUFG/O
                         net (fo=1587, routed)        1.666     2.974    design_1_i/axi_dynclk_0/U0/Inst_mmcme2_drp/REF_CLK_I
    MMCME2_ADV_X0Y1      MMCME2_ADV (Prop_mmcme2_adv_CLKIN1_CLKOUT0)
                                                      0.088     3.062 r  design_1_i/axi_dynclk_0/U0/Inst_mmcme2_drp/mmcm_adv_inst/CLKOUT0
                         net (fo=2, routed)           1.063     4.125    design_1_i/axi_dynclk_0/U0/I
    BUFR_X0Y5            BUFR (Prop_bufr_I_O)         1.031     5.156 r  design_1_i/axi_dynclk_0/U0/BUFR_inst/O
                         net (fo=3496, routed)        0.889     6.045    design_1_i/v_tc_0/U0/U_VIDEO_CTRL/vid_aclk
    SLICE_X26Y59         FDRE                                         r  design_1_i/v_tc_0/U0/U_VIDEO_CTRL/AXI4_LITE_INTERFACE.soft_resetn_reg/C
  -------------------------------------------------------------------    -------------------
    SLICE_X26Y59         FDRE (Prop_fdre_C_Q)         0.456     6.501 f  design_1_i/v_tc_0/U0/U_VIDEO_CTRL/AXI4_LITE_INTERFACE.soft_resetn_reg/Q
                         net (fo=67, routed)          1.992     8.493    design_1_i/v_tc_0/U0/U_VIDEO_CTRL/resetn_out
    SLICE_X21Y72         LUT1 (Prop_lut1_I0_O)        0.152     8.645 r  design_1_i/v_tc_0/U0/U_VIDEO_CTRL/GEN_HAS_IRQ.irq_i_1/O
                         net (fo=1142, routed)        3.979    12.625    design_1_i/v_tc_0/U0/U_VIDEO_CTRL/GEN_HAS_IRQ.irq_i_1_n_0
    SLICE_X39Y88         FDRE                                         r  design_1_i/v_tc_0/U0/U_VIDEO_CTRL/AXI4_LITE_INTERFACE.time_control_regs_int_reg[28][4]/R
  -------------------------------------------------------------------    -------------------

                         (clock axi_dynclk_0_PXL_CLK_O rise edge)
                                                     10.000    10.000 r  
    PS7_X0Y0             PS7                          0.000    10.000 r  design_1_i/processing_system7_0/inst/PS7_i/FCLKCLK[0]
                         net (fo=1, routed)           1.101    11.101    design_1_i/processing_system7_0/inst/FCLK_CLK_unbuffered[0]
    BUFGCTRL_X0Y1        BUFG (Prop_bufg_I_O)         0.091    11.192 r  design_1_i/processing_system7_0/inst/buffer_fclk_clk_0.FCLK_CLK_0_BUFG/O
                         net (fo=1587, routed)        1.477    12.669    design_1_i/axi_dynclk_0/U0/Inst_mmcme2_drp/REF_CLK_I
    MMCME2_ADV_X0Y1      MMCME2_ADV (Prop_mmcme2_adv_CLKIN1_CLKOUT0)
                                                      0.083    12.752 r  design_1_i/axi_dynclk_0/U0/Inst_mmcme2_drp/mmcm_adv_inst/CLKOUT0
                         net (fo=2, routed)           0.960    13.712    design_1_i/axi_dynclk_0/U0/I
    BUFR_X0Y5            BUFR (Prop_bufr_I_O)         0.918    14.630 r  design_1_i/axi_dynclk_0/U0/BUFR_inst/O
                         net (fo=3496, routed)        0.759    15.389    design_1_i/v_tc_0/U0/U_VIDEO_CTRL/vid_aclk
    SLICE_X39Y88         FDRE                                         r  design_1_i/v_tc_0/U0/U_VIDEO_CTRL/AXI4_LITE_INTERFACE.time_control_regs_int_reg[28][4]/C
                         clock pessimism              0.550    15.939    
                         clock uncertainty           -0.066    15.873    
    SLICE_X39Y88         FDRE (Setup_fdre_C_R)       -0.631    15.242    design_1_i/v_tc_0/U0/U_VIDEO_CTRL/AXI4_LITE_INTERFACE.time_control_regs_int_reg[28][4]
  -------------------------------------------------------------------
                         required time                         15.242    
                         arrival time                         -12.625    
  -------------------------------------------------------------------
                         slack                                  2.617    

Slack (MET) :             2.617ns  (required time - arrival time)
  Source:                 design_1_i/v_tc_0/U0/U_VIDEO_CTRL/AXI4_LITE_INTERFACE.soft_resetn_reg/C
                            (rising edge-triggered cell FDRE clocked by axi_dynclk_0_PXL_CLK_O  {rise@0.000ns fall@4.000ns period=10.000ns})
  Destination:            design_1_i/v_tc_0/U0/U_VIDEO_CTRL/AXI4_LITE_INTERFACE.time_control_regs_int_reg[28][5]/R
                            (rising edge-triggered cell FDRE clocked by axi_dynclk_0_PXL_CLK_O  {rise@0.000ns fall@4.000ns period=10.000ns})
  Path Group:             axi_dynclk_0_PXL_CLK_O
  Path Type:              Setup (Max at Slow Process Corner)
  Requirement:            10.000ns  (axi_dynclk_0_PXL_CLK_O rise@10.000ns - axi_dynclk_0_PXL_CLK_O rise@0.000ns)
  Data Path Delay:        6.580ns  (logic 0.608ns (9.241%)  route 5.972ns (90.759%))
  Logic Levels:           1  (LUT1=1)
  Clock Path Skew:        -0.106ns (DCD - SCD + CPR)
    Destination Clock Delay (DCD):    5.389ns = ( 15.389 - 10.000 ) 
    Source Clock Delay      (SCD):    6.045ns
    Clock Pessimism Removal (CPR):    0.550ns
  Clock Uncertainty:      0.066ns  ((TSJ^2 + DJ^2)^1/2) / 2 + PE
    Total System Jitter     (TSJ):    0.071ns
    Discrete Jitter          (DJ):    0.112ns
    Phase Error              (PE):    0.000ns

    Location             Delay type                Incr(ns)  Path(ns)    Netlist Resource(s)
  -------------------------------------------------------------------    -------------------
                         (clock axi_dynclk_0_PXL_CLK_O rise edge)
                                                      0.000     0.000 r  
    PS7_X0Y0             PS7                          0.000     0.000 r  design_1_i/processing_system7_0/inst/PS7_i/FCLKCLK[0]
                         net (fo=1, routed)           1.207     1.207    design_1_i/processing_system7_0/inst/FCLK_CLK_unbuffered[0]
    BUFGCTRL_X0Y1        BUFG (Prop_bufg_I_O)         0.101     1.308 r  design_1_i/processing_system7_0/inst/buffer_fclk_clk_0.FCLK_CLK_0_BUFG/O
                         net (fo=1587, routed)        1.666     2.974    design_1_i/axi_dynclk_0/U0/Inst_mmcme2_drp/REF_CLK_I
    MMCME2_ADV_X0Y1      MMCME2_ADV (Prop_mmcme2_adv_CLKIN1_CLKOUT0)
                                                      0.088     3.062 r  design_1_i/axi_dynclk_0/U0/Inst_mmcme2_drp/mmcm_adv_inst/CLKOUT0
                         net (fo=2, routed)           1.063     4.125    design_1_i/axi_dynclk_0/U0/I
    BUFR_X0Y5            BUFR (Prop_bufr_I_O)         1.031     5.156 r  design_1_i/axi_dynclk_0/U0/BUFR_inst/O
                         net (fo=3496, routed)        0.889     6.045    design_1_i/v_tc_0/U0/U_VIDEO_CTRL/vid_aclk
    SLICE_X26Y59         FDRE                                         r  design_1_i/v_tc_0/U0/U_VIDEO_CTRL/AXI4_LITE_INTERFACE.soft_resetn_reg/C
  -------------------------------------------------------------------    -------------------
    SLICE_X26Y59         FDRE (Prop_fdre_C_Q)         0.456     6.501 f  design_1_i/v_tc_0/U0/U_VIDEO_CTRL/AXI4_LITE_INTERFACE.soft_resetn_reg/Q
                         net (fo=67, routed)          1.992     8.493    design_1_i/v_tc_0/U0/U_VIDEO_CTRL/resetn_out
    SLICE_X21Y72         LUT1 (Prop_lut1_I0_O)        0.152     8.645 r  design_1_i/v_tc_0/U0/U_VIDEO_CTRL/GEN_HAS_IRQ.irq_i_1/O
                         net (fo=1142, routed)        3.979    12.625    design_1_i/v_tc_0/U0/U_VIDEO_CTRL/GEN_HAS_IRQ.irq_i_1_n_0
    SLICE_X39Y88         FDRE                                         r  design_1_i/v_tc_0/U0/U_VIDEO_CTRL/AXI4_LITE_INTERFACE.time_control_regs_int_reg[28][5]/R
  -------------------------------------------------------------------    -------------------

                         (clock axi_dynclk_0_PXL_CLK_O rise edge)
                                                     10.000    10.000 r  
    PS7_X0Y0             PS7                          0.000    10.000 r  design_1_i/processing_system7_0/inst/PS7_i/FCLKCLK[0]
                         net (fo=1, routed)           1.101    11.101    design_1_i/processing_system7_0/inst/FCLK_CLK_unbuffered[0]
    BUFGCTRL_X0Y1        BUFG (Prop_bufg_I_O)         0.091    11.192 r  design_1_i/processing_system7_0/inst/buffer_fclk_clk_0.FCLK_CLK_0_BUFG/O
                         net (fo=1587, routed)        1.477    12.669    design_1_i/axi_dynclk_0/U0/Inst_mmcme2_drp/REF_CLK_I
    MMCME2_ADV_X0Y1      MMCME2_ADV (Prop_mmcme2_adv_CLKIN1_CLKOUT0)
                                                      0.083    12.752 r  design_1_i/axi_dynclk_0/U0/Inst_mmcme2_drp/mmcm_adv_inst/CLKOUT0
                         net (fo=2, routed)           0.960    13.712    design_1_i/axi_dynclk_0/U0/I
    BUFR_X0Y5            BUFR (Prop_bufr_I_O)         0.918    14.630 r  design_1_i/axi_dynclk_0/U0/BUFR_inst/O
                         net (fo=3496, routed)        0.759    15.389    design_1_i/v_tc_0/U0/U_VIDEO_CTRL/vid_aclk
    SLICE_X39Y88         FDRE                                         r  design_1_i/v_tc_0/U0/U_VIDEO_CTRL/AXI4_LITE_INTERFACE.time_control_regs_int_reg[28][5]/C
                         clock pessimism              0.550    15.939    
                         clock uncertainty           -0.066    15.873    
    SLICE_X39Y88         FDRE (Setup_fdre_C_R)       -0.631    15.242    design_1_i/v_tc_0/U0/U_VIDEO_CTRL/AXI4_LITE_INTERFACE.time_control_regs_int_reg[28][5]
  -------------------------------------------------------------------
                         required time                         15.242    
                         arrival time                         -12.625    
  -------------------------------------------------------------------
                         slack                                  2.617    

Slack (MET) :             2.665ns  (required time - arrival time)
  Source:                 design_1_i/v_tc_0/U0/U_VIDEO_CTRL/AXI4_LITE_INTERFACE.soft_resetn_reg/C
                            (rising edge-triggered cell FDRE clocked by axi_dynclk_0_PXL_CLK_O  {rise@0.000ns fall@4.000ns period=10.000ns})
  Destination:            design_1_i/v_tc_0/U0/U_VIDEO_CTRL/AXI4_LITE_INTERFACE.time_control_regs2_int_reg[20][8]/R
                            (rising edge-triggered cell FDRE clocked by axi_dynclk_0_PXL_CLK_O  {rise@0.000ns fall@4.000ns period=10.000ns})
  Path Group:             axi_dynclk_0_PXL_CLK_O
  Path Type:              Setup (Max at Slow Process Corner)
  Requirement:            10.000ns  (axi_dynclk_0_PXL_CLK_O rise@10.000ns - axi_dynclk_0_PXL_CLK_O rise@0.000ns)
  Data Path Delay:        6.522ns  (logic 0.608ns (9.322%)  route 5.914ns (90.678%))
  Logic Levels:           1  (LUT1=1)
  Clock Path Skew:        -0.115ns (DCD - SCD + CPR)
    Destination Clock Delay (DCD):    5.380ns = ( 15.380 - 10.000 ) 
    Source Clock Delay      (SCD):    6.045ns
    Clock Pessimism Removal (CPR):    0.550ns
  Clock Uncertainty:      0.066ns  ((TSJ^2 + DJ^2)^1/2) / 2 + PE
    Total System Jitter     (TSJ):    0.071ns
    Discrete Jitter          (DJ):    0.112ns
    Phase Error              (PE):    0.000ns

    Location             Delay type                Incr(ns)  Path(ns)    Netlist Resource(s)
  -------------------------------------------------------------------    -------------------
                         (clock axi_dynclk_0_PXL_CLK_O rise edge)
                                                      0.000     0.000 r  
    PS7_X0Y0             PS7                          0.000     0.000 r  design_1_i/processing_system7_0/inst/PS7_i/FCLKCLK[0]
                         net (fo=1, routed)           1.207     1.207    design_1_i/processing_system7_0/inst/FCLK_CLK_unbuffered[0]
    BUFGCTRL_X0Y1        BUFG (Prop_bufg_I_O)         0.101     1.308 r  design_1_i/processing_system7_0/inst/buffer_fclk_clk_0.FCLK_CLK_0_BUFG/O
                         net (fo=1587, routed)        1.666     2.974    design_1_i/axi_dynclk_0/U0/Inst_mmcme2_drp/REF_CLK_I
    MMCME2_ADV_X0Y1      MMCME2_ADV (Prop_mmcme2_adv_CLKIN1_CLKOUT0)
                                                      0.088     3.062 r  design_1_i/axi_dynclk_0/U0/Inst_mmcme2_drp/mmcm_adv_inst/CLKOUT0
                         net (fo=2, routed)           1.063     4.125    design_1_i/axi_dynclk_0/U0/I
    BUFR_X0Y5            BUFR (Prop_bufr_I_O)         1.031     5.156 r  design_1_i/axi_dynclk_0/U0/BUFR_inst/O
                         net (fo=3496, routed)        0.889     6.045    design_1_i/v_tc_0/U0/U_VIDEO_CTRL/vid_aclk
    SLICE_X26Y59         FDRE                                         r  design_1_i/v_tc_0/U0/U_VIDEO_CTRL/AXI4_LITE_INTERFACE.soft_resetn_reg/C
  -------------------------------------------------------------------    -------------------
    SLICE_X26Y59         FDRE (Prop_fdre_C_Q)         0.456     6.501 f  design_1_i/v_tc_0/U0/U_VIDEO_CTRL/AXI4_LITE_INTERFACE.soft_resetn_reg/Q
                         net (fo=67, routed)          1.992     8.493    design_1_i/v_tc_0/U0/U_VIDEO_CTRL/resetn_out
    SLICE_X21Y72         LUT1 (Prop_lut1_I0_O)        0.152     8.645 r  design_1_i/v_tc_0/U0/U_VIDEO_CTRL/GEN_HAS_IRQ.irq_i_1/O
                         net (fo=1142, routed)        3.922    12.567    design_1_i/v_tc_0/U0/U_VIDEO_CTRL/GEN_HAS_IRQ.irq_i_1_n_0
    SLICE_X41Y78         FDRE                                         r  design_1_i/v_tc_0/U0/U_VIDEO_CTRL/AXI4_LITE_INTERFACE.time_control_regs2_int_reg[20][8]/R
  -------------------------------------------------------------------    -------------------

                         (clock axi_dynclk_0_PXL_CLK_O rise edge)
                                                     10.000    10.000 r  
    PS7_X0Y0             PS7                          0.000    10.000 r  design_1_i/processing_system7_0/inst/PS7_i/FCLKCLK[0]
                         net (fo=1, routed)           1.101    11.101    design_1_i/processing_system7_0/inst/FCLK_CLK_unbuffered[0]
    BUFGCTRL_X0Y1        BUFG (Prop_bufg_I_O)         0.091    11.192 r  design_1_i/processing_system7_0/inst/buffer_fclk_clk_0.FCLK_CLK_0_BUFG/O
                         net (fo=1587, routed)        1.477    12.669    design_1_i/axi_dynclk_0/U0/Inst_mmcme2_drp/REF_CLK_I
    MMCME2_ADV_X0Y1      MMCME2_ADV (Prop_mmcme2_adv_CLKIN1_CLKOUT0)
                                                      0.083    12.752 r  design_1_i/axi_dynclk_0/U0/Inst_mmcme2_drp/mmcm_adv_inst/CLKOUT0
                         net (fo=2, routed)           0.960    13.712    design_1_i/axi_dynclk_0/U0/I
    BUFR_X0Y5            BUFR (Prop_bufr_I_O)         0.918    14.630 r  design_1_i/axi_dynclk_0/U0/BUFR_inst/O
                         net (fo=3496, routed)        0.750    15.380    design_1_i/v_tc_0/U0/U_VIDEO_CTRL/vid_aclk
    SLICE_X41Y78         FDRE                                         r  design_1_i/v_tc_0/U0/U_VIDEO_CTRL/AXI4_LITE_INTERFACE.time_control_regs2_int_reg[20][8]/C
                         clock pessimism              0.550    15.930    
                         clock uncertainty           -0.066    15.864    
    SLICE_X41Y78         FDRE (Setup_fdre_C_R)       -0.631    15.233    design_1_i/v_tc_0/U0/U_VIDEO_CTRL/AXI4_LITE_INTERFACE.time_control_regs2_int_reg[20][8]
  -------------------------------------------------------------------
                         required time                         15.233    
                         arrival time                         -12.567    
  -------------------------------------------------------------------
                         slack                                  2.665    

Slack (MET) :             2.665ns  (required time - arrival time)
  Source:                 design_1_i/v_tc_0/U0/U_VIDEO_CTRL/AXI4_LITE_INTERFACE.soft_resetn_reg/C
                            (rising edge-triggered cell FDRE clocked by axi_dynclk_0_PXL_CLK_O  {rise@0.000ns fall@4.000ns period=10.000ns})
  Destination:            design_1_i/v_tc_0/U0/U_VIDEO_CTRL/AXI4_LITE_INTERFACE.time_control_regs2_int_reg[22][4]/R
                            (rising edge-triggered cell FDRE clocked by axi_dynclk_0_PXL_CLK_O  {rise@0.000ns fall@4.000ns period=10.000ns})
  Path Group:             axi_dynclk_0_PXL_CLK_O
  Path Type:              Setup (Max at Slow Process Corner)
  Requirement:            10.000ns  (axi_dynclk_0_PXL_CLK_O rise@10.000ns - axi_dynclk_0_PXL_CLK_O rise@0.000ns)
  Data Path Delay:        6.522ns  (logic 0.608ns (9.322%)  route 5.914ns (90.678%))
  Logic Levels:           1  (LUT1=1)
  Clock Path Skew:        -0.115ns (DCD - SCD + CPR)
    Destination Clock Delay (DCD):    5.380ns = ( 15.380 - 10.000 ) 
    Source Clock Delay      (SCD):    6.045ns
    Clock Pessimism Removal (CPR):    0.550ns
  Clock Uncertainty:      0.066ns  ((TSJ^2 + DJ^2)^1/2) / 2 + PE
    Total System Jitter     (TSJ):    0.071ns
    Discrete Jitter          (DJ):    0.112ns
    Phase Error              (PE):    0.000ns

    Location             Delay type                Incr(ns)  Path(ns)    Netlist Resource(s)
  -------------------------------------------------------------------    -------------------
                         (clock axi_dynclk_0_PXL_CLK_O rise edge)
                                                      0.000     0.000 r  
    PS7_X0Y0             PS7                          0.000     0.000 r  design_1_i/processing_system7_0/inst/PS7_i/FCLKCLK[0]
                         net (fo=1, routed)           1.207     1.207    design_1_i/processing_system7_0/inst/FCLK_CLK_unbuffered[0]
    BUFGCTRL_X0Y1        BUFG (Prop_bufg_I_O)         0.101     1.308 r  design_1_i/processing_system7_0/inst/buffer_fclk_clk_0.FCLK_CLK_0_BUFG/O
                         net (fo=1587, routed)        1.666     2.974    design_1_i/axi_dynclk_0/U0/Inst_mmcme2_drp/REF_CLK_I
    MMCME2_ADV_X0Y1      MMCME2_ADV (Prop_mmcme2_adv_CLKIN1_CLKOUT0)
                                                      0.088     3.062 r  design_1_i/axi_dynclk_0/U0/Inst_mmcme2_drp/mmcm_adv_inst/CLKOUT0
                         net (fo=2, routed)           1.063     4.125    design_1_i/axi_dynclk_0/U0/I
    BUFR_X0Y5            BUFR (Prop_bufr_I_O)         1.031     5.156 r  design_1_i/axi_dynclk_0/U0/BUFR_inst/O
                         net (fo=3496, routed)        0.889     6.045    design_1_i/v_tc_0/U0/U_VIDEO_CTRL/vid_aclk
    SLICE_X26Y59         FDRE                                         r  design_1_i/v_tc_0/U0/U_VIDEO_CTRL/AXI4_LITE_INTERFACE.soft_resetn_reg/C
  -------------------------------------------------------------------    -------------------
    SLICE_X26Y59         FDRE (Prop_fdre_C_Q)         0.456     6.501 f  design_1_i/v_tc_0/U0/U_VIDEO_CTRL/AXI4_LITE_INTERFACE.soft_resetn_reg/Q
                         net (fo=67, routed)          1.992     8.493    design_1_i/v_tc_0/U0/U_VIDEO_CTRL/resetn_out
    SLICE_X21Y72         LUT1 (Prop_lut1_I0_O)        0.152     8.645 r  design_1_i/v_tc_0/U0/U_VIDEO_CTRL/GEN_HAS_IRQ.irq_i_1/O
                         net (fo=1142, routed)        3.922    12.567    design_1_i/v_tc_0/U0/U_VIDEO_CTRL/GEN_HAS_IRQ.irq_i_1_n_0
    SLICE_X41Y78         FDRE                                         r  design_1_i/v_tc_0/U0/U_VIDEO_CTRL/AXI4_LITE_INTERFACE.time_control_regs2_int_reg[22][4]/R
  -------------------------------------------------------------------    -------------------

                         (clock axi_dynclk_0_PXL_CLK_O rise edge)
                                                     10.000    10.000 r  
    PS7_X0Y0             PS7                          0.000    10.000 r  design_1_i/processing_system7_0/inst/PS7_i/FCLKCLK[0]
                         net (fo=1, routed)           1.101    11.101    design_1_i/processing_system7_0/inst/FCLK_CLK_unbuffered[0]
    BUFGCTRL_X0Y1        BUFG (Prop_bufg_I_O)         0.091    11.192 r  design_1_i/processing_system7_0/inst/buffer_fclk_clk_0.FCLK_CLK_0_BUFG/O
                         net (fo=1587, routed)        1.477    12.669    design_1_i/axi_dynclk_0/U0/Inst_mmcme2_drp/REF_CLK_I
    MMCME2_ADV_X0Y1      MMCME2_ADV (Prop_mmcme2_adv_CLKIN1_CLKOUT0)
                                                      0.083    12.752 r  design_1_i/axi_dynclk_0/U0/Inst_mmcme2_drp/mmcm_adv_inst/CLKOUT0
                         net (fo=2, routed)           0.960    13.712    design_1_i/axi_dynclk_0/U0/I
    BUFR_X0Y5            BUFR (Prop_bufr_I_O)         0.918    14.630 r  design_1_i/axi_dynclk_0/U0/BUFR_inst/O
                         net (fo=3496, routed)        0.750    15.380    design_1_i/v_tc_0/U0/U_VIDEO_CTRL/vid_aclk
    SLICE_X41Y78         FDRE                                         r  design_1_i/v_tc_0/U0/U_VIDEO_CTRL/AXI4_LITE_INTERFACE.time_control_regs2_int_reg[22][4]/C
                         clock pessimism              0.550    15.930    
                         clock uncertainty           -0.066    15.864    
    SLICE_X41Y78         FDRE (Setup_fdre_C_R)       -0.631    15.233    design_1_i/v_tc_0/U0/U_VIDEO_CTRL/AXI4_LITE_INTERFACE.time_control_regs2_int_reg[22][4]
  -------------------------------------------------------------------
                         required time                         15.233    
                         arrival time                         -12.567    
  -------------------------------------------------------------------
                         slack                                  2.665    

Slack (MET) :             2.665ns  (required time - arrival time)
  Source:                 design_1_i/v_tc_0/U0/U_VIDEO_CTRL/AXI4_LITE_INTERFACE.soft_resetn_reg/C
                            (rising edge-triggered cell FDRE clocked by axi_dynclk_0_PXL_CLK_O  {rise@0.000ns fall@4.000ns period=10.000ns})
  Destination:            design_1_i/v_tc_0/U0/U_VIDEO_CTRL/AXI4_LITE_INTERFACE.time_control_regs2_int_reg[22][6]/S
                            (rising edge-triggered cell FDSE clocked by axi_dynclk_0_PXL_CLK_O  {rise@0.000ns fall@4.000ns period=10.000ns})
  Path Group:             axi_dynclk_0_PXL_CLK_O
  Path Type:              Setup (Max at Slow Process Corner)
  Requirement:            10.000ns  (axi_dynclk_0_PXL_CLK_O rise@10.000ns - axi_dynclk_0_PXL_CLK_O rise@0.000ns)
  Data Path Delay:        6.522ns  (logic 0.608ns (9.322%)  route 5.914ns (90.678%))
  Logic Levels:           1  (LUT1=1)
  Clock Path Skew:        -0.115ns (DCD - SCD + CPR)
    Destination Clock Delay (DCD):    5.380ns = ( 15.380 - 10.000 ) 
    Source Clock Delay      (SCD):    6.045ns
    Clock Pessimism Removal (CPR):    0.550ns
  Clock Uncertainty:      0.066ns  ((TSJ^2 + DJ^2)^1/2) / 2 + PE
    Total System Jitter     (TSJ):    0.071ns
    Discrete Jitter          (DJ):    0.112ns
    Phase Error              (PE):    0.000ns

    Location             Delay type                Incr(ns)  Path(ns)    Netlist Resource(s)
  -------------------------------------------------------------------    -------------------
                         (clock axi_dynclk_0_PXL_CLK_O rise edge)
                                                      0.000     0.000 r  
    PS7_X0Y0             PS7                          0.000     0.000 r  design_1_i/processing_system7_0/inst/PS7_i/FCLKCLK[0]
                         net (fo=1, routed)           1.207     1.207    design_1_i/processing_system7_0/inst/FCLK_CLK_unbuffered[0]
    BUFGCTRL_X0Y1        BUFG (Prop_bufg_I_O)         0.101     1.308 r  design_1_i/processing_system7_0/inst/buffer_fclk_clk_0.FCLK_CLK_0_BUFG/O
                         net (fo=1587, routed)        1.666     2.974    design_1_i/axi_dynclk_0/U0/Inst_mmcme2_drp/REF_CLK_I
    MMCME2_ADV_X0Y1      MMCME2_ADV (Prop_mmcme2_adv_CLKIN1_CLKOUT0)
                                                      0.088     3.062 r  design_1_i/axi_dynclk_0/U0/Inst_mmcme2_drp/mmcm_adv_inst/CLKOUT0
                         net (fo=2, routed)           1.063     4.125    design_1_i/axi_dynclk_0/U0/I
    BUFR_X0Y5            BUFR (Prop_bufr_I_O)         1.031     5.156 r  design_1_i/axi_dynclk_0/U0/BUFR_inst/O
                         net (fo=3496, routed)        0.889     6.045    design_1_i/v_tc_0/U0/U_VIDEO_CTRL/vid_aclk
    SLICE_X26Y59         FDRE                                         r  design_1_i/v_tc_0/U0/U_VIDEO_CTRL/AXI4_LITE_INTERFACE.soft_resetn_reg/C
  -------------------------------------------------------------------    -------------------
    SLICE_X26Y59         FDRE (Prop_fdre_C_Q)         0.456     6.501 f  design_1_i/v_tc_0/U0/U_VIDEO_CTRL/AXI4_LITE_INTERFACE.soft_resetn_reg/Q
                         net (fo=67, routed)          1.992     8.493    design_1_i/v_tc_0/U0/U_VIDEO_CTRL/resetn_out
    SLICE_X21Y72         LUT1 (Prop_lut1_I0_O)        0.152     8.645 r  design_1_i/v_tc_0/U0/U_VIDEO_CTRL/GEN_HAS_IRQ.irq_i_1/O
                         net (fo=1142, routed)        3.922    12.567    design_1_i/v_tc_0/U0/U_VIDEO_CTRL/GEN_HAS_IRQ.irq_i_1_n_0
    SLICE_X41Y78         FDSE                                         r  design_1_i/v_tc_0/U0/U_VIDEO_CTRL/AXI4_LITE_INTERFACE.time_control_regs2_int_reg[22][6]/S
  -------------------------------------------------------------------    -------------------

                         (clock axi_dynclk_0_PXL_CLK_O rise edge)
                                                     10.000    10.000 r  
    PS7_X0Y0             PS7                          0.000    10.000 r  design_1_i/processing_system7_0/inst/PS7_i/FCLKCLK[0]
                         net (fo=1, routed)           1.101    11.101    design_1_i/processing_system7_0/inst/FCLK_CLK_unbuffered[0]
    BUFGCTRL_X0Y1        BUFG (Prop_bufg_I_O)         0.091    11.192 r  design_1_i/processing_system7_0/inst/buffer_fclk_clk_0.FCLK_CLK_0_BUFG/O
                         net (fo=1587, routed)        1.477    12.669    design_1_i/axi_dynclk_0/U0/Inst_mmcme2_drp/REF_CLK_I
    MMCME2_ADV_X0Y1      MMCME2_ADV (Prop_mmcme2_adv_CLKIN1_CLKOUT0)
                                                      0.083    12.752 r  design_1_i/axi_dynclk_0/U0/Inst_mmcme2_drp/mmcm_adv_inst/CLKOUT0
                         net (fo=2, routed)           0.960    13.712    design_1_i/axi_dynclk_0/U0/I
    BUFR_X0Y5            BUFR (Prop_bufr_I_O)         0.918    14.630 r  design_1_i/axi_dynclk_0/U0/BUFR_inst/O
                         net (fo=3496, routed)        0.750    15.380    design_1_i/v_tc_0/U0/U_VIDEO_CTRL/vid_aclk
    SLICE_X41Y78         FDSE                                         r  design_1_i/v_tc_0/U0/U_VIDEO_CTRL/AXI4_LITE_INTERFACE.time_control_regs2_int_reg[22][6]/C
                         clock pessimism              0.550    15.930    
                         clock uncertainty           -0.066    15.864    
    SLICE_X41Y78         FDSE (Setup_fdse_C_S)       -0.631    15.233    design_1_i/v_tc_0/U0/U_VIDEO_CTRL/AXI4_LITE_INTERFACE.time_control_regs2_int_reg[22][6]
  -------------------------------------------------------------------
                         required time                         15.233    
                         arrival time                         -12.567    
  -------------------------------------------------------------------
                         slack                                  2.665    

Slack (MET) :             2.665ns  (required time - arrival time)
  Source:                 design_1_i/v_tc_0/U0/U_VIDEO_CTRL/AXI4_LITE_INTERFACE.soft_resetn_reg/C
                            (rising edge-triggered cell FDRE clocked by axi_dynclk_0_PXL_CLK_O  {rise@0.000ns fall@4.000ns period=10.000ns})
  Destination:            design_1_i/v_tc_0/U0/U_VIDEO_CTRL/AXI4_LITE_INTERFACE.time_control_regs2_int_reg[22][8]/S
                            (rising edge-triggered cell FDSE clocked by axi_dynclk_0_PXL_CLK_O  {rise@0.000ns fall@4.000ns period=10.000ns})
  Path Group:             axi_dynclk_0_PXL_CLK_O
  Path Type:              Setup (Max at Slow Process Corner)
  Requirement:            10.000ns  (axi_dynclk_0_PXL_CLK_O rise@10.000ns - axi_dynclk_0_PXL_CLK_O rise@0.000ns)
  Data Path Delay:        6.522ns  (logic 0.608ns (9.322%)  route 5.914ns (90.678%))
  Logic Levels:           1  (LUT1=1)
  Clock Path Skew:        -0.115ns (DCD - SCD + CPR)
    Destination Clock Delay (DCD):    5.380ns = ( 15.380 - 10.000 ) 
    Source Clock Delay      (SCD):    6.045ns
    Clock Pessimism Removal (CPR):    0.550ns
  Clock Uncertainty:      0.066ns  ((TSJ^2 + DJ^2)^1/2) / 2 + PE
    Total System Jitter     (TSJ):    0.071ns
    Discrete Jitter          (DJ):    0.112ns
    Phase Error              (PE):    0.000ns

    Location             Delay type                Incr(ns)  Path(ns)    Netlist Resource(s)
  -------------------------------------------------------------------    -------------------
                         (clock axi_dynclk_0_PXL_CLK_O rise edge)
                                                      0.000     0.000 r  
    PS7_X0Y0             PS7                          0.000     0.000 r  design_1_i/processing_system7_0/inst/PS7_i/FCLKCLK[0]
                         net (fo=1, routed)           1.207     1.207    design_1_i/processing_system7_0/inst/FCLK_CLK_unbuffered[0]
    BUFGCTRL_X0Y1        BUFG (Prop_bufg_I_O)         0.101     1.308 r  design_1_i/processing_system7_0/inst/buffer_fclk_clk_0.FCLK_CLK_0_BUFG/O
                         net (fo=1587, routed)        1.666     2.974    design_1_i/axi_dynclk_0/U0/Inst_mmcme2_drp/REF_CLK_I
    MMCME2_ADV_X0Y1      MMCME2_ADV (Prop_mmcme2_adv_CLKIN1_CLKOUT0)
                                                      0.088     3.062 r  design_1_i/axi_dynclk_0/U0/Inst_mmcme2_drp/mmcm_adv_inst/CLKOUT0
                         net (fo=2, routed)           1.063     4.125    design_1_i/axi_dynclk_0/U0/I
    BUFR_X0Y5            BUFR (Prop_bufr_I_O)         1.031     5.156 r  design_1_i/axi_dynclk_0/U0/BUFR_inst/O
                         net (fo=3496, routed)        0.889     6.045    design_1_i/v_tc_0/U0/U_VIDEO_CTRL/vid_aclk
    SLICE_X26Y59         FDRE                                         r  design_1_i/v_tc_0/U0/U_VIDEO_CTRL/AXI4_LITE_INTERFACE.soft_resetn_reg/C
  -------------------------------------------------------------------    -------------------
    SLICE_X26Y59         FDRE (Prop_fdre_C_Q)         0.456     6.501 f  design_1_i/v_tc_0/U0/U_VIDEO_CTRL/AXI4_LITE_INTERFACE.soft_resetn_reg/Q
                         net (fo=67, routed)          1.992     8.493    design_1_i/v_tc_0/U0/U_VIDEO_CTRL/resetn_out
    SLICE_X21Y72         LUT1 (Prop_lut1_I0_O)        0.152     8.645 r  design_1_i/v_tc_0/U0/U_VIDEO_CTRL/GEN_HAS_IRQ.irq_i_1/O
                         net (fo=1142, routed)        3.922    12.567    design_1_i/v_tc_0/U0/U_VIDEO_CTRL/GEN_HAS_IRQ.irq_i_1_n_0
    SLICE_X41Y78         FDSE                                         r  design_1_i/v_tc_0/U0/U_VIDEO_CTRL/AXI4_LITE_INTERFACE.time_control_regs2_int_reg[22][8]/S
  -------------------------------------------------------------------    -------------------

                         (clock axi_dynclk_0_PXL_CLK_O rise edge)
                                                     10.000    10.000 r  
    PS7_X0Y0             PS7                          0.000    10.000 r  design_1_i/processing_system7_0/inst/PS7_i/FCLKCLK[0]
                         net (fo=1, routed)           1.101    11.101    design_1_i/processing_system7_0/inst/FCLK_CLK_unbuffered[0]
    BUFGCTRL_X0Y1        BUFG (Prop_bufg_I_O)         0.091    11.192 r  design_1_i/processing_system7_0/inst/buffer_fclk_clk_0.FCLK_CLK_0_BUFG/O
                         net (fo=1587, routed)        1.477    12.669    design_1_i/axi_dynclk_0/U0/Inst_mmcme2_drp/REF_CLK_I
    MMCME2_ADV_X0Y1      MMCME2_ADV (Prop_mmcme2_adv_CLKIN1_CLKOUT0)
                                                      0.083    12.752 r  design_1_i/axi_dynclk_0/U0/Inst_mmcme2_drp/mmcm_adv_inst/CLKOUT0
                         net (fo=2, routed)           0.960    13.712    design_1_i/axi_dynclk_0/U0/I
    BUFR_X0Y5            BUFR (Prop_bufr_I_O)         0.918    14.630 r  design_1_i/axi_dynclk_0/U0/BUFR_inst/O
                         net (fo=3496, routed)        0.750    15.380    design_1_i/v_tc_0/U0/U_VIDEO_CTRL/vid_aclk
    SLICE_X41Y78         FDSE                                         r  design_1_i/v_tc_0/U0/U_VIDEO_CTRL/AXI4_LITE_INTERFACE.time_control_regs2_int_reg[22][8]/C
                         clock pessimism              0.550    15.930    
                         clock uncertainty           -0.066    15.864    
    SLICE_X41Y78         FDSE (Setup_fdse_C_S)       -0.631    15.233    design_1_i/v_tc_0/U0/U_VIDEO_CTRL/AXI4_LITE_INTERFACE.time_control_regs2_int_reg[22][8]
  -------------------------------------------------------------------
                         required time                         15.233    
                         arrival time                         -12.567    
  -------------------------------------------------------------------
                         slack                                  2.665    

Slack (MET) :             2.665ns  (required time - arrival time)
  Source:                 design_1_i/v_tc_0/U0/U_VIDEO_CTRL/AXI4_LITE_INTERFACE.soft_resetn_reg/C
                            (rising edge-triggered cell FDRE clocked by axi_dynclk_0_PXL_CLK_O  {rise@0.000ns fall@4.000ns period=10.000ns})
  Destination:            design_1_i/v_tc_0/U0/U_VIDEO_CTRL/AXI4_LITE_INTERFACE.time_control_regs2_int_reg[23][5]/R
                            (rising edge-triggered cell FDRE clocked by axi_dynclk_0_PXL_CLK_O  {rise@0.000ns fall@4.000ns period=10.000ns})
  Path Group:             axi_dynclk_0_PXL_CLK_O
  Path Type:              Setup (Max at Slow Process Corner)
  Requirement:            10.000ns  (axi_dynclk_0_PXL_CLK_O rise@10.000ns - axi_dynclk_0_PXL_CLK_O rise@0.000ns)
  Data Path Delay:        6.522ns  (logic 0.608ns (9.322%)  route 5.914ns (90.678%))
  Logic Levels:           1  (LUT1=1)
  Clock Path Skew:        -0.115ns (DCD - SCD + CPR)
    Destination Clock Delay (DCD):    5.380ns = ( 15.380 - 10.000 ) 
    Source Clock Delay      (SCD):    6.045ns
    Clock Pessimism Removal (CPR):    0.550ns
  Clock Uncertainty:      0.066ns  ((TSJ^2 + DJ^2)^1/2) / 2 + PE
    Total System Jitter     (TSJ):    0.071ns
    Discrete Jitter          (DJ):    0.112ns
    Phase Error              (PE):    0.000ns

    Location             Delay type                Incr(ns)  Path(ns)    Netlist Resource(s)
  -------------------------------------------------------------------    -------------------
                         (clock axi_dynclk_0_PXL_CLK_O rise edge)
                                                      0.000     0.000 r  
    PS7_X0Y0             PS7                          0.000     0.000 r  design_1_i/processing_system7_0/inst/PS7_i/FCLKCLK[0]
                         net (fo=1, routed)           1.207     1.207    design_1_i/processing_system7_0/inst/FCLK_CLK_unbuffered[0]
    BUFGCTRL_X0Y1        BUFG (Prop_bufg_I_O)         0.101     1.308 r  design_1_i/processing_system7_0/inst/buffer_fclk_clk_0.FCLK_CLK_0_BUFG/O
                         net (fo=1587, routed)        1.666     2.974    design_1_i/axi_dynclk_0/U0/Inst_mmcme2_drp/REF_CLK_I
    MMCME2_ADV_X0Y1      MMCME2_ADV (Prop_mmcme2_adv_CLKIN1_CLKOUT0)
                                                      0.088     3.062 r  design_1_i/axi_dynclk_0/U0/Inst_mmcme2_drp/mmcm_adv_inst/CLKOUT0
                         net (fo=2, routed)           1.063     4.125    design_1_i/axi_dynclk_0/U0/I
    BUFR_X0Y5            BUFR (Prop_bufr_I_O)         1.031     5.156 r  design_1_i/axi_dynclk_0/U0/BUFR_inst/O
                         net (fo=3496, routed)        0.889     6.045    design_1_i/v_tc_0/U0/U_VIDEO_CTRL/vid_aclk
    SLICE_X26Y59         FDRE                                         r  design_1_i/v_tc_0/U0/U_VIDEO_CTRL/AXI4_LITE_INTERFACE.soft_resetn_reg/C
  -------------------------------------------------------------------    -------------------
    SLICE_X26Y59         FDRE (Prop_fdre_C_Q)         0.456     6.501 f  design_1_i/v_tc_0/U0/U_VIDEO_CTRL/AXI4_LITE_INTERFACE.soft_resetn_reg/Q
                         net (fo=67, routed)          1.992     8.493    design_1_i/v_tc_0/U0/U_VIDEO_CTRL/resetn_out
    SLICE_X21Y72         LUT1 (Prop_lut1_I0_O)        0.152     8.645 r  design_1_i/v_tc_0/U0/U_VIDEO_CTRL/GEN_HAS_IRQ.irq_i_1/O
                         net (fo=1142, routed)        3.922    12.567    design_1_i/v_tc_0/U0/U_VIDEO_CTRL/GEN_HAS_IRQ.irq_i_1_n_0
    SLICE_X41Y78         FDRE                                         r  design_1_i/v_tc_0/U0/U_VIDEO_CTRL/AXI4_LITE_INTERFACE.time_control_regs2_int_reg[23][5]/R
  -------------------------------------------------------------------    -------------------

                         (clock axi_dynclk_0_PXL_CLK_O rise edge)
                                                     10.000    10.000 r  
    PS7_X0Y0             PS7                          0.000    10.000 r  design_1_i/processing_system7_0/inst/PS7_i/FCLKCLK[0]
                         net (fo=1, routed)           1.101    11.101    design_1_i/processing_system7_0/inst/FCLK_CLK_unbuffered[0]
    BUFGCTRL_X0Y1        BUFG (Prop_bufg_I_O)         0.091    11.192 r  design_1_i/processing_system7_0/inst/buffer_fclk_clk_0.FCLK_CLK_0_BUFG/O
                         net (fo=1587, routed)        1.477    12.669    design_1_i/axi_dynclk_0/U0/Inst_mmcme2_drp/REF_CLK_I
    MMCME2_ADV_X0Y1      MMCME2_ADV (Prop_mmcme2_adv_CLKIN1_CLKOUT0)
                                                      0.083    12.752 r  design_1_i/axi_dynclk_0/U0/Inst_mmcme2_drp/mmcm_adv_inst/CLKOUT0
                         net (fo=2, routed)           0.960    13.712    design_1_i/axi_dynclk_0/U0/I
    BUFR_X0Y5            BUFR (Prop_bufr_I_O)         0.918    14.630 r  design_1_i/axi_dynclk_0/U0/BUFR_inst/O
                         net (fo=3496, routed)        0.750    15.380    design_1_i/v_tc_0/U0/U_VIDEO_CTRL/vid_aclk
    SLICE_X41Y78         FDRE                                         r  design_1_i/v_tc_0/U0/U_VIDEO_CTRL/AXI4_LITE_INTERFACE.time_control_regs2_int_reg[23][5]/C
                         clock pessimism              0.550    15.930    
                         clock uncertainty           -0.066    15.864    
    SLICE_X41Y78         FDRE (Setup_fdre_C_R)       -0.631    15.233    design_1_i/v_tc_0/U0/U_VIDEO_CTRL/AXI4_LITE_INTERFACE.time_control_regs2_int_reg[23][5]
  -------------------------------------------------------------------
                         required time                         15.233    
                         arrival time                         -12.567    
  -------------------------------------------------------------------
                         slack                                  2.665    

Slack (MET) :             2.665ns  (required time - arrival time)
  Source:                 design_1_i/v_tc_0/U0/U_VIDEO_CTRL/AXI4_LITE_INTERFACE.soft_resetn_reg/C
                            (rising edge-triggered cell FDRE clocked by axi_dynclk_0_PXL_CLK_O  {rise@0.000ns fall@4.000ns period=10.000ns})
  Destination:            design_1_i/v_tc_0/U0/U_VIDEO_CTRL/AXI4_LITE_INTERFACE.time_control_regs2_int_reg[23][6]/R
                            (rising edge-triggered cell FDRE clocked by axi_dynclk_0_PXL_CLK_O  {rise@0.000ns fall@4.000ns period=10.000ns})
  Path Group:             axi_dynclk_0_PXL_CLK_O
  Path Type:              Setup (Max at Slow Process Corner)
  Requirement:            10.000ns  (axi_dynclk_0_PXL_CLK_O rise@10.000ns - axi_dynclk_0_PXL_CLK_O rise@0.000ns)
  Data Path Delay:        6.522ns  (logic 0.608ns (9.322%)  route 5.914ns (90.678%))
  Logic Levels:           1  (LUT1=1)
  Clock Path Skew:        -0.115ns (DCD - SCD + CPR)
    Destination Clock Delay (DCD):    5.380ns = ( 15.380 - 10.000 ) 
    Source Clock Delay      (SCD):    6.045ns
    Clock Pessimism Removal (CPR):    0.550ns
  Clock Uncertainty:      0.066ns  ((TSJ^2 + DJ^2)^1/2) / 2 + PE
    Total System Jitter     (TSJ):    0.071ns
    Discrete Jitter          (DJ):    0.112ns
    Phase Error              (PE):    0.000ns

    Location             Delay type                Incr(ns)  Path(ns)    Netlist Resource(s)
  -------------------------------------------------------------------    -------------------
                         (clock axi_dynclk_0_PXL_CLK_O rise edge)
                                                      0.000     0.000 r  
    PS7_X0Y0             PS7                          0.000     0.000 r  design_1_i/processing_system7_0/inst/PS7_i/FCLKCLK[0]
                         net (fo=1, routed)           1.207     1.207    design_1_i/processing_system7_0/inst/FCLK_CLK_unbuffered[0]
    BUFGCTRL_X0Y1        BUFG (Prop_bufg_I_O)         0.101     1.308 r  design_1_i/processing_system7_0/inst/buffer_fclk_clk_0.FCLK_CLK_0_BUFG/O
                         net (fo=1587, routed)        1.666     2.974    design_1_i/axi_dynclk_0/U0/Inst_mmcme2_drp/REF_CLK_I
    MMCME2_ADV_X0Y1      MMCME2_ADV (Prop_mmcme2_adv_CLKIN1_CLKOUT0)
                                                      0.088     3.062 r  design_1_i/axi_dynclk_0/U0/Inst_mmcme2_drp/mmcm_adv_inst/CLKOUT0
                         net (fo=2, routed)           1.063     4.125    design_1_i/axi_dynclk_0/U0/I
    BUFR_X0Y5            BUFR (Prop_bufr_I_O)         1.031     5.156 r  design_1_i/axi_dynclk_0/U0/BUFR_inst/O
                         net (fo=3496, routed)        0.889     6.045    design_1_i/v_tc_0/U0/U_VIDEO_CTRL/vid_aclk
    SLICE_X26Y59         FDRE                                         r  design_1_i/v_tc_0/U0/U_VIDEO_CTRL/AXI4_LITE_INTERFACE.soft_resetn_reg/C
  -------------------------------------------------------------------    -------------------
    SLICE_X26Y59         FDRE (Prop_fdre_C_Q)         0.456     6.501 f  design_1_i/v_tc_0/U0/U_VIDEO_CTRL/AXI4_LITE_INTERFACE.soft_resetn_reg/Q
                         net (fo=67, routed)          1.992     8.493    design_1_i/v_tc_0/U0/U_VIDEO_CTRL/resetn_out
    SLICE_X21Y72         LUT1 (Prop_lut1_I0_O)        0.152     8.645 r  design_1_i/v_tc_0/U0/U_VIDEO_CTRL/GEN_HAS_IRQ.irq_i_1/O
                         net (fo=1142, routed)        3.922    12.567    design_1_i/v_tc_0/U0/U_VIDEO_CTRL/GEN_HAS_IRQ.irq_i_1_n_0
    SLICE_X41Y78         FDRE                                         r  design_1_i/v_tc_0/U0/U_VIDEO_CTRL/AXI4_LITE_INTERFACE.time_control_regs2_int_reg[23][6]/R
  -------------------------------------------------------------------    -------------------

                         (clock axi_dynclk_0_PXL_CLK_O rise edge)
                                                     10.000    10.000 r  
    PS7_X0Y0             PS7                          0.000    10.000 r  design_1_i/processing_system7_0/inst/PS7_i/FCLKCLK[0]
                         net (fo=1, routed)           1.101    11.101    design_1_i/processing_system7_0/inst/FCLK_CLK_unbuffered[0]
    BUFGCTRL_X0Y1        BUFG (Prop_bufg_I_O)         0.091    11.192 r  design_1_i/processing_system7_0/inst/buffer_fclk_clk_0.FCLK_CLK_0_BUFG/O
                         net (fo=1587, routed)        1.477    12.669    design_1_i/axi_dynclk_0/U0/Inst_mmcme2_drp/REF_CLK_I
    MMCME2_ADV_X0Y1      MMCME2_ADV (Prop_mmcme2_adv_CLKIN1_CLKOUT0)
                                                      0.083    12.752 r  design_1_i/axi_dynclk_0/U0/Inst_mmcme2_drp/mmcm_adv_inst/CLKOUT0
                         net (fo=2, routed)           0.960    13.712    design_1_i/axi_dynclk_0/U0/I
    BUFR_X0Y5            BUFR (Prop_bufr_I_O)         0.918    14.630 r  design_1_i/axi_dynclk_0/U0/BUFR_inst/O
                         net (fo=3496, routed)        0.750    15.380    design_1_i/v_tc_0/U0/U_VIDEO_CTRL/vid_aclk
    SLICE_X41Y78         FDRE                                         r  design_1_i/v_tc_0/U0/U_VIDEO_CTRL/AXI4_LITE_INTERFACE.time_control_regs2_int_reg[23][6]/C
                         clock pessimism              0.550    15.930    
                         clock uncertainty           -0.066    15.864    
    SLICE_X41Y78         FDRE (Setup_fdre_C_R)       -0.631    15.233    design_1_i/v_tc_0/U0/U_VIDEO_CTRL/AXI4_LITE_INTERFACE.time_control_regs2_int_reg[23][6]
  -------------------------------------------------------------------
                         required time                         15.233    
                         arrival time                         -12.567    
  -------------------------------------------------------------------
                         slack                                  2.665    





Min Delay Paths
--------------------------------------------------------------------------------------
Slack (MET) :             0.104ns  (arrival time - required time)
  Source:                 design_1_i/v_tc_0/U0/U_VIDEO_CTRL/AXI4_LITE_INTERFACE.time_control_regs_int_reg[29][20]/C
                            (rising edge-triggered cell FDSE clocked by axi_dynclk_0_PXL_CLK_O  {rise@0.000ns fall@4.000ns period=10.000ns})
  Destination:            design_1_i/v_tc_0/U0/U_VIDEO_CTRL/AXI4_LITE_INTERFACE.GENR_MUX0/GEN_TREE.GEN_BRANCH[49].GEN_MUX_REG.data_out_reg_reg[49][20]/D
                            (rising edge-triggered cell FDRE clocked by axi_dynclk_0_PXL_CLK_O  {rise@0.000ns fall@4.000ns period=10.000ns})
  Path Group:             axi_dynclk_0_PXL_CLK_O
  Path Type:              Hold (Min at Fast Process Corner)
  Requirement:            0.000ns  (axi_dynclk_0_PXL_CLK_O rise@0.000ns - axi_dynclk_0_PXL_CLK_O rise@0.000ns)
  Data Path Delay:        0.238ns  (logic 0.186ns (78.117%)  route 0.052ns (21.883%))
  Logic Levels:           1  (LUT3=1)
  Clock Path Skew:        0.013ns (DCD - SCD - CPR)
    Destination Clock Delay (DCD):    2.392ns
    Source Clock Delay      (SCD):    1.856ns
    Clock Pessimism Removal (CPR):    0.523ns

    Location             Delay type                Incr(ns)  Path(ns)    Netlist Resource(s)
  -------------------------------------------------------------------    -------------------
                         (clock axi_dynclk_0_PXL_CLK_O rise edge)
                                                      0.000     0.000 r  
    PS7_X0Y0             PS7                          0.000     0.000 r  design_1_i/processing_system7_0/inst/PS7_i/FCLKCLK[0]
                         net (fo=1, routed)           0.315     0.315    design_1_i/processing_system7_0/inst/FCLK_CLK_unbuffered[0]
    BUFGCTRL_X0Y1        BUFG (Prop_bufg_I_O)         0.026     0.341 r  design_1_i/processing_system7_0/inst/buffer_fclk_clk_0.FCLK_CLK_0_BUFG/O
                         net (fo=1587, routed)        0.544     0.885    design_1_i/axi_dynclk_0/U0/Inst_mmcme2_drp/REF_CLK_I
    MMCME2_ADV_X0Y1      MMCME2_ADV (Prop_mmcme2_adv_CLKIN1_CLKOUT0)
                                                      0.050     0.935 r  design_1_i/axi_dynclk_0/U0/Inst_mmcme2_drp/mmcm_adv_inst/CLKOUT0
                         net (fo=2, routed)           0.363     1.298    design_1_i/axi_dynclk_0/U0/I
    BUFR_X0Y5            BUFR (Prop_bufr_I_O)         0.270     1.568 r  design_1_i/axi_dynclk_0/U0/BUFR_inst/O
                         net (fo=3496, routed)        0.288     1.856    design_1_i/v_tc_0/U0/U_VIDEO_CTRL/vid_aclk
    SLICE_X33Y90         FDSE                                         r  design_1_i/v_tc_0/U0/U_VIDEO_CTRL/AXI4_LITE_INTERFACE.time_control_regs_int_reg[29][20]/C
  -------------------------------------------------------------------    -------------------
    SLICE_X33Y90         FDSE (Prop_fdse_C_Q)         0.141     1.997 r  design_1_i/v_tc_0/U0/U_VIDEO_CTRL/AXI4_LITE_INTERFACE.time_control_regs_int_reg[29][20]/Q
                         net (fo=1, routed)           0.052     2.049    design_1_i/v_tc_0/U0/U_VIDEO_CTRL/AXI4_LITE_INTERFACE.SYNC2VIDCLK_I/Q[20]
    SLICE_X32Y90         LUT3 (Prop_lut3_I0_O)        0.045     2.094 r  design_1_i/v_tc_0/U0/U_VIDEO_CTRL/AXI4_LITE_INTERFACE.SYNC2VIDCLK_I/GEN_TREE.GEN_BRANCH[49].GEN_MUX_REG.data_out_reg[49][20]_i_1/O
                         net (fo=1, routed)           0.000     2.094    design_1_i/v_tc_0/U0/U_VIDEO_CTRL/AXI4_LITE_INTERFACE.GENR_MUX0/p_0_in[20]
    SLICE_X32Y90         FDRE                                         r  design_1_i/v_tc_0/U0/U_VIDEO_CTRL/AXI4_LITE_INTERFACE.GENR_MUX0/GEN_TREE.GEN_BRANCH[49].GEN_MUX_REG.data_out_reg_reg[49][20]/D
  -------------------------------------------------------------------    -------------------

                         (clock axi_dynclk_0_PXL_CLK_O rise edge)
                                                      0.000     0.000 r  
    PS7_X0Y0             PS7                          0.000     0.000 r  design_1_i/processing_system7_0/inst/PS7_i/FCLKCLK[0]
                         net (fo=1, routed)           0.341     0.341    design_1_i/processing_system7_0/inst/FCLK_CLK_unbuffered[0]
    BUFGCTRL_X0Y1        BUFG (Prop_bufg_I_O)         0.029     0.370 r  design_1_i/processing_system7_0/inst/buffer_fclk_clk_0.FCLK_CLK_0_BUFG/O
                         net (fo=1587, routed)        0.811     1.181    design_1_i/axi_dynclk_0/U0/Inst_mmcme2_drp/REF_CLK_I
    MMCME2_ADV_X0Y1      MMCME2_ADV (Prop_mmcme2_adv_CLKIN1_CLKOUT0)
                                                      0.053     1.234 r  design_1_i/axi_dynclk_0/U0/Inst_mmcme2_drp/mmcm_adv_inst/CLKOUT0
                         net (fo=2, routed)           0.402     1.636    design_1_i/axi_dynclk_0/U0/I
    BUFR_X0Y5            BUFR (Prop_bufr_I_O)         0.431     2.067 r  design_1_i/axi_dynclk_0/U0/BUFR_inst/O
                         net (fo=3496, routed)        0.325     2.392    design_1_i/v_tc_0/U0/U_VIDEO_CTRL/AXI4_LITE_INTERFACE.GENR_MUX0/vid_aclk
    SLICE_X32Y90         FDRE                                         r  design_1_i/v_tc_0/U0/U_VIDEO_CTRL/AXI4_LITE_INTERFACE.GENR_MUX0/GEN_TREE.GEN_BRANCH[49].GEN_MUX_REG.data_out_reg_reg[49][20]/C
                         clock pessimism             -0.523     1.869    
    SLICE_X32Y90         FDRE (Hold_fdre_C_D)         0.121     1.990    design_1_i/v_tc_0/U0/U_VIDEO_CTRL/AXI4_LITE_INTERFACE.GENR_MUX0/GEN_TREE.GEN_BRANCH[49].GEN_MUX_REG.data_out_reg_reg[49][20]
  -------------------------------------------------------------------
                         required time                         -1.990    
                         arrival time                           2.094    
  -------------------------------------------------------------------
                         slack                                  0.104    

Slack (MET) :             0.104ns  (arrival time - required time)
  Source:                 design_1_i/v_tc_0/U0/U_VIDEO_CTRL/GEN_HAS_IRQ.intr_stat_set_d_reg[13]/C
                            (rising edge-triggered cell FDRE clocked by axi_dynclk_0_PXL_CLK_O  {rise@0.000ns fall@4.000ns period=10.000ns})
  Destination:            design_1_i/v_tc_0/U0/U_VIDEO_CTRL/GEN_HAS_IRQ.intr_stat_reg[13]/D
                            (rising edge-triggered cell FDRE clocked by axi_dynclk_0_PXL_CLK_O  {rise@0.000ns fall@4.000ns period=10.000ns})
  Path Group:             axi_dynclk_0_PXL_CLK_O
  Path Type:              Hold (Min at Fast Process Corner)
  Requirement:            0.000ns  (axi_dynclk_0_PXL_CLK_O rise@0.000ns - axi_dynclk_0_PXL_CLK_O rise@0.000ns)
  Data Path Delay:        0.238ns  (logic 0.186ns (78.117%)  route 0.052ns (21.883%))
  Logic Levels:           1  (LUT5=1)
  Clock Path Skew:        0.013ns (DCD - SCD - CPR)
    Destination Clock Delay (DCD):    2.393ns
    Source Clock Delay      (SCD):    1.857ns
    Clock Pessimism Removal (CPR):    0.523ns

    Location             Delay type                Incr(ns)  Path(ns)    Netlist Resource(s)
  -------------------------------------------------------------------    -------------------
                         (clock axi_dynclk_0_PXL_CLK_O rise edge)
                                                      0.000     0.000 r  
    PS7_X0Y0             PS7                          0.000     0.000 r  design_1_i/processing_system7_0/inst/PS7_i/FCLKCLK[0]
                         net (fo=1, routed)           0.315     0.315    design_1_i/processing_system7_0/inst/FCLK_CLK_unbuffered[0]
    BUFGCTRL_X0Y1        BUFG (Prop_bufg_I_O)         0.026     0.341 r  design_1_i/processing_system7_0/inst/buffer_fclk_clk_0.FCLK_CLK_0_BUFG/O
                         net (fo=1587, routed)        0.544     0.885    design_1_i/axi_dynclk_0/U0/Inst_mmcme2_drp/REF_CLK_I
    MMCME2_ADV_X0Y1      MMCME2_ADV (Prop_mmcme2_adv_CLKIN1_CLKOUT0)
                                                      0.050     0.935 r  design_1_i/axi_dynclk_0/U0/Inst_mmcme2_drp/mmcm_adv_inst/CLKOUT0
                         net (fo=2, routed)           0.363     1.298    design_1_i/axi_dynclk_0/U0/I
    BUFR_X0Y5            BUFR (Prop_bufr_I_O)         0.270     1.568 r  design_1_i/axi_dynclk_0/U0/BUFR_inst/O
                         net (fo=3496, routed)        0.289     1.857    design_1_i/v_tc_0/U0/U_VIDEO_CTRL/vid_aclk
    SLICE_X33Y56         FDRE                                         r  design_1_i/v_tc_0/U0/U_VIDEO_CTRL/GEN_HAS_IRQ.intr_stat_set_d_reg[13]/C
  -------------------------------------------------------------------    -------------------
    SLICE_X33Y56         FDRE (Prop_fdre_C_Q)         0.141     1.998 f  design_1_i/v_tc_0/U0/U_VIDEO_CTRL/GEN_HAS_IRQ.intr_stat_set_d_reg[13]/Q
                         net (fo=1, routed)           0.052     2.050    design_1_i/v_tc_0/U0/U_VIDEO_CTRL/intr_stat_set_d[13]
    SLICE_X32Y56         LUT5 (Prop_lut5_I1_O)        0.045     2.095 r  design_1_i/v_tc_0/U0/U_VIDEO_CTRL/GEN_HAS_IRQ.intr_stat[13]_i_1/O
                         net (fo=1, routed)           0.000     2.095    design_1_i/v_tc_0/U0/U_VIDEO_CTRL/GEN_HAS_IRQ.intr_stat[13]_i_1_n_0
    SLICE_X32Y56         FDRE                                         r  design_1_i/v_tc_0/U0/U_VIDEO_CTRL/GEN_HAS_IRQ.intr_stat_reg[13]/D
  -------------------------------------------------------------------    -------------------

                         (clock axi_dynclk_0_PXL_CLK_O rise edge)
                                                      0.000     0.000 r  
    PS7_X0Y0             PS7                          0.000     0.000 r  design_1_i/processing_system7_0/inst/PS7_i/FCLKCLK[0]
                         net (fo=1, routed)           0.341     0.341    design_1_i/processing_system7_0/inst/FCLK_CLK_unbuffered[0]
    BUFGCTRL_X0Y1        BUFG (Prop_bufg_I_O)         0.029     0.370 r  design_1_i/processing_system7_0/inst/buffer_fclk_clk_0.FCLK_CLK_0_BUFG/O
                         net (fo=1587, routed)        0.811     1.181    design_1_i/axi_dynclk_0/U0/Inst_mmcme2_drp/REF_CLK_I
    MMCME2_ADV_X0Y1      MMCME2_ADV (Prop_mmcme2_adv_CLKIN1_CLKOUT0)
                                                      0.053     1.234 r  design_1_i/axi_dynclk_0/U0/Inst_mmcme2_drp/mmcm_adv_inst/CLKOUT0
                         net (fo=2, routed)           0.402     1.636    design_1_i/axi_dynclk_0/U0/I
    BUFR_X0Y5            BUFR (Prop_bufr_I_O)         0.431     2.067 r  design_1_i/axi_dynclk_0/U0/BUFR_inst/O
                         net (fo=3496, routed)        0.326     2.393    design_1_i/v_tc_0/U0/U_VIDEO_CTRL/vid_aclk
    SLICE_X32Y56         FDRE                                         r  design_1_i/v_tc_0/U0/U_VIDEO_CTRL/GEN_HAS_IRQ.intr_stat_reg[13]/C
                         clock pessimism             -0.523     1.870    
    SLICE_X32Y56         FDRE (Hold_fdre_C_D)         0.121     1.991    design_1_i/v_tc_0/U0/U_VIDEO_CTRL/GEN_HAS_IRQ.intr_stat_reg[13]
  -------------------------------------------------------------------
                         required time                         -1.991    
                         arrival time                           2.095    
  -------------------------------------------------------------------
                         slack                                  0.104    

Slack (MET) :             0.106ns  (arrival time - required time)
  Source:                 design_1_i/v_tc_0/U0/U_VIDEO_CTRL/AXI4_LITE_INTERFACE.time_control_regs_int_reg[16][14]/C
                            (rising edge-triggered cell FDRE clocked by axi_dynclk_0_PXL_CLK_O  {rise@0.000ns fall@4.000ns period=10.000ns})
  Destination:            design_1_i/v_tc_0/U0/U_VIDEO_CTRL/AXI4_LITE_INTERFACE.GENR_MUX0/GEN_TREE.GEN_BRANCH[43].GEN_MUX_REG.data_out_reg_reg[43][14]/D
                            (rising edge-triggered cell FDRE clocked by axi_dynclk_0_PXL_CLK_O  {rise@0.000ns fall@4.000ns period=10.000ns})
  Path Group:             axi_dynclk_0_PXL_CLK_O
  Path Type:              Hold (Min at Fast Process Corner)
  Requirement:            0.000ns  (axi_dynclk_0_PXL_CLK_O rise@0.000ns - axi_dynclk_0_PXL_CLK_O rise@0.000ns)
  Data Path Delay:        0.240ns  (logic 0.186ns (77.466%)  route 0.054ns (22.534%))
  Logic Levels:           1  (LUT2=1)
  Clock Path Skew:        0.013ns (DCD - SCD - CPR)
    Destination Clock Delay (DCD):    2.368ns
    Source Clock Delay      (SCD):    1.834ns
    Clock Pessimism Removal (CPR):    0.521ns

    Location             Delay type                Incr(ns)  Path(ns)    Netlist Resource(s)
  -------------------------------------------------------------------    -------------------
                         (clock axi_dynclk_0_PXL_CLK_O rise edge)
                                                      0.000     0.000 r  
    PS7_X0Y0             PS7                          0.000     0.000 r  design_1_i/processing_system7_0/inst/PS7_i/FCLKCLK[0]
                         net (fo=1, routed)           0.315     0.315    design_1_i/processing_system7_0/inst/FCLK_CLK_unbuffered[0]
    BUFGCTRL_X0Y1        BUFG (Prop_bufg_I_O)         0.026     0.341 r  design_1_i/processing_system7_0/inst/buffer_fclk_clk_0.FCLK_CLK_0_BUFG/O
                         net (fo=1587, routed)        0.544     0.885    design_1_i/axi_dynclk_0/U0/Inst_mmcme2_drp/REF_CLK_I
    MMCME2_ADV_X0Y1      MMCME2_ADV (Prop_mmcme2_adv_CLKIN1_CLKOUT0)
                                                      0.050     0.935 r  design_1_i/axi_dynclk_0/U0/Inst_mmcme2_drp/mmcm_adv_inst/CLKOUT0
                         net (fo=2, routed)           0.363     1.298    design_1_i/axi_dynclk_0/U0/I
    BUFR_X0Y5            BUFR (Prop_bufr_I_O)         0.270     1.568 r  design_1_i/axi_dynclk_0/U0/BUFR_inst/O
                         net (fo=3496, routed)        0.266     1.834    design_1_i/v_tc_0/U0/U_VIDEO_CTRL/vid_aclk
    SLICE_X39Y51         FDRE                                         r  design_1_i/v_tc_0/U0/U_VIDEO_CTRL/AXI4_LITE_INTERFACE.time_control_regs_int_reg[16][14]/C
  -------------------------------------------------------------------    -------------------
    SLICE_X39Y51         FDRE (Prop_fdre_C_Q)         0.141     1.975 r  design_1_i/v_tc_0/U0/U_VIDEO_CTRL/AXI4_LITE_INTERFACE.time_control_regs_int_reg[16][14]/Q
                         net (fo=1, routed)           0.054     2.029    design_1_i/v_tc_0/U0/U_VIDEO_CTRL/AXI4_LITE_INTERFACE.SYNC2VIDCLK_I/genr_regs[14]
    SLICE_X38Y51         LUT2 (Prop_lut2_I1_O)        0.045     2.074 r  design_1_i/v_tc_0/U0/U_VIDEO_CTRL/AXI4_LITE_INTERFACE.SYNC2VIDCLK_I/GEN_TREE.GEN_BRANCH[43].GEN_MUX_REG.data_out_reg[43][14]_i_1/O
                         net (fo=1, routed)           0.000     2.074    design_1_i/v_tc_0/U0/U_VIDEO_CTRL/AXI4_LITE_INTERFACE.GENR_MUX0/GEN_TREE.GEN_BRANCH[43].GEN_MUX_REG.data_out_reg_reg[43][14]_0
    SLICE_X38Y51         FDRE                                         r  design_1_i/v_tc_0/U0/U_VIDEO_CTRL/AXI4_LITE_INTERFACE.GENR_MUX0/GEN_TREE.GEN_BRANCH[43].GEN_MUX_REG.data_out_reg_reg[43][14]/D
  -------------------------------------------------------------------    -------------------

                         (clock axi_dynclk_0_PXL_CLK_O rise edge)
                                                      0.000     0.000 r  
    PS7_X0Y0             PS7                          0.000     0.000 r  design_1_i/processing_system7_0/inst/PS7_i/FCLKCLK[0]
                         net (fo=1, routed)           0.341     0.341    design_1_i/processing_system7_0/inst/FCLK_CLK_unbuffered[0]
    BUFGCTRL_X0Y1        BUFG (Prop_bufg_I_O)         0.029     0.370 r  design_1_i/processing_system7_0/inst/buffer_fclk_clk_0.FCLK_CLK_0_BUFG/O
                         net (fo=1587, routed)        0.811     1.181    design_1_i/axi_dynclk_0/U0/Inst_mmcme2_drp/REF_CLK_I
    MMCME2_ADV_X0Y1      MMCME2_ADV (Prop_mmcme2_adv_CLKIN1_CLKOUT0)
                                                      0.053     1.234 r  design_1_i/axi_dynclk_0/U0/Inst_mmcme2_drp/mmcm_adv_inst/CLKOUT0
                         net (fo=2, routed)           0.402     1.636    design_1_i/axi_dynclk_0/U0/I
    BUFR_X0Y5            BUFR (Prop_bufr_I_O)         0.431     2.067 r  design_1_i/axi_dynclk_0/U0/BUFR_inst/O
                         net (fo=3496, routed)        0.301     2.368    design_1_i/v_tc_0/U0/U_VIDEO_CTRL/AXI4_LITE_INTERFACE.GENR_MUX0/vid_aclk
    SLICE_X38Y51         FDRE                                         r  design_1_i/v_tc_0/U0/U_VIDEO_CTRL/AXI4_LITE_INTERFACE.GENR_MUX0/GEN_TREE.GEN_BRANCH[43].GEN_MUX_REG.data_out_reg_reg[43][14]/C
                         clock pessimism             -0.521     1.847    
    SLICE_X38Y51         FDRE (Hold_fdre_C_D)         0.121     1.968    design_1_i/v_tc_0/U0/U_VIDEO_CTRL/AXI4_LITE_INTERFACE.GENR_MUX0/GEN_TREE.GEN_BRANCH[43].GEN_MUX_REG.data_out_reg_reg[43][14]
  -------------------------------------------------------------------
                         required time                         -1.968    
                         arrival time                           2.074    
  -------------------------------------------------------------------
                         slack                                  0.106    

Slack (MET) :             0.109ns  (arrival time - required time)
  Source:                 design_1_i/v_tc_0/U0/U_VIDEO_CTRL/AXI4_LITE_INTERFACE.GENR_MUX0/GEN_TREE.GEN_BRANCH[49].GEN_MUX_REG.data_out_reg_reg[49][15]/C
                            (rising edge-triggered cell FDRE clocked by axi_dynclk_0_PXL_CLK_O  {rise@0.000ns fall@4.000ns period=10.000ns})
  Destination:            design_1_i/v_tc_0/U0/U_VIDEO_CTRL/AXI4_LITE_INTERFACE.GENR_MUX0/GEN_TREE.GEN_BRANCH[5].GEN_MUX_REG.data_out_reg_reg[5][15]/D
                            (rising edge-triggered cell FDRE clocked by axi_dynclk_0_PXL_CLK_O  {rise@0.000ns fall@4.000ns period=10.000ns})
  Path Group:             axi_dynclk_0_PXL_CLK_O
  Path Type:              Hold (Min at Fast Process Corner)
  Requirement:            0.000ns  (axi_dynclk_0_PXL_CLK_O rise@0.000ns - axi_dynclk_0_PXL_CLK_O rise@0.000ns)
  Data Path Delay:        0.242ns  (logic 0.186ns (76.826%)  route 0.056ns (23.173%))
  Logic Levels:           1  (LUT5=1)
  Clock Path Skew:        0.013ns (DCD - SCD - CPR)
    Destination Clock Delay (DCD):    2.392ns
    Source Clock Delay      (SCD):    1.856ns
    Clock Pessimism Removal (CPR):    0.523ns

    Location             Delay type                Incr(ns)  Path(ns)    Netlist Resource(s)
  -------------------------------------------------------------------    -------------------
                         (clock axi_dynclk_0_PXL_CLK_O rise edge)
                                                      0.000     0.000 r  
    PS7_X0Y0             PS7                          0.000     0.000 r  design_1_i/processing_system7_0/inst/PS7_i/FCLKCLK[0]
                         net (fo=1, routed)           0.315     0.315    design_1_i/processing_system7_0/inst/FCLK_CLK_unbuffered[0]
    BUFGCTRL_X0Y1        BUFG (Prop_bufg_I_O)         0.026     0.341 r  design_1_i/processing_system7_0/inst/buffer_fclk_clk_0.FCLK_CLK_0_BUFG/O
                         net (fo=1587, routed)        0.544     0.885    design_1_i/axi_dynclk_0/U0/Inst_mmcme2_drp/REF_CLK_I
    MMCME2_ADV_X0Y1      MMCME2_ADV (Prop_mmcme2_adv_CLKIN1_CLKOUT0)
                                                      0.050     0.935 r  design_1_i/axi_dynclk_0/U0/Inst_mmcme2_drp/mmcm_adv_inst/CLKOUT0
                         net (fo=2, routed)           0.363     1.298    design_1_i/axi_dynclk_0/U0/I
    BUFR_X0Y5            BUFR (Prop_bufr_I_O)         0.270     1.568 r  design_1_i/axi_dynclk_0/U0/BUFR_inst/O
                         net (fo=3496, routed)        0.288     1.856    design_1_i/v_tc_0/U0/U_VIDEO_CTRL/AXI4_LITE_INTERFACE.GENR_MUX0/vid_aclk
    SLICE_X25Y88         FDRE                                         r  design_1_i/v_tc_0/U0/U_VIDEO_CTRL/AXI4_LITE_INTERFACE.GENR_MUX0/GEN_TREE.GEN_BRANCH[49].GEN_MUX_REG.data_out_reg_reg[49][15]/C
  -------------------------------------------------------------------    -------------------
    SLICE_X25Y88         FDRE (Prop_fdre_C_Q)         0.141     1.997 r  design_1_i/v_tc_0/U0/U_VIDEO_CTRL/AXI4_LITE_INTERFACE.GENR_MUX0/GEN_TREE.GEN_BRANCH[49].GEN_MUX_REG.data_out_reg_reg[49][15]/Q
                         net (fo=1, routed)           0.056     2.053    design_1_i/v_tc_0/U0/U_VIDEO_CTRL/AXI4_LITE_INTERFACE.GENR_MUX0/GEN_TREE.GEN_BRANCH[49].GEN_MUX_REG.data_out_reg_reg[49]_2[15]
    SLICE_X24Y88         LUT5 (Prop_lut5_I0_O)        0.045     2.098 r  design_1_i/v_tc_0/U0/U_VIDEO_CTRL/AXI4_LITE_INTERFACE.GENR_MUX0/GEN_TREE.GEN_BRANCH[5].GEN_MUX_REG.data_out_reg[5][15]_i_1/O
                         net (fo=1, routed)           0.000     2.098    design_1_i/v_tc_0/U0/U_VIDEO_CTRL/AXI4_LITE_INTERFACE.GENR_MUX0/GEN_TREE.GEN_BRANCH[5].GEN_MUX_REG.data_out_reg[5][15]_i_1_n_0
    SLICE_X24Y88         FDRE                                         r  design_1_i/v_tc_0/U0/U_VIDEO_CTRL/AXI4_LITE_INTERFACE.GENR_MUX0/GEN_TREE.GEN_BRANCH[5].GEN_MUX_REG.data_out_reg_reg[5][15]/D
  -------------------------------------------------------------------    -------------------

                         (clock axi_dynclk_0_PXL_CLK_O rise edge)
                                                      0.000     0.000 r  
    PS7_X0Y0             PS7                          0.000     0.000 r  design_1_i/processing_system7_0/inst/PS7_i/FCLKCLK[0]
                         net (fo=1, routed)           0.341     0.341    design_1_i/processing_system7_0/inst/FCLK_CLK_unbuffered[0]
    BUFGCTRL_X0Y1        BUFG (Prop_bufg_I_O)         0.029     0.370 r  design_1_i/processing_system7_0/inst/buffer_fclk_clk_0.FCLK_CLK_0_BUFG/O
                         net (fo=1587, routed)        0.811     1.181    design_1_i/axi_dynclk_0/U0/Inst_mmcme2_drp/REF_CLK_I
    MMCME2_ADV_X0Y1      MMCME2_ADV (Prop_mmcme2_adv_CLKIN1_CLKOUT0)
                                                      0.053     1.234 r  design_1_i/axi_dynclk_0/U0/Inst_mmcme2_drp/mmcm_adv_inst/CLKOUT0
                         net (fo=2, routed)           0.402     1.636    design_1_i/axi_dynclk_0/U0/I
    BUFR_X0Y5            BUFR (Prop_bufr_I_O)         0.431     2.067 r  design_1_i/axi_dynclk_0/U0/BUFR_inst/O
                         net (fo=3496, routed)        0.325     2.392    design_1_i/v_tc_0/U0/U_VIDEO_CTRL/AXI4_LITE_INTERFACE.GENR_MUX0/vid_aclk
    SLICE_X24Y88         FDRE                                         r  design_1_i/v_tc_0/U0/U_VIDEO_CTRL/AXI4_LITE_INTERFACE.GENR_MUX0/GEN_TREE.GEN_BRANCH[5].GEN_MUX_REG.data_out_reg_reg[5][15]/C
                         clock pessimism             -0.523     1.869    
    SLICE_X24Y88         FDRE (Hold_fdre_C_D)         0.120     1.989    design_1_i/v_tc_0/U0/U_VIDEO_CTRL/AXI4_LITE_INTERFACE.GENR_MUX0/GEN_TREE.GEN_BRANCH[5].GEN_MUX_REG.data_out_reg_reg[5][15]
  -------------------------------------------------------------------
                         required time                         -1.989    
                         arrival time                           2.098    
  -------------------------------------------------------------------
                         slack                                  0.109    

Slack (MET) :             0.117ns  (arrival time - required time)
  Source:                 design_1_i/v_tc_0/U0/U_VIDEO_CTRL/GEN_HAS_IRQ.intr_err_reg[11]/C
                            (rising edge-triggered cell FDRE clocked by axi_dynclk_0_PXL_CLK_O  {rise@0.000ns fall@4.000ns period=10.000ns})
  Destination:            design_1_i/v_tc_0/U0/U_VIDEO_CTRL/AXI4_LITE_INTERFACE.GENR_MUX0/GEN_TREE.GEN_BRANCH[32].GEN_MUX_REG.data_out_reg_reg[32][11]/D
                            (rising edge-triggered cell FDRE clocked by axi_dynclk_0_PXL_CLK_O  {rise@0.000ns fall@4.000ns period=10.000ns})
  Path Group:             axi_dynclk_0_PXL_CLK_O
  Path Type:              Hold (Min at Fast Process Corner)
  Requirement:            0.000ns  (axi_dynclk_0_PXL_CLK_O rise@0.000ns - axi_dynclk_0_PXL_CLK_O rise@0.000ns)
  Data Path Delay:        0.251ns  (logic 0.186ns (74.103%)  route 0.065ns (25.897%))
  Logic Levels:           1  (LUT3=1)
  Clock Path Skew:        0.013ns (DCD - SCD - CPR)
    Destination Clock Delay (DCD):    2.390ns
    Source Clock Delay      (SCD):    1.855ns
    Clock Pessimism Removal (CPR):    0.522ns

    Location             Delay type                Incr(ns)  Path(ns)    Netlist Resource(s)
  -------------------------------------------------------------------    -------------------
                         (clock axi_dynclk_0_PXL_CLK_O rise edge)
                                                      0.000     0.000 r  
    PS7_X0Y0             PS7                          0.000     0.000 r  design_1_i/processing_system7_0/inst/PS7_i/FCLKCLK[0]
                         net (fo=1, routed)           0.315     0.315    design_1_i/processing_system7_0/inst/FCLK_CLK_unbuffered[0]
    BUFGCTRL_X0Y1        BUFG (Prop_bufg_I_O)         0.026     0.341 r  design_1_i/processing_system7_0/inst/buffer_fclk_clk_0.FCLK_CLK_0_BUFG/O
                         net (fo=1587, routed)        0.544     0.885    design_1_i/axi_dynclk_0/U0/Inst_mmcme2_drp/REF_CLK_I
    MMCME2_ADV_X0Y1      MMCME2_ADV (Prop_mmcme2_adv_CLKIN1_CLKOUT0)
                                                      0.050     0.935 r  design_1_i/axi_dynclk_0/U0/Inst_mmcme2_drp/mmcm_adv_inst/CLKOUT0
                         net (fo=2, routed)           0.363     1.298    design_1_i/axi_dynclk_0/U0/I
    BUFR_X0Y5            BUFR (Prop_bufr_I_O)         0.270     1.568 r  design_1_i/axi_dynclk_0/U0/BUFR_inst/O
                         net (fo=3496, routed)        0.287     1.855    design_1_i/v_tc_0/U0/U_VIDEO_CTRL/vid_aclk
    SLICE_X35Y60         FDRE                                         r  design_1_i/v_tc_0/U0/U_VIDEO_CTRL/GEN_HAS_IRQ.intr_err_reg[11]/C
  -------------------------------------------------------------------    -------------------
    SLICE_X35Y60         FDRE (Prop_fdre_C_Q)         0.141     1.996 r  design_1_i/v_tc_0/U0/U_VIDEO_CTRL/GEN_HAS_IRQ.intr_err_reg[11]/Q
                         net (fo=2, routed)           0.065     2.061    design_1_i/v_tc_0/U0/U_VIDEO_CTRL/AXI4_LITE_INTERFACE.SYNC2VIDCLK_I/intr_err[11]
    SLICE_X34Y60         LUT3 (Prop_lut3_I2_O)        0.045     2.106 r  design_1_i/v_tc_0/U0/U_VIDEO_CTRL/AXI4_LITE_INTERFACE.SYNC2VIDCLK_I/GEN_TREE.GEN_BRANCH[32].GEN_MUX_REG.data_out_reg[32][11]_i_1/O
                         net (fo=1, routed)           0.000     2.106    design_1_i/v_tc_0/U0/U_VIDEO_CTRL/AXI4_LITE_INTERFACE.GENR_MUX0/GEN_TREE.GEN_BRANCH[32].GEN_MUX_REG.data_out_reg_reg[32][11]_0
    SLICE_X34Y60         FDRE                                         r  design_1_i/v_tc_0/U0/U_VIDEO_CTRL/AXI4_LITE_INTERFACE.GENR_MUX0/GEN_TREE.GEN_BRANCH[32].GEN_MUX_REG.data_out_reg_reg[32][11]/D
  -------------------------------------------------------------------    -------------------

                         (clock axi_dynclk_0_PXL_CLK_O rise edge)
                                                      0.000     0.000 r  
    PS7_X0Y0             PS7                          0.000     0.000 r  design_1_i/processing_system7_0/inst/PS7_i/FCLKCLK[0]
                         net (fo=1, routed)           0.341     0.341    design_1_i/processing_system7_0/inst/FCLK_CLK_unbuffered[0]
    BUFGCTRL_X0Y1        BUFG (Prop_bufg_I_O)         0.029     0.370 r  design_1_i/processing_system7_0/inst/buffer_fclk_clk_0.FCLK_CLK_0_BUFG/O
                         net (fo=1587, routed)        0.811     1.181    design_1_i/axi_dynclk_0/U0/Inst_mmcme2_drp/REF_CLK_I
    MMCME2_ADV_X0Y1      MMCME2_ADV (Prop_mmcme2_adv_CLKIN1_CLKOUT0)
                                                      0.053     1.234 r  design_1_i/axi_dynclk_0/U0/Inst_mmcme2_drp/mmcm_adv_inst/CLKOUT0
                         net (fo=2, routed)           0.402     1.636    design_1_i/axi_dynclk_0/U0/I
    BUFR_X0Y5            BUFR (Prop_bufr_I_O)         0.431     2.067 r  design_1_i/axi_dynclk_0/U0/BUFR_inst/O
                         net (fo=3496, routed)        0.323     2.390    design_1_i/v_tc_0/U0/U_VIDEO_CTRL/AXI4_LITE_INTERFACE.GENR_MUX0/vid_aclk
    SLICE_X34Y60         FDRE                                         r  design_1_i/v_tc_0/U0/U_VIDEO_CTRL/AXI4_LITE_INTERFACE.GENR_MUX0/GEN_TREE.GEN_BRANCH[32].GEN_MUX_REG.data_out_reg_reg[32][11]/C
                         clock pessimism             -0.522     1.868    
    SLICE_X34Y60         FDRE (Hold_fdre_C_D)         0.121     1.989    design_1_i/v_tc_0/U0/U_VIDEO_CTRL/AXI4_LITE_INTERFACE.GENR_MUX0/GEN_TREE.GEN_BRANCH[32].GEN_MUX_REG.data_out_reg_reg[32][11]
  -------------------------------------------------------------------
                         required time                         -1.989    
                         arrival time                           2.106    
  -------------------------------------------------------------------
                         slack                                  0.117    

Slack (MET) :             0.117ns  (arrival time - required time)
  Source:                 design_1_i/v_tc_0/U0/U_VIDEO_CTRL/GEN_HAS_IRQ.intr_err_reg[25]/C
                            (rising edge-triggered cell FDRE clocked by axi_dynclk_0_PXL_CLK_O  {rise@0.000ns fall@4.000ns period=10.000ns})
  Destination:            design_1_i/v_tc_0/U0/U_VIDEO_CTRL/AXI4_LITE_INTERFACE.GENR_MUX0/GEN_TREE.GEN_BRANCH[32].GEN_MUX_REG.data_out_reg_reg[32][25]/D
                            (rising edge-triggered cell FDRE clocked by axi_dynclk_0_PXL_CLK_O  {rise@0.000ns fall@4.000ns period=10.000ns})
  Path Group:             axi_dynclk_0_PXL_CLK_O
  Path Type:              Hold (Min at Fast Process Corner)
  Requirement:            0.000ns  (axi_dynclk_0_PXL_CLK_O rise@0.000ns - axi_dynclk_0_PXL_CLK_O rise@0.000ns)
  Data Path Delay:        0.251ns  (logic 0.186ns (74.103%)  route 0.065ns (25.897%))
  Logic Levels:           1  (LUT3=1)
  Clock Path Skew:        0.013ns (DCD - SCD - CPR)
    Destination Clock Delay (DCD):    2.387ns
    Source Clock Delay      (SCD):    1.852ns
    Clock Pessimism Removal (CPR):    0.522ns

    Location             Delay type                Incr(ns)  Path(ns)    Netlist Resource(s)
  -------------------------------------------------------------------    -------------------
                         (clock axi_dynclk_0_PXL_CLK_O rise edge)
                                                      0.000     0.000 r  
    PS7_X0Y0             PS7                          0.000     0.000 r  design_1_i/processing_system7_0/inst/PS7_i/FCLKCLK[0]
                         net (fo=1, routed)           0.315     0.315    design_1_i/processing_system7_0/inst/FCLK_CLK_unbuffered[0]
    BUFGCTRL_X0Y1        BUFG (Prop_bufg_I_O)         0.026     0.341 r  design_1_i/processing_system7_0/inst/buffer_fclk_clk_0.FCLK_CLK_0_BUFG/O
                         net (fo=1587, routed)        0.544     0.885    design_1_i/axi_dynclk_0/U0/Inst_mmcme2_drp/REF_CLK_I
    MMCME2_ADV_X0Y1      MMCME2_ADV (Prop_mmcme2_adv_CLKIN1_CLKOUT0)
                                                      0.050     0.935 r  design_1_i/axi_dynclk_0/U0/Inst_mmcme2_drp/mmcm_adv_inst/CLKOUT0
                         net (fo=2, routed)           0.363     1.298    design_1_i/axi_dynclk_0/U0/I
    BUFR_X0Y5            BUFR (Prop_bufr_I_O)         0.270     1.568 r  design_1_i/axi_dynclk_0/U0/BUFR_inst/O
                         net (fo=3496, routed)        0.284     1.852    design_1_i/v_tc_0/U0/U_VIDEO_CTRL/vid_aclk
    SLICE_X29Y83         FDRE                                         r  design_1_i/v_tc_0/U0/U_VIDEO_CTRL/GEN_HAS_IRQ.intr_err_reg[25]/C
  -------------------------------------------------------------------    -------------------
    SLICE_X29Y83         FDRE (Prop_fdre_C_Q)         0.141     1.993 r  design_1_i/v_tc_0/U0/U_VIDEO_CTRL/GEN_HAS_IRQ.intr_err_reg[25]/Q
                         net (fo=2, routed)           0.065     2.058    design_1_i/v_tc_0/U0/U_VIDEO_CTRL/AXI4_LITE_INTERFACE.SYNC2VIDCLK_I/intr_err[25]
    SLICE_X28Y83         LUT3 (Prop_lut3_I2_O)        0.045     2.103 r  design_1_i/v_tc_0/U0/U_VIDEO_CTRL/AXI4_LITE_INTERFACE.SYNC2VIDCLK_I/GEN_TREE.GEN_BRANCH[32].GEN_MUX_REG.data_out_reg[32][25]_i_1/O
                         net (fo=1, routed)           0.000     2.103    design_1_i/v_tc_0/U0/U_VIDEO_CTRL/AXI4_LITE_INTERFACE.GENR_MUX0/GEN_TREE.GEN_BRANCH[32].GEN_MUX_REG.data_out_reg_reg[32][25]_0
    SLICE_X28Y83         FDRE                                         r  design_1_i/v_tc_0/U0/U_VIDEO_CTRL/AXI4_LITE_INTERFACE.GENR_MUX0/GEN_TREE.GEN_BRANCH[32].GEN_MUX_REG.data_out_reg_reg[32][25]/D
  -------------------------------------------------------------------    -------------------

                         (clock axi_dynclk_0_PXL_CLK_O rise edge)
                                                      0.000     0.000 r  
    PS7_X0Y0             PS7                          0.000     0.000 r  design_1_i/processing_system7_0/inst/PS7_i/FCLKCLK[0]
                         net (fo=1, routed)           0.341     0.341    design_1_i/processing_system7_0/inst/FCLK_CLK_unbuffered[0]
    BUFGCTRL_X0Y1        BUFG (Prop_bufg_I_O)         0.029     0.370 r  design_1_i/processing_system7_0/inst/buffer_fclk_clk_0.FCLK_CLK_0_BUFG/O
                         net (fo=1587, routed)        0.811     1.181    design_1_i/axi_dynclk_0/U0/Inst_mmcme2_drp/REF_CLK_I
    MMCME2_ADV_X0Y1      MMCME2_ADV (Prop_mmcme2_adv_CLKIN1_CLKOUT0)
                                                      0.053     1.234 r  design_1_i/axi_dynclk_0/U0/Inst_mmcme2_drp/mmcm_adv_inst/CLKOUT0
                         net (fo=2, routed)           0.402     1.636    design_1_i/axi_dynclk_0/U0/I
    BUFR_X0Y5            BUFR (Prop_bufr_I_O)         0.431     2.067 r  design_1_i/axi_dynclk_0/U0/BUFR_inst/O
                         net (fo=3496, routed)        0.320     2.387    design_1_i/v_tc_0/U0/U_VIDEO_CTRL/AXI4_LITE_INTERFACE.GENR_MUX0/vid_aclk
    SLICE_X28Y83         FDRE                                         r  design_1_i/v_tc_0/U0/U_VIDEO_CTRL/AXI4_LITE_INTERFACE.GENR_MUX0/GEN_TREE.GEN_BRANCH[32].GEN_MUX_REG.data_out_reg_reg[32][25]/C
                         clock pessimism             -0.522     1.865    
    SLICE_X28Y83         FDRE (Hold_fdre_C_D)         0.121     1.986    design_1_i/v_tc_0/U0/U_VIDEO_CTRL/AXI4_LITE_INTERFACE.GENR_MUX0/GEN_TREE.GEN_BRANCH[32].GEN_MUX_REG.data_out_reg_reg[32][25]
  -------------------------------------------------------------------
                         required time                         -1.986    
                         arrival time                           2.103    
  -------------------------------------------------------------------
                         slack                                  0.117    

Slack (MET) :             0.118ns  (arrival time - required time)
  Source:                 design_1_i/v_tc_0/U0/U_VIDEO_CTRL/AXI4_LITE_INTERFACE.time_control_regs_int_reg[23][26]/C
                            (rising edge-triggered cell FDSE clocked by axi_dynclk_0_PXL_CLK_O  {rise@0.000ns fall@4.000ns period=10.000ns})
  Destination:            design_1_i/v_tc_0/U0/U_VIDEO_CTRL/AXI4_LITE_INTERFACE.GENR_MUX0/GEN_TREE.GEN_BRANCH[46].GEN_MUX_REG.data_out_reg_reg[46][26]/D
                            (rising edge-triggered cell FDRE clocked by axi_dynclk_0_PXL_CLK_O  {rise@0.000ns fall@4.000ns period=10.000ns})
  Path Group:             axi_dynclk_0_PXL_CLK_O
  Path Type:              Hold (Min at Fast Process Corner)
  Requirement:            0.000ns  (axi_dynclk_0_PXL_CLK_O rise@0.000ns - axi_dynclk_0_PXL_CLK_O rise@0.000ns)
  Data Path Delay:        0.252ns  (logic 0.186ns (73.721%)  route 0.066ns (26.279%))
  Logic Levels:           1  (LUT3=1)
  Clock Path Skew:        0.013ns (DCD - SCD - CPR)
    Destination Clock Delay (DCD):    2.385ns
    Source Clock Delay      (SCD):    1.851ns
    Clock Pessimism Removal (CPR):    0.521ns

    Location             Delay type                Incr(ns)  Path(ns)    Netlist Resource(s)
  -------------------------------------------------------------------    -------------------
                         (clock axi_dynclk_0_PXL_CLK_O rise edge)
                                                      0.000     0.000 r  
    PS7_X0Y0             PS7                          0.000     0.000 r  design_1_i/processing_system7_0/inst/PS7_i/FCLKCLK[0]
                         net (fo=1, routed)           0.315     0.315    design_1_i/processing_system7_0/inst/FCLK_CLK_unbuffered[0]
    BUFGCTRL_X0Y1        BUFG (Prop_bufg_I_O)         0.026     0.341 r  design_1_i/processing_system7_0/inst/buffer_fclk_clk_0.FCLK_CLK_0_BUFG/O
                         net (fo=1587, routed)        0.544     0.885    design_1_i/axi_dynclk_0/U0/Inst_mmcme2_drp/REF_CLK_I
    MMCME2_ADV_X0Y1      MMCME2_ADV (Prop_mmcme2_adv_CLKIN1_CLKOUT0)
                                                      0.050     0.935 r  design_1_i/axi_dynclk_0/U0/Inst_mmcme2_drp/mmcm_adv_inst/CLKOUT0
                         net (fo=2, routed)           0.363     1.298    design_1_i/axi_dynclk_0/U0/I
    BUFR_X0Y5            BUFR (Prop_bufr_I_O)         0.270     1.568 r  design_1_i/axi_dynclk_0/U0/BUFR_inst/O
                         net (fo=3496, routed)        0.283     1.851    design_1_i/v_tc_0/U0/U_VIDEO_CTRL/vid_aclk
    SLICE_X33Y82         FDSE                                         r  design_1_i/v_tc_0/U0/U_VIDEO_CTRL/AXI4_LITE_INTERFACE.time_control_regs_int_reg[23][26]/C
  -------------------------------------------------------------------    -------------------
    SLICE_X33Y82         FDSE (Prop_fdse_C_Q)         0.141     1.992 r  design_1_i/v_tc_0/U0/U_VIDEO_CTRL/AXI4_LITE_INTERFACE.time_control_regs_int_reg[23][26]/Q
                         net (fo=2, routed)           0.066     2.058    design_1_i/v_tc_0/U0/U_VIDEO_CTRL/AXI4_LITE_INTERFACE.SYNC2VIDCLK_I/genr_regs[157]
    SLICE_X32Y82         LUT3 (Prop_lut3_I0_O)        0.045     2.103 r  design_1_i/v_tc_0/U0/U_VIDEO_CTRL/AXI4_LITE_INTERFACE.SYNC2VIDCLK_I/GEN_TREE.GEN_BRANCH[46].GEN_MUX_REG.data_out_reg[46][26]_i_1/O
                         net (fo=1, routed)           0.000     2.103    design_1_i/v_tc_0/U0/U_VIDEO_CTRL/AXI4_LITE_INTERFACE.GENR_MUX0/GEN_TREE.GEN_BRANCH[46].GEN_MUX_REG.data_out_reg_reg[46][26]_0
    SLICE_X32Y82         FDRE                                         r  design_1_i/v_tc_0/U0/U_VIDEO_CTRL/AXI4_LITE_INTERFACE.GENR_MUX0/GEN_TREE.GEN_BRANCH[46].GEN_MUX_REG.data_out_reg_reg[46][26]/D
  -------------------------------------------------------------------    -------------------

                         (clock axi_dynclk_0_PXL_CLK_O rise edge)
                                                      0.000     0.000 r  
    PS7_X0Y0             PS7                          0.000     0.000 r  design_1_i/processing_system7_0/inst/PS7_i/FCLKCLK[0]
                         net (fo=1, routed)           0.341     0.341    design_1_i/processing_system7_0/inst/FCLK_CLK_unbuffered[0]
    BUFGCTRL_X0Y1        BUFG (Prop_bufg_I_O)         0.029     0.370 r  design_1_i/processing_system7_0/inst/buffer_fclk_clk_0.FCLK_CLK_0_BUFG/O
                         net (fo=1587, routed)        0.811     1.181    design_1_i/axi_dynclk_0/U0/Inst_mmcme2_drp/REF_CLK_I
    MMCME2_ADV_X0Y1      MMCME2_ADV (Prop_mmcme2_adv_CLKIN1_CLKOUT0)
                                                      0.053     1.234 r  design_1_i/axi_dynclk_0/U0/Inst_mmcme2_drp/mmcm_adv_inst/CLKOUT0
                         net (fo=2, routed)           0.402     1.636    design_1_i/axi_dynclk_0/U0/I
    BUFR_X0Y5            BUFR (Prop_bufr_I_O)         0.431     2.067 r  design_1_i/axi_dynclk_0/U0/BUFR_inst/O
                         net (fo=3496, routed)        0.318     2.385    design_1_i/v_tc_0/U0/U_VIDEO_CTRL/AXI4_LITE_INTERFACE.GENR_MUX0/vid_aclk
    SLICE_X32Y82         FDRE                                         r  design_1_i/v_tc_0/U0/U_VIDEO_CTRL/AXI4_LITE_INTERFACE.GENR_MUX0/GEN_TREE.GEN_BRANCH[46].GEN_MUX_REG.data_out_reg_reg[46][26]/C
                         clock pessimism             -0.521     1.864    
    SLICE_X32Y82         FDRE (Hold_fdre_C_D)         0.121     1.985    design_1_i/v_tc_0/U0/U_VIDEO_CTRL/AXI4_LITE_INTERFACE.GENR_MUX0/GEN_TREE.GEN_BRANCH[46].GEN_MUX_REG.data_out_reg_reg[46][26]
  -------------------------------------------------------------------
                         required time                         -1.985    
                         arrival time                           2.103    
  -------------------------------------------------------------------
                         slack                                  0.118    

Slack (MET) :             0.121ns  (arrival time - required time)
  Source:                 design_1_i/v_axi4s_vid_out_0/inst/COUPLER_INST/generate_async_fifo.FIFO_INST/XPM_FIFO_ASYNC_INST/gnuram_async_fifo.xpm_fifo_base_inst/gen_cdc_pntr.wr_pntr_cdc_inst/dest_graysync_ff_reg[0][5]/C
                            (rising edge-triggered cell FDRE clocked by axi_dynclk_0_PXL_CLK_O  {rise@0.000ns fall@4.000ns period=10.000ns})
  Destination:            design_1_i/v_axi4s_vid_out_0/inst/COUPLER_INST/generate_async_fifo.FIFO_INST/XPM_FIFO_ASYNC_INST/gnuram_async_fifo.xpm_fifo_base_inst/gen_cdc_pntr.wr_pntr_cdc_inst/dest_graysync_ff_reg[1][5]/D
                            (rising edge-triggered cell FDRE clocked by axi_dynclk_0_PXL_CLK_O  {rise@0.000ns fall@4.000ns period=10.000ns})
  Path Group:             axi_dynclk_0_PXL_CLK_O
  Path Type:              Hold (Min at Fast Process Corner)
  Requirement:            0.000ns  (axi_dynclk_0_PXL_CLK_O rise@0.000ns - axi_dynclk_0_PXL_CLK_O rise@0.000ns)
  Data Path Delay:        0.197ns  (logic 0.141ns (71.611%)  route 0.056ns (28.389%))
  Logic Levels:           0  
  Clock Path Skew:        0.000ns (DCD - SCD - CPR)
    Destination Clock Delay (DCD):    2.392ns
    Source Clock Delay      (SCD):    1.857ns
    Clock Pessimism Removal (CPR):    0.535ns

    Location             Delay type                Incr(ns)  Path(ns)    Netlist Resource(s)
  -------------------------------------------------------------------    -------------------
                         (clock axi_dynclk_0_PXL_CLK_O rise edge)
                                                      0.000     0.000 r  
    PS7_X0Y0             PS7                          0.000     0.000 r  design_1_i/processing_system7_0/inst/PS7_i/FCLKCLK[0]
                         net (fo=1, routed)           0.315     0.315    design_1_i/processing_system7_0/inst/FCLK_CLK_unbuffered[0]
    BUFGCTRL_X0Y1        BUFG (Prop_bufg_I_O)         0.026     0.341 r  design_1_i/processing_system7_0/inst/buffer_fclk_clk_0.FCLK_CLK_0_BUFG/O
                         net (fo=1587, routed)        0.544     0.885    design_1_i/axi_dynclk_0/U0/Inst_mmcme2_drp/REF_CLK_I
    MMCME2_ADV_X0Y1      MMCME2_ADV (Prop_mmcme2_adv_CLKIN1_CLKOUT0)
                                                      0.050     0.935 r  design_1_i/axi_dynclk_0/U0/Inst_mmcme2_drp/mmcm_adv_inst/CLKOUT0
                         net (fo=2, routed)           0.363     1.298    design_1_i/axi_dynclk_0/U0/I
    BUFR_X0Y5            BUFR (Prop_bufr_I_O)         0.270     1.568 r  design_1_i/axi_dynclk_0/U0/BUFR_inst/O
                         net (fo=3496, routed)        0.289     1.857    design_1_i/v_axi4s_vid_out_0/inst/COUPLER_INST/generate_async_fifo.FIFO_INST/XPM_FIFO_ASYNC_INST/gnuram_async_fifo.xpm_fifo_base_inst/gen_cdc_pntr.wr_pntr_cdc_inst/dest_clk
    SLICE_X35Y93         FDRE                                         r  design_1_i/v_axi4s_vid_out_0/inst/COUPLER_INST/generate_async_fifo.FIFO_INST/XPM_FIFO_ASYNC_INST/gnuram_async_fifo.xpm_fifo_base_inst/gen_cdc_pntr.wr_pntr_cdc_inst/dest_graysync_ff_reg[0][5]/C
  -------------------------------------------------------------------    -------------------
    SLICE_X35Y93         FDRE (Prop_fdre_C_Q)         0.141     1.998 r  design_1_i/v_axi4s_vid_out_0/inst/COUPLER_INST/generate_async_fifo.FIFO_INST/XPM_FIFO_ASYNC_INST/gnuram_async_fifo.xpm_fifo_base_inst/gen_cdc_pntr.wr_pntr_cdc_inst/dest_graysync_ff_reg[0][5]/Q
                         net (fo=1, routed)           0.056     2.053    design_1_i/v_axi4s_vid_out_0/inst/COUPLER_INST/generate_async_fifo.FIFO_INST/XPM_FIFO_ASYNC_INST/gnuram_async_fifo.xpm_fifo_base_inst/gen_cdc_pntr.wr_pntr_cdc_inst/dest_graysync_ff[0][5]
    SLICE_X35Y93         FDRE                                         r  design_1_i/v_axi4s_vid_out_0/inst/COUPLER_INST/generate_async_fifo.FIFO_INST/XPM_FIFO_ASYNC_INST/gnuram_async_fifo.xpm_fifo_base_inst/gen_cdc_pntr.wr_pntr_cdc_inst/dest_graysync_ff_reg[1][5]/D
  -------------------------------------------------------------------    -------------------

                         (clock axi_dynclk_0_PXL_CLK_O rise edge)
                                                      0.000     0.000 r  
    PS7_X0Y0             PS7                          0.000     0.000 r  design_1_i/processing_system7_0/inst/PS7_i/FCLKCLK[0]
                         net (fo=1, routed)           0.341     0.341    design_1_i/processing_system7_0/inst/FCLK_CLK_unbuffered[0]
    BUFGCTRL_X0Y1        BUFG (Prop_bufg_I_O)         0.029     0.370 r  design_1_i/processing_system7_0/inst/buffer_fclk_clk_0.FCLK_CLK_0_BUFG/O
                         net (fo=1587, routed)        0.811     1.181    design_1_i/axi_dynclk_0/U0/Inst_mmcme2_drp/REF_CLK_I
    MMCME2_ADV_X0Y1      MMCME2_ADV (Prop_mmcme2_adv_CLKIN1_CLKOUT0)
                                                      0.053     1.234 r  design_1_i/axi_dynclk_0/U0/Inst_mmcme2_drp/mmcm_adv_inst/CLKOUT0
                         net (fo=2, routed)           0.402     1.636    design_1_i/axi_dynclk_0/U0/I
    BUFR_X0Y5            BUFR (Prop_bufr_I_O)         0.431     2.067 r  design_1_i/axi_dynclk_0/U0/BUFR_inst/O
                         net (fo=3496, routed)        0.325     2.392    design_1_i/v_axi4s_vid_out_0/inst/COUPLER_INST/generate_async_fifo.FIFO_INST/XPM_FIFO_ASYNC_INST/gnuram_async_fifo.xpm_fifo_base_inst/gen_cdc_pntr.wr_pntr_cdc_inst/dest_clk
    SLICE_X35Y93         FDRE                                         r  design_1_i/v_axi4s_vid_out_0/inst/COUPLER_INST/generate_async_fifo.FIFO_INST/XPM_FIFO_ASYNC_INST/gnuram_async_fifo.xpm_fifo_base_inst/gen_cdc_pntr.wr_pntr_cdc_inst/dest_graysync_ff_reg[1][5]/C
                         clock pessimism             -0.535     1.857    
    SLICE_X35Y93         FDRE (Hold_fdre_C_D)         0.076     1.933    design_1_i/v_axi4s_vid_out_0/inst/COUPLER_INST/generate_async_fifo.FIFO_INST/XPM_FIFO_ASYNC_INST/gnuram_async_fifo.xpm_fifo_base_inst/gen_cdc_pntr.wr_pntr_cdc_inst/dest_graysync_ff_reg[1][5]
  -------------------------------------------------------------------
                         required time                         -1.933    
                         arrival time                           2.053    
  -------------------------------------------------------------------
                         slack                                  0.121    

Slack (MET) :             0.121ns  (arrival time - required time)
  Source:                 design_1_i/v_tc_0/U0/U_VIDEO_CTRL/AXI4_LITE_INTERFACE.SYNC2VIDCLK_I/data_sync_reg[0][39]/C
                            (rising edge-triggered cell FDRE clocked by axi_dynclk_0_PXL_CLK_O  {rise@0.000ns fall@4.000ns period=10.000ns})
  Destination:            design_1_i/v_tc_0/U0/U_VIDEO_CTRL/AXI4_LITE_INTERFACE.SYNC2VIDCLK_I/data_sync_reg[1][39]/D
                            (rising edge-triggered cell FDRE clocked by axi_dynclk_0_PXL_CLK_O  {rise@0.000ns fall@4.000ns period=10.000ns})
  Path Group:             axi_dynclk_0_PXL_CLK_O
  Path Type:              Hold (Min at Fast Process Corner)
  Requirement:            0.000ns  (axi_dynclk_0_PXL_CLK_O rise@0.000ns - axi_dynclk_0_PXL_CLK_O rise@0.000ns)
  Data Path Delay:        0.197ns  (logic 0.141ns (71.611%)  route 0.056ns (28.389%))
  Logic Levels:           0  
  Clock Path Skew:        0.000ns (DCD - SCD - CPR)
    Destination Clock Delay (DCD):    2.394ns
    Source Clock Delay      (SCD):    1.858ns
    Clock Pessimism Removal (CPR):    0.536ns

    Location             Delay type                Incr(ns)  Path(ns)    Netlist Resource(s)
  -------------------------------------------------------------------    -------------------
                         (clock axi_dynclk_0_PXL_CLK_O rise edge)
                                                      0.000     0.000 r  
    PS7_X0Y0             PS7                          0.000     0.000 r  design_1_i/processing_system7_0/inst/PS7_i/FCLKCLK[0]
                         net (fo=1, routed)           0.315     0.315    design_1_i/processing_system7_0/inst/FCLK_CLK_unbuffered[0]
    BUFGCTRL_X0Y1        BUFG (Prop_bufg_I_O)         0.026     0.341 r  design_1_i/processing_system7_0/inst/buffer_fclk_clk_0.FCLK_CLK_0_BUFG/O
                         net (fo=1587, routed)        0.544     0.885    design_1_i/axi_dynclk_0/U0/Inst_mmcme2_drp/REF_CLK_I
    MMCME2_ADV_X0Y1      MMCME2_ADV (Prop_mmcme2_adv_CLKIN1_CLKOUT0)
                                                      0.050     0.935 r  design_1_i/axi_dynclk_0/U0/Inst_mmcme2_drp/mmcm_adv_inst/CLKOUT0
                         net (fo=2, routed)           0.363     1.298    design_1_i/axi_dynclk_0/U0/I
    BUFR_X0Y5            BUFR (Prop_bufr_I_O)         0.270     1.568 r  design_1_i/axi_dynclk_0/U0/BUFR_inst/O
                         net (fo=3496, routed)        0.290     1.858    design_1_i/v_tc_0/U0/U_VIDEO_CTRL/AXI4_LITE_INTERFACE.SYNC2VIDCLK_I/vid_aclk
    SLICE_X23Y55         FDRE                                         r  design_1_i/v_tc_0/U0/U_VIDEO_CTRL/AXI4_LITE_INTERFACE.SYNC2VIDCLK_I/data_sync_reg[0][39]/C
  -------------------------------------------------------------------    -------------------
    SLICE_X23Y55         FDRE (Prop_fdre_C_Q)         0.141     1.999 r  design_1_i/v_tc_0/U0/U_VIDEO_CTRL/AXI4_LITE_INTERFACE.SYNC2VIDCLK_I/data_sync_reg[0][39]/Q
                         net (fo=1, routed)           0.056     2.054    design_1_i/v_tc_0/U0/U_VIDEO_CTRL/AXI4_LITE_INTERFACE.SYNC2VIDCLK_I/data_sync[0]_0[39]
    SLICE_X23Y55         FDRE                                         r  design_1_i/v_tc_0/U0/U_VIDEO_CTRL/AXI4_LITE_INTERFACE.SYNC2VIDCLK_I/data_sync_reg[1][39]/D
  -------------------------------------------------------------------    -------------------

                         (clock axi_dynclk_0_PXL_CLK_O rise edge)
                                                      0.000     0.000 r  
    PS7_X0Y0             PS7                          0.000     0.000 r  design_1_i/processing_system7_0/inst/PS7_i/FCLKCLK[0]
                         net (fo=1, routed)           0.341     0.341    design_1_i/processing_system7_0/inst/FCLK_CLK_unbuffered[0]
    BUFGCTRL_X0Y1        BUFG (Prop_bufg_I_O)         0.029     0.370 r  design_1_i/processing_system7_0/inst/buffer_fclk_clk_0.FCLK_CLK_0_BUFG/O
                         net (fo=1587, routed)        0.811     1.181    design_1_i/axi_dynclk_0/U0/Inst_mmcme2_drp/REF_CLK_I
    MMCME2_ADV_X0Y1      MMCME2_ADV (Prop_mmcme2_adv_CLKIN1_CLKOUT0)
                                                      0.053     1.234 r  design_1_i/axi_dynclk_0/U0/Inst_mmcme2_drp/mmcm_adv_inst/CLKOUT0
                         net (fo=2, routed)           0.402     1.636    design_1_i/axi_dynclk_0/U0/I
    BUFR_X0Y5            BUFR (Prop_bufr_I_O)         0.431     2.067 r  design_1_i/axi_dynclk_0/U0/BUFR_inst/O
                         net (fo=3496, routed)        0.327     2.394    design_1_i/v_tc_0/U0/U_VIDEO_CTRL/AXI4_LITE_INTERFACE.SYNC2VIDCLK_I/vid_aclk
    SLICE_X23Y55         FDRE                                         r  design_1_i/v_tc_0/U0/U_VIDEO_CTRL/AXI4_LITE_INTERFACE.SYNC2VIDCLK_I/data_sync_reg[1][39]/C
                         clock pessimism             -0.536     1.858    
    SLICE_X23Y55         FDRE (Hold_fdre_C_D)         0.076     1.934    design_1_i/v_tc_0/U0/U_VIDEO_CTRL/AXI4_LITE_INTERFACE.SYNC2VIDCLK_I/data_sync_reg[1][39]
  -------------------------------------------------------------------
                         required time                         -1.934    
                         arrival time                           2.054    
  -------------------------------------------------------------------
                         slack                                  0.121    

Slack (MET) :             0.122ns  (arrival time - required time)
  Source:                 design_1_i/rgb2dvi_0/U0/LockLostReset/SyncAsyncx/oSyncStages_reg[0]/C
                            (rising edge-triggered cell FDPE clocked by axi_dynclk_0_PXL_CLK_O  {rise@0.000ns fall@4.000ns period=10.000ns})
  Destination:            design_1_i/rgb2dvi_0/U0/LockLostReset/SyncAsyncx/oSyncStages_reg[1]/D
                            (rising edge-triggered cell FDPE clocked by axi_dynclk_0_PXL_CLK_O  {rise@0.000ns fall@4.000ns period=10.000ns})
  Path Group:             axi_dynclk_0_PXL_CLK_O
  Path Type:              Hold (Min at Fast Process Corner)
  Requirement:            0.000ns  (axi_dynclk_0_PXL_CLK_O rise@0.000ns - axi_dynclk_0_PXL_CLK_O rise@0.000ns)
  Data Path Delay:        0.197ns  (logic 0.141ns (71.611%)  route 0.056ns (28.389%))
  Logic Levels:           0  
  Clock Path Skew:        0.000ns (DCD - SCD - CPR)
    Destination Clock Delay (DCD):    2.352ns
    Source Clock Delay      (SCD):    1.819ns
    Clock Pessimism Removal (CPR):    0.533ns

    Location             Delay type                Incr(ns)  Path(ns)    Netlist Resource(s)
  -------------------------------------------------------------------    -------------------
                         (clock axi_dynclk_0_PXL_CLK_O rise edge)
                                                      0.000     0.000 r  
    PS7_X0Y0             PS7                          0.000     0.000 r  design_1_i/processing_system7_0/inst/PS7_i/FCLKCLK[0]
                         net (fo=1, routed)           0.315     0.315    design_1_i/processing_system7_0/inst/FCLK_CLK_unbuffered[0]
    BUFGCTRL_X0Y1        BUFG (Prop_bufg_I_O)         0.026     0.341 r  design_1_i/processing_system7_0/inst/buffer_fclk_clk_0.FCLK_CLK_0_BUFG/O
                         net (fo=1587, routed)        0.544     0.885    design_1_i/axi_dynclk_0/U0/Inst_mmcme2_drp/REF_CLK_I
    MMCME2_ADV_X0Y1      MMCME2_ADV (Prop_mmcme2_adv_CLKIN1_CLKOUT0)
                                                      0.050     0.935 r  design_1_i/axi_dynclk_0/U0/Inst_mmcme2_drp/mmcm_adv_inst/CLKOUT0
                         net (fo=2, routed)           0.363     1.298    design_1_i/axi_dynclk_0/U0/I
    BUFR_X0Y5            BUFR (Prop_bufr_I_O)         0.270     1.568 r  design_1_i/axi_dynclk_0/U0/BUFR_inst/O
                         net (fo=3496, routed)        0.251     1.819    design_1_i/rgb2dvi_0/U0/LockLostReset/SyncAsyncx/PixelClk
    SLICE_X43Y73         FDPE                                         r  design_1_i/rgb2dvi_0/U0/LockLostReset/SyncAsyncx/oSyncStages_reg[0]/C
  -------------------------------------------------------------------    -------------------
    SLICE_X43Y73         FDPE (Prop_fdpe_C_Q)         0.141     1.960 r  design_1_i/rgb2dvi_0/U0/LockLostReset/SyncAsyncx/oSyncStages_reg[0]/Q
                         net (fo=1, routed)           0.056     2.015    design_1_i/rgb2dvi_0/U0/LockLostReset/SyncAsyncx/oSyncStages[0]
    SLICE_X43Y73         FDPE                                         r  design_1_i/rgb2dvi_0/U0/LockLostReset/SyncAsyncx/oSyncStages_reg[1]/D
  -------------------------------------------------------------------    -------------------

                         (clock axi_dynclk_0_PXL_CLK_O rise edge)
                                                      0.000     0.000 r  
    PS7_X0Y0             PS7                          0.000     0.000 r  design_1_i/processing_system7_0/inst/PS7_i/FCLKCLK[0]
                         net (fo=1, routed)           0.341     0.341    design_1_i/processing_system7_0/inst/FCLK_CLK_unbuffered[0]
    BUFGCTRL_X0Y1        BUFG (Prop_bufg_I_O)         0.029     0.370 r  design_1_i/processing_system7_0/inst/buffer_fclk_clk_0.FCLK_CLK_0_BUFG/O
                         net (fo=1587, routed)        0.811     1.181    design_1_i/axi_dynclk_0/U0/Inst_mmcme2_drp/REF_CLK_I
    MMCME2_ADV_X0Y1      MMCME2_ADV (Prop_mmcme2_adv_CLKIN1_CLKOUT0)
                                                      0.053     1.234 r  design_1_i/axi_dynclk_0/U0/Inst_mmcme2_drp/mmcm_adv_inst/CLKOUT0
                         net (fo=2, routed)           0.402     1.636    design_1_i/axi_dynclk_0/U0/I
    BUFR_X0Y5            BUFR (Prop_bufr_I_O)         0.431     2.067 r  design_1_i/axi_dynclk_0/U0/BUFR_inst/O
                         net (fo=3496, routed)        0.285     2.352    design_1_i/rgb2dvi_0/U0/LockLostReset/SyncAsyncx/PixelClk
    SLICE_X43Y73         FDPE                                         r  design_1_i/rgb2dvi_0/U0/LockLostReset/SyncAsyncx/oSyncStages_reg[1]/C
                         clock pessimism             -0.533     1.819    
    SLICE_X43Y73         FDPE (Hold_fdpe_C_D)         0.075     1.894    design_1_i/rgb2dvi_0/U0/LockLostReset/SyncAsyncx/oSyncStages_reg[1]
  -------------------------------------------------------------------
                         required time                         -1.894    
                         arrival time                           2.015    
  -------------------------------------------------------------------
                         slack                                  0.122    





Pulse Width Checks
--------------------------------------------------------------------------------------
Clock Name:         axi_dynclk_0_PXL_CLK_O
Waveform(ns):       { 0.000 4.000 }
Period(ns):         10.000
Sources:            { design_1_i/axi_dynclk_0/U0/BUFR_inst/O }

Check Type        Corner  Lib Pin             Reference Pin  Required(ns)  Actual(ns)  Slack(ns)  Location      Pin
Min Period        n/a     RAMB36E1/CLKBWRCLK  n/a            2.576         10.000      7.424      RAMB36_X2Y19  design_1_i/v_axi4s_vid_out_0/inst/COUPLER_INST/generate_async_fifo.FIFO_INST/XPM_FIFO_ASYNC_INST/gnuram_async_fifo.xpm_fifo_base_inst/gen_sdpram.xpm_memory_base_inst/gen_wr_a.gen_word_narrow.mem_reg_0/CLKBWRCLK
Min Period        n/a     RAMB36E1/CLKBWRCLK  n/a            2.576         10.000      7.424      RAMB36_X1Y18  design_1_i/v_axi4s_vid_out_0/inst/COUPLER_INST/generate_async_fifo.FIFO_INST/XPM_FIFO_ASYNC_INST/gnuram_async_fifo.xpm_fifo_base_inst/gen_sdpram.xpm_memory_base_inst/gen_wr_a.gen_word_narrow.mem_reg_1/CLKBWRCLK
Min Period        n/a     RAMB36E1/CLKBWRCLK  n/a            2.576         10.000      7.424      RAMB36_X2Y18  design_1_i/v_axi4s_vid_out_0/inst/COUPLER_INST/generate_async_fifo.FIFO_INST/XPM_FIFO_ASYNC_INST/gnuram_async_fifo.xpm_fifo_base_inst/gen_sdpram.xpm_memory_base_inst/gen_wr_a.gen_word_narrow.mem_reg_2/CLKBWRCLK
Min Period        n/a     OSERDESE2/CLKDIV    n/a            1.667         10.000      8.333      OLOGIC_X0Y74  design_1_i/rgb2dvi_0/U0/ClockSerializer/SerializerMaster/CLKDIV
Min Period        n/a     OSERDESE2/CLKDIV    n/a            1.667         10.000      8.333      OLOGIC_X0Y73  design_1_i/rgb2dvi_0/U0/ClockSerializer/SerializerSlave/CLKDIV
Min Period        n/a     OSERDESE2/CLKDIV    n/a            1.667         10.000      8.333      OLOGIC_X0Y92  design_1_i/rgb2dvi_0/U0/DataEncoders[0].DataSerializer/SerializerMaster/CLKDIV
Min Period        n/a     OSERDESE2/CLKDIV    n/a            1.667         10.000      8.333      OLOGIC_X0Y91  design_1_i/rgb2dvi_0/U0/DataEncoders[0].DataSerializer/SerializerSlave/CLKDIV
Min Period        n/a     OSERDESE2/CLKDIV    n/a            1.667         10.000      8.333      OLOGIC_X0Y98  design_1_i/rgb2dvi_0/U0/DataEncoders[1].DataSerializer/SerializerMaster/CLKDIV
Min Period        n/a     OSERDESE2/CLKDIV    n/a            1.667         10.000      8.333      OLOGIC_X0Y97  design_1_i/rgb2dvi_0/U0/DataEncoders[1].DataSerializer/SerializerSlave/CLKDIV
Min Period        n/a     OSERDESE2/CLKDIV    n/a            1.667         10.000      8.333      OLOGIC_X0Y96  design_1_i/rgb2dvi_0/U0/DataEncoders[2].DataSerializer/SerializerMaster/CLKDIV
Low Pulse Width   Slow    SRL16E/CLK          n/a            0.980         6.000       5.020      SLICE_X28Y63  design_1_i/v_tc_0/U0/U_TC_TOP/detect_en_d_reg[1]_srl2___U_TC_TOP_detect_en_d_reg_r_0/CLK
Low Pulse Width   Fast    SRL16E/CLK          n/a            0.980         6.000       5.020      SLICE_X28Y63  design_1_i/v_tc_0/U0/U_TC_TOP/detect_en_d_reg[1]_srl2___U_TC_TOP_detect_en_d_reg_r_0/CLK
Low Pulse Width   Slow    SRL16E/CLK          n/a            0.980         6.000       5.020      SLICE_X28Y63  design_1_i/v_tc_0/U0/U_TC_TOP/generate_en_d_reg[1]_srl2___U_TC_TOP_detect_en_d_reg_r_0/CLK
Low Pulse Width   Fast    SRL16E/CLK          n/a            0.980         6.000       5.020      SLICE_X28Y63  design_1_i/v_tc_0/U0/U_TC_TOP/generate_en_d_reg[1]_srl2___U_TC_TOP_detect_en_d_reg_r_0/CLK
Low Pulse Width   Slow    SRL16E/CLK          n/a            0.980         6.000       5.020      SLICE_X24Y56  design_1_i/v_tc_0/U0/U_VIDEO_CTRL/AXI4_LITE_INTERFACE.CORE_MUX0/GEN_SEL_DELAY[3].sel_int_reg[3][1]_srl2/CLK
Low Pulse Width   Fast    SRL16E/CLK          n/a            0.980         6.000       5.020      SLICE_X24Y56  design_1_i/v_tc_0/U0/U_VIDEO_CTRL/AXI4_LITE_INTERFACE.CORE_MUX0/GEN_SEL_DELAY[3].sel_int_reg[3][1]_srl2/CLK
Low Pulse Width   Slow    SRL16E/CLK          n/a            0.980         6.000       5.020      SLICE_X24Y56  design_1_i/v_tc_0/U0/U_VIDEO_CTRL/AXI4_LITE_INTERFACE.GENR_MUX0/GEN_SEL_DELAY[4].sel_int_reg[4][1]_srl3/CLK
Low Pulse Width   Fast    SRL16E/CLK          n/a            0.980         6.000       5.020      SLICE_X24Y56  design_1_i/v_tc_0/U0/U_VIDEO_CTRL/AXI4_LITE_INTERFACE.GENR_MUX0/GEN_SEL_DELAY[4].sel_int_reg[4][1]_srl3/CLK
Low Pulse Width   Slow    SRL16E/CLK          n/a            0.980         6.000       5.020      SLICE_X24Y56  design_1_i/v_tc_0/U0/U_VIDEO_CTRL/AXI4_LITE_INTERFACE.GENR_MUX0/GEN_SEL_DELAY[5].sel_int_reg[5][1]_srl4/CLK
Low Pulse Width   Fast    SRL16E/CLK          n/a            0.980         6.000       5.020      SLICE_X24Y56  design_1_i/v_tc_0/U0/U_VIDEO_CTRL/AXI4_LITE_INTERFACE.GENR_MUX0/GEN_SEL_DELAY[5].sel_int_reg[5][1]_srl4/CLK
High Pulse Width  Slow    SRL16E/CLK          n/a            0.980         4.000       3.020      SLICE_X28Y63  design_1_i/v_tc_0/U0/U_TC_TOP/detect_en_d_reg[1]_srl2___U_TC_TOP_detect_en_d_reg_r_0/CLK
High Pulse Width  Fast    SRL16E/CLK          n/a            0.980         4.000       3.020      SLICE_X28Y63  design_1_i/v_tc_0/U0/U_TC_TOP/detect_en_d_reg[1]_srl2___U_TC_TOP_detect_en_d_reg_r_0/CLK
High Pulse Width  Slow    SRL16E/CLK          n/a            0.980         4.000       3.020      SLICE_X28Y63  design_1_i/v_tc_0/U0/U_TC_TOP/generate_en_d_reg[1]_srl2___U_TC_TOP_detect_en_d_reg_r_0/CLK
High Pulse Width  Fast    SRL16E/CLK          n/a            0.980         4.000       3.020      SLICE_X28Y63  design_1_i/v_tc_0/U0/U_TC_TOP/generate_en_d_reg[1]_srl2___U_TC_TOP_detect_en_d_reg_r_0/CLK
High Pulse Width  Slow    SRL16E/CLK          n/a            0.980         4.000       3.020      SLICE_X24Y56  design_1_i/v_tc_0/U0/U_VIDEO_CTRL/AXI4_LITE_INTERFACE.CORE_MUX0/GEN_SEL_DELAY[3].sel_int_reg[3][1]_srl2/CLK
High Pulse Width  Fast    SRL16E/CLK          n/a            0.980         4.000       3.020      SLICE_X24Y56  design_1_i/v_tc_0/U0/U_VIDEO_CTRL/AXI4_LITE_INTERFACE.CORE_MUX0/GEN_SEL_DELAY[3].sel_int_reg[3][1]_srl2/CLK
High Pulse Width  Slow    SRL16E/CLK          n/a            0.980         4.000       3.020      SLICE_X24Y56  design_1_i/v_tc_0/U0/U_VIDEO_CTRL/AXI4_LITE_INTERFACE.GENR_MUX0/GEN_SEL_DELAY[4].sel_int_reg[4][1]_srl3/CLK
High Pulse Width  Fast    SRL16E/CLK          n/a            0.980         4.000       3.020      SLICE_X24Y56  design_1_i/v_tc_0/U0/U_VIDEO_CTRL/AXI4_LITE_INTERFACE.GENR_MUX0/GEN_SEL_DELAY[4].sel_int_reg[4][1]_srl3/CLK
High Pulse Width  Slow    SRL16E/CLK          n/a            0.980         4.000       3.020      SLICE_X24Y56  design_1_i/v_tc_0/U0/U_VIDEO_CTRL/AXI4_LITE_INTERFACE.GENR_MUX0/GEN_SEL_DELAY[5].sel_int_reg[5][1]_srl4/CLK
High Pulse Width  Fast    SRL16E/CLK          n/a            0.980         4.000       3.020      SLICE_X24Y56  design_1_i/v_tc_0/U0/U_VIDEO_CTRL/AXI4_LITE_INTERFACE.GENR_MUX0/GEN_SEL_DELAY[5].sel_int_reg[5][1]_srl4/CLK



---------------------------------------------------------------------------------------------------
From Clock:  mmcm_fbclk_out
  To Clock:  mmcm_fbclk_out

Setup :           NA  Failing Endpoints,  Worst Slack           NA  ,  Total Violation           NA
Hold  :           NA  Failing Endpoints,  Worst Slack           NA  ,  Total Violation           NA
PW    :            0  Failing Endpoints,  Worst Slack        8.751ns,  Total Violation        0.000ns
---------------------------------------------------------------------------------------------------


Pulse Width Checks
--------------------------------------------------------------------------------------
Clock Name:         mmcm_fbclk_out
Waveform(ns):       { 0.000 5.000 }
Period(ns):         10.000
Sources:            { design_1_i/axi_dynclk_0/U0/Inst_mmcme2_drp/mmcm_adv_inst/CLKFBOUT }

Check Type  Corner  Lib Pin              Reference Pin  Required(ns)  Actual(ns)  Slack(ns)  Location         Pin
Min Period  n/a     MMCME2_ADV/CLKFBOUT  n/a            1.249         10.000      8.751      MMCME2_ADV_X0Y1  design_1_i/axi_dynclk_0/U0/Inst_mmcme2_drp/mmcm_adv_inst/CLKFBOUT
Min Period  n/a     MMCME2_ADV/CLKFBIN   n/a            1.249         10.000      8.751      MMCME2_ADV_X0Y1  design_1_i/axi_dynclk_0/U0/Inst_mmcme2_drp/mmcm_adv_inst/CLKFBIN
Max Period  n/a     MMCME2_ADV/CLKFBIN   n/a            100.000       10.000      90.000     MMCME2_ADV_X0Y1  design_1_i/axi_dynclk_0/U0/Inst_mmcme2_drp/mmcm_adv_inst/CLKFBIN
Max Period  n/a     MMCME2_ADV/CLKFBOUT  n/a            213.360       10.000      203.360    MMCME2_ADV_X0Y1  design_1_i/axi_dynclk_0/U0/Inst_mmcme2_drp/mmcm_adv_inst/CLKFBOUT



---------------------------------------------------------------------------------------------------
From Clock:  clk_fpga_1
  To Clock:  clk_fpga_1

Setup :           19  Failing Endpoints,  Worst Slack       -4.581ns,  Total Violation      -53.123ns
Hold  :            0  Failing Endpoints,  Worst Slack        0.028ns,  Total Violation        0.000ns
PW    :            0  Failing Endpoints,  Worst Slack        2.250ns,  Total Violation        0.000ns
---------------------------------------------------------------------------------------------------


Max Delay Paths
--------------------------------------------------------------------------------------
Slack (VIOLATED) :        -4.581ns  (required time - arrival time)
  Source:                 design_1_i/axis_sobel_0/inst/p22_reg[4]/C
                            (rising edge-triggered cell FDRE clocked by clk_fpga_1  {rise@0.000ns fall@3.500ns period=7.000ns})
  Destination:            design_1_i/axis_sobel_0/inst/m_axis_tdata_reg[17]/S
                            (rising edge-triggered cell FDSE clocked by clk_fpga_1  {rise@0.000ns fall@3.500ns period=7.000ns})
  Path Group:             clk_fpga_1
  Path Type:              Setup (Max at Slow Process Corner)
  Requirement:            7.000ns  (clk_fpga_1 rise@7.000ns - clk_fpga_1 rise@0.000ns)
  Data Path Delay:        10.887ns  (logic 4.416ns (40.562%)  route 6.471ns (59.437%))
  Logic Levels:           13  (CARRY4=5 LUT3=1 LUT4=3 LUT5=2 LUT6=2)
  Clock Path Skew:        -0.059ns (DCD - SCD + CPR)
    Destination Clock Delay (DCD):    2.679ns = ( 9.679 - 7.000 ) 
    Source Clock Delay      (SCD):    2.969ns
    Clock Pessimism Removal (CPR):    0.230ns
  Clock Uncertainty:      0.111ns  ((TSJ^2 + TIJ^2)^1/2 + DJ) / 2 + PE
    Total System Jitter     (TSJ):    0.071ns
    Total Input Jitter      (TIJ):    0.210ns
    Discrete Jitter          (DJ):    0.000ns
    Phase Error              (PE):    0.000ns

    Location             Delay type                Incr(ns)  Path(ns)    Netlist Resource(s)
  -------------------------------------------------------------------    -------------------
                         (clock clk_fpga_1 rise edge)
                                                      0.000     0.000 r  
    PS7_X0Y0             PS7                          0.000     0.000 r  design_1_i/processing_system7_0/inst/PS7_i/FCLKCLK[1]
                         net (fo=1, routed)           1.207     1.207    design_1_i/processing_system7_0/inst/FCLK_CLK_unbuffered[1]
    BUFGCTRL_X0Y0        BUFG (Prop_bufg_I_O)         0.101     1.308 r  design_1_i/processing_system7_0/inst/buffer_fclk_clk_1.FCLK_CLK_1_BUFG/O
                         net (fo=2289, routed)        1.661     2.969    design_1_i/axis_sobel_0/inst/aclk
    SLICE_X29Y29         FDRE                                         r  design_1_i/axis_sobel_0/inst/p22_reg[4]/C
  -------------------------------------------------------------------    -------------------
    SLICE_X29Y29         FDRE (Prop_fdre_C_Q)         0.456     3.425 r  design_1_i/axis_sobel_0/inst/p22_reg[4]/Q
                         net (fo=5, routed)           0.823     4.248    design_1_i/axis_sobel_0/inst/p22[4]
    SLICE_X29Y31         LUT3 (Prop_lut3_I0_O)        0.152     4.400 r  design_1_i/axis_sobel_0/inst/i___1_carry__0_i_3/O
                         net (fo=2, routed)           0.666     5.066    design_1_i/axis_sobel_0/inst/i___1_carry__0_i_3_n_0
    SLICE_X29Y31         LUT4 (Prop_lut4_I3_O)        0.326     5.392 r  design_1_i/axis_sobel_0/inst/i___1_carry__0_i_7/O
                         net (fo=1, routed)           0.000     5.392    design_1_i/axis_sobel_0/inst/i___1_carry__0_i_7_n_0
    SLICE_X29Y31         CARRY4 (Prop_carry4_S[1]_O[3])
                                                      0.640     6.032 r  design_1_i/axis_sobel_0/inst/edge_pixel5_inferred__0/i___1_carry__0/O[3]
                         net (fo=4, routed)           0.454     6.486    design_1_i/axis_sobel_0/inst/edge_pixel5_inferred__0/i___1_carry__0_n_4
    SLICE_X27Y32         LUT4 (Prop_lut4_I1_O)        0.306     6.792 r  design_1_i/axis_sobel_0/inst/i___31_carry__0_i_9/O
                         net (fo=2, routed)           0.790     7.582    design_1_i/axis_sobel_0/inst/i___31_carry__0_i_9_n_0
    SLICE_X27Y34         LUT6 (Prop_lut6_I0_O)        0.124     7.706 r  design_1_i/axis_sobel_0/inst/i___31_carry__0_i_1/O
                         net (fo=2, routed)           0.645     8.351    design_1_i/axis_sobel_0/inst/i___31_carry__0_i_1_n_0
    SLICE_X26Y33         LUT6 (Prop_lut6_I0_O)        0.124     8.475 r  design_1_i/axis_sobel_0/inst/i___31_carry__0_i_5/O
                         net (fo=1, routed)           0.000     8.475    design_1_i/axis_sobel_0/inst/i___31_carry__0_i_5_n_0
    SLICE_X26Y33         CARRY4 (Prop_carry4_S[3]_CO[3])
                                                      0.401     8.876 r  design_1_i/axis_sobel_0/inst/edge_pixel5_inferred__0/i___31_carry__0/CO[3]
                         net (fo=1, routed)           0.000     8.876    design_1_i/axis_sobel_0/inst/edge_pixel5_inferred__0/i___31_carry__0_n_0
    SLICE_X26Y34         CARRY4 (Prop_carry4_CI_O[1])
                                                      0.334     9.210 r  design_1_i/axis_sobel_0/inst/edge_pixel5_inferred__0/i___31_carry__1/O[1]
                         net (fo=20, routed)          1.140    10.350    design_1_i/axis_sobel_0/inst/p_3_in
    SLICE_X24Y33         LUT4 (Prop_lut4_I3_O)        0.332    10.682 r  design_1_i/axis_sobel_0/inst/edge_pixel2__0_carry__0_i_1/O
                         net (fo=2, routed)           0.822    11.504    design_1_i/axis_sobel_0/inst/edge_pixel2__0_carry__0_i_1_n_0
    SLICE_X24Y33         LUT5 (Prop_lut5_I4_O)        0.331    11.835 r  design_1_i/axis_sobel_0/inst/edge_pixel2__0_carry__0_i_5/O
                         net (fo=1, routed)           0.000    11.835    design_1_i/axis_sobel_0/inst/edge_pixel2__0_carry__0_i_5_n_0
    SLICE_X24Y33         CARRY4 (Prop_carry4_S[3]_CO[3])
                                                      0.376    12.211 r  design_1_i/axis_sobel_0/inst/edge_pixel2__0_carry__0/CO[3]
                         net (fo=1, routed)           0.000    12.211    design_1_i/axis_sobel_0/inst/edge_pixel2__0_carry__0_n_0
    SLICE_X24Y34         CARRY4 (Prop_carry4_CI_O[0])
                                                      0.219    12.430 r  design_1_i/axis_sobel_0/inst/edge_pixel2__0_carry__1/O[0]
                         net (fo=1, routed)           0.632    13.063    design_1_i/axis_sobel_0/inst/edge_pixel2__0_carry__1_n_7
    SLICE_X23Y34         LUT5 (Prop_lut5_I2_O)        0.295    13.358 r  design_1_i/axis_sobel_0/inst/m_axis_tdata[23]_i_1/O
                         net (fo=8, routed)           0.498    13.856    design_1_i/axis_sobel_0/inst/m_axis_tdata[23]_i_1_n_0
    SLICE_X24Y32         FDSE                                         r  design_1_i/axis_sobel_0/inst/m_axis_tdata_reg[17]/S
  -------------------------------------------------------------------    -------------------

                         (clock clk_fpga_1 rise edge)
                                                      7.000     7.000 r  
    PS7_X0Y0             PS7                          0.000     7.000 r  design_1_i/processing_system7_0/inst/PS7_i/FCLKCLK[1]
                         net (fo=1, routed)           1.101     8.101    design_1_i/processing_system7_0/inst/FCLK_CLK_unbuffered[1]
    BUFGCTRL_X0Y0        BUFG (Prop_bufg_I_O)         0.091     8.192 r  design_1_i/processing_system7_0/inst/buffer_fclk_clk_1.FCLK_CLK_1_BUFG/O
                         net (fo=2289, routed)        1.487     9.679    design_1_i/axis_sobel_0/inst/aclk
    SLICE_X24Y32         FDSE                                         r  design_1_i/axis_sobel_0/inst/m_axis_tdata_reg[17]/C
                         clock pessimism              0.230     9.910    
                         clock uncertainty           -0.111     9.799    
    SLICE_X24Y32         FDSE (Setup_fdse_C_S)       -0.524     9.275    design_1_i/axis_sobel_0/inst/m_axis_tdata_reg[17]
  -------------------------------------------------------------------
                         required time                          9.275    
                         arrival time                         -13.856    
  -------------------------------------------------------------------
                         slack                                 -4.581    

Slack (VIOLATED) :        -4.581ns  (required time - arrival time)
  Source:                 design_1_i/axis_sobel_0/inst/p22_reg[4]/C
                            (rising edge-triggered cell FDRE clocked by clk_fpga_1  {rise@0.000ns fall@3.500ns period=7.000ns})
  Destination:            design_1_i/axis_sobel_0/inst/m_axis_tdata_reg[18]/S
                            (rising edge-triggered cell FDSE clocked by clk_fpga_1  {rise@0.000ns fall@3.500ns period=7.000ns})
  Path Group:             clk_fpga_1
  Path Type:              Setup (Max at Slow Process Corner)
  Requirement:            7.000ns  (clk_fpga_1 rise@7.000ns - clk_fpga_1 rise@0.000ns)
  Data Path Delay:        10.887ns  (logic 4.416ns (40.562%)  route 6.471ns (59.437%))
  Logic Levels:           13  (CARRY4=5 LUT3=1 LUT4=3 LUT5=2 LUT6=2)
  Clock Path Skew:        -0.059ns (DCD - SCD + CPR)
    Destination Clock Delay (DCD):    2.679ns = ( 9.679 - 7.000 ) 
    Source Clock Delay      (SCD):    2.969ns
    Clock Pessimism Removal (CPR):    0.230ns
  Clock Uncertainty:      0.111ns  ((TSJ^2 + TIJ^2)^1/2 + DJ) / 2 + PE
    Total System Jitter     (TSJ):    0.071ns
    Total Input Jitter      (TIJ):    0.210ns
    Discrete Jitter          (DJ):    0.000ns
    Phase Error              (PE):    0.000ns

    Location             Delay type                Incr(ns)  Path(ns)    Netlist Resource(s)
  -------------------------------------------------------------------    -------------------
                         (clock clk_fpga_1 rise edge)
                                                      0.000     0.000 r  
    PS7_X0Y0             PS7                          0.000     0.000 r  design_1_i/processing_system7_0/inst/PS7_i/FCLKCLK[1]
                         net (fo=1, routed)           1.207     1.207    design_1_i/processing_system7_0/inst/FCLK_CLK_unbuffered[1]
    BUFGCTRL_X0Y0        BUFG (Prop_bufg_I_O)         0.101     1.308 r  design_1_i/processing_system7_0/inst/buffer_fclk_clk_1.FCLK_CLK_1_BUFG/O
                         net (fo=2289, routed)        1.661     2.969    design_1_i/axis_sobel_0/inst/aclk
    SLICE_X29Y29         FDRE                                         r  design_1_i/axis_sobel_0/inst/p22_reg[4]/C
  -------------------------------------------------------------------    -------------------
    SLICE_X29Y29         FDRE (Prop_fdre_C_Q)         0.456     3.425 r  design_1_i/axis_sobel_0/inst/p22_reg[4]/Q
                         net (fo=5, routed)           0.823     4.248    design_1_i/axis_sobel_0/inst/p22[4]
    SLICE_X29Y31         LUT3 (Prop_lut3_I0_O)        0.152     4.400 r  design_1_i/axis_sobel_0/inst/i___1_carry__0_i_3/O
                         net (fo=2, routed)           0.666     5.066    design_1_i/axis_sobel_0/inst/i___1_carry__0_i_3_n_0
    SLICE_X29Y31         LUT4 (Prop_lut4_I3_O)        0.326     5.392 r  design_1_i/axis_sobel_0/inst/i___1_carry__0_i_7/O
                         net (fo=1, routed)           0.000     5.392    design_1_i/axis_sobel_0/inst/i___1_carry__0_i_7_n_0
    SLICE_X29Y31         CARRY4 (Prop_carry4_S[1]_O[3])
                                                      0.640     6.032 r  design_1_i/axis_sobel_0/inst/edge_pixel5_inferred__0/i___1_carry__0/O[3]
                         net (fo=4, routed)           0.454     6.486    design_1_i/axis_sobel_0/inst/edge_pixel5_inferred__0/i___1_carry__0_n_4
    SLICE_X27Y32         LUT4 (Prop_lut4_I1_O)        0.306     6.792 r  design_1_i/axis_sobel_0/inst/i___31_carry__0_i_9/O
                         net (fo=2, routed)           0.790     7.582    design_1_i/axis_sobel_0/inst/i___31_carry__0_i_9_n_0
    SLICE_X27Y34         LUT6 (Prop_lut6_I0_O)        0.124     7.706 r  design_1_i/axis_sobel_0/inst/i___31_carry__0_i_1/O
                         net (fo=2, routed)           0.645     8.351    design_1_i/axis_sobel_0/inst/i___31_carry__0_i_1_n_0
    SLICE_X26Y33         LUT6 (Prop_lut6_I0_O)        0.124     8.475 r  design_1_i/axis_sobel_0/inst/i___31_carry__0_i_5/O
                         net (fo=1, routed)           0.000     8.475    design_1_i/axis_sobel_0/inst/i___31_carry__0_i_5_n_0
    SLICE_X26Y33         CARRY4 (Prop_carry4_S[3]_CO[3])
                                                      0.401     8.876 r  design_1_i/axis_sobel_0/inst/edge_pixel5_inferred__0/i___31_carry__0/CO[3]
                         net (fo=1, routed)           0.000     8.876    design_1_i/axis_sobel_0/inst/edge_pixel5_inferred__0/i___31_carry__0_n_0
    SLICE_X26Y34         CARRY4 (Prop_carry4_CI_O[1])
                                                      0.334     9.210 r  design_1_i/axis_sobel_0/inst/edge_pixel5_inferred__0/i___31_carry__1/O[1]
                         net (fo=20, routed)          1.140    10.350    design_1_i/axis_sobel_0/inst/p_3_in
    SLICE_X24Y33         LUT4 (Prop_lut4_I3_O)        0.332    10.682 r  design_1_i/axis_sobel_0/inst/edge_pixel2__0_carry__0_i_1/O
                         net (fo=2, routed)           0.822    11.504    design_1_i/axis_sobel_0/inst/edge_pixel2__0_carry__0_i_1_n_0
    SLICE_X24Y33         LUT5 (Prop_lut5_I4_O)        0.331    11.835 r  design_1_i/axis_sobel_0/inst/edge_pixel2__0_carry__0_i_5/O
                         net (fo=1, routed)           0.000    11.835    design_1_i/axis_sobel_0/inst/edge_pixel2__0_carry__0_i_5_n_0
    SLICE_X24Y33         CARRY4 (Prop_carry4_S[3]_CO[3])
                                                      0.376    12.211 r  design_1_i/axis_sobel_0/inst/edge_pixel2__0_carry__0/CO[3]
                         net (fo=1, routed)           0.000    12.211    design_1_i/axis_sobel_0/inst/edge_pixel2__0_carry__0_n_0
    SLICE_X24Y34         CARRY4 (Prop_carry4_CI_O[0])
                                                      0.219    12.430 r  design_1_i/axis_sobel_0/inst/edge_pixel2__0_carry__1/O[0]
                         net (fo=1, routed)           0.632    13.063    design_1_i/axis_sobel_0/inst/edge_pixel2__0_carry__1_n_7
    SLICE_X23Y34         LUT5 (Prop_lut5_I2_O)        0.295    13.358 r  design_1_i/axis_sobel_0/inst/m_axis_tdata[23]_i_1/O
                         net (fo=8, routed)           0.498    13.856    design_1_i/axis_sobel_0/inst/m_axis_tdata[23]_i_1_n_0
    SLICE_X24Y32         FDSE                                         r  design_1_i/axis_sobel_0/inst/m_axis_tdata_reg[18]/S
  -------------------------------------------------------------------    -------------------

                         (clock clk_fpga_1 rise edge)
                                                      7.000     7.000 r  
    PS7_X0Y0             PS7                          0.000     7.000 r  design_1_i/processing_system7_0/inst/PS7_i/FCLKCLK[1]
                         net (fo=1, routed)           1.101     8.101    design_1_i/processing_system7_0/inst/FCLK_CLK_unbuffered[1]
    BUFGCTRL_X0Y0        BUFG (Prop_bufg_I_O)         0.091     8.192 r  design_1_i/processing_system7_0/inst/buffer_fclk_clk_1.FCLK_CLK_1_BUFG/O
                         net (fo=2289, routed)        1.487     9.679    design_1_i/axis_sobel_0/inst/aclk
    SLICE_X24Y32         FDSE                                         r  design_1_i/axis_sobel_0/inst/m_axis_tdata_reg[18]/C
                         clock pessimism              0.230     9.910    
                         clock uncertainty           -0.111     9.799    
    SLICE_X24Y32         FDSE (Setup_fdse_C_S)       -0.524     9.275    design_1_i/axis_sobel_0/inst/m_axis_tdata_reg[18]
  -------------------------------------------------------------------
                         required time                          9.275    
                         arrival time                         -13.856    
  -------------------------------------------------------------------
                         slack                                 -4.581    

Slack (VIOLATED) :        -4.581ns  (required time - arrival time)
  Source:                 design_1_i/axis_sobel_0/inst/p22_reg[4]/C
                            (rising edge-triggered cell FDRE clocked by clk_fpga_1  {rise@0.000ns fall@3.500ns period=7.000ns})
  Destination:            design_1_i/axis_sobel_0/inst/m_axis_tdata_reg[19]/S
                            (rising edge-triggered cell FDSE clocked by clk_fpga_1  {rise@0.000ns fall@3.500ns period=7.000ns})
  Path Group:             clk_fpga_1
  Path Type:              Setup (Max at Slow Process Corner)
  Requirement:            7.000ns  (clk_fpga_1 rise@7.000ns - clk_fpga_1 rise@0.000ns)
  Data Path Delay:        10.887ns  (logic 4.416ns (40.562%)  route 6.471ns (59.437%))
  Logic Levels:           13  (CARRY4=5 LUT3=1 LUT4=3 LUT5=2 LUT6=2)
  Clock Path Skew:        -0.059ns (DCD - SCD + CPR)
    Destination Clock Delay (DCD):    2.679ns = ( 9.679 - 7.000 ) 
    Source Clock Delay      (SCD):    2.969ns
    Clock Pessimism Removal (CPR):    0.230ns
  Clock Uncertainty:      0.111ns  ((TSJ^2 + TIJ^2)^1/2 + DJ) / 2 + PE
    Total System Jitter     (TSJ):    0.071ns
    Total Input Jitter      (TIJ):    0.210ns
    Discrete Jitter          (DJ):    0.000ns
    Phase Error              (PE):    0.000ns

    Location             Delay type                Incr(ns)  Path(ns)    Netlist Resource(s)
  -------------------------------------------------------------------    -------------------
                         (clock clk_fpga_1 rise edge)
                                                      0.000     0.000 r  
    PS7_X0Y0             PS7                          0.000     0.000 r  design_1_i/processing_system7_0/inst/PS7_i/FCLKCLK[1]
                         net (fo=1, routed)           1.207     1.207    design_1_i/processing_system7_0/inst/FCLK_CLK_unbuffered[1]
    BUFGCTRL_X0Y0        BUFG (Prop_bufg_I_O)         0.101     1.308 r  design_1_i/processing_system7_0/inst/buffer_fclk_clk_1.FCLK_CLK_1_BUFG/O
                         net (fo=2289, routed)        1.661     2.969    design_1_i/axis_sobel_0/inst/aclk
    SLICE_X29Y29         FDRE                                         r  design_1_i/axis_sobel_0/inst/p22_reg[4]/C
  -------------------------------------------------------------------    -------------------
    SLICE_X29Y29         FDRE (Prop_fdre_C_Q)         0.456     3.425 r  design_1_i/axis_sobel_0/inst/p22_reg[4]/Q
                         net (fo=5, routed)           0.823     4.248    design_1_i/axis_sobel_0/inst/p22[4]
    SLICE_X29Y31         LUT3 (Prop_lut3_I0_O)        0.152     4.400 r  design_1_i/axis_sobel_0/inst/i___1_carry__0_i_3/O
                         net (fo=2, routed)           0.666     5.066    design_1_i/axis_sobel_0/inst/i___1_carry__0_i_3_n_0
    SLICE_X29Y31         LUT4 (Prop_lut4_I3_O)        0.326     5.392 r  design_1_i/axis_sobel_0/inst/i___1_carry__0_i_7/O
                         net (fo=1, routed)           0.000     5.392    design_1_i/axis_sobel_0/inst/i___1_carry__0_i_7_n_0
    SLICE_X29Y31         CARRY4 (Prop_carry4_S[1]_O[3])
                                                      0.640     6.032 r  design_1_i/axis_sobel_0/inst/edge_pixel5_inferred__0/i___1_carry__0/O[3]
                         net (fo=4, routed)           0.454     6.486    design_1_i/axis_sobel_0/inst/edge_pixel5_inferred__0/i___1_carry__0_n_4
    SLICE_X27Y32         LUT4 (Prop_lut4_I1_O)        0.306     6.792 r  design_1_i/axis_sobel_0/inst/i___31_carry__0_i_9/O
                         net (fo=2, routed)           0.790     7.582    design_1_i/axis_sobel_0/inst/i___31_carry__0_i_9_n_0
    SLICE_X27Y34         LUT6 (Prop_lut6_I0_O)        0.124     7.706 r  design_1_i/axis_sobel_0/inst/i___31_carry__0_i_1/O
                         net (fo=2, routed)           0.645     8.351    design_1_i/axis_sobel_0/inst/i___31_carry__0_i_1_n_0
    SLICE_X26Y33         LUT6 (Prop_lut6_I0_O)        0.124     8.475 r  design_1_i/axis_sobel_0/inst/i___31_carry__0_i_5/O
                         net (fo=1, routed)           0.000     8.475    design_1_i/axis_sobel_0/inst/i___31_carry__0_i_5_n_0
    SLICE_X26Y33         CARRY4 (Prop_carry4_S[3]_CO[3])
                                                      0.401     8.876 r  design_1_i/axis_sobel_0/inst/edge_pixel5_inferred__0/i___31_carry__0/CO[3]
                         net (fo=1, routed)           0.000     8.876    design_1_i/axis_sobel_0/inst/edge_pixel5_inferred__0/i___31_carry__0_n_0
    SLICE_X26Y34         CARRY4 (Prop_carry4_CI_O[1])
                                                      0.334     9.210 r  design_1_i/axis_sobel_0/inst/edge_pixel5_inferred__0/i___31_carry__1/O[1]
                         net (fo=20, routed)          1.140    10.350    design_1_i/axis_sobel_0/inst/p_3_in
    SLICE_X24Y33         LUT4 (Prop_lut4_I3_O)        0.332    10.682 r  design_1_i/axis_sobel_0/inst/edge_pixel2__0_carry__0_i_1/O
                         net (fo=2, routed)           0.822    11.504    design_1_i/axis_sobel_0/inst/edge_pixel2__0_carry__0_i_1_n_0
    SLICE_X24Y33         LUT5 (Prop_lut5_I4_O)        0.331    11.835 r  design_1_i/axis_sobel_0/inst/edge_pixel2__0_carry__0_i_5/O
                         net (fo=1, routed)           0.000    11.835    design_1_i/axis_sobel_0/inst/edge_pixel2__0_carry__0_i_5_n_0
    SLICE_X24Y33         CARRY4 (Prop_carry4_S[3]_CO[3])
                                                      0.376    12.211 r  design_1_i/axis_sobel_0/inst/edge_pixel2__0_carry__0/CO[3]
                         net (fo=1, routed)           0.000    12.211    design_1_i/axis_sobel_0/inst/edge_pixel2__0_carry__0_n_0
    SLICE_X24Y34         CARRY4 (Prop_carry4_CI_O[0])
                                                      0.219    12.430 r  design_1_i/axis_sobel_0/inst/edge_pixel2__0_carry__1/O[0]
                         net (fo=1, routed)           0.632    13.063    design_1_i/axis_sobel_0/inst/edge_pixel2__0_carry__1_n_7
    SLICE_X23Y34         LUT5 (Prop_lut5_I2_O)        0.295    13.358 r  design_1_i/axis_sobel_0/inst/m_axis_tdata[23]_i_1/O
                         net (fo=8, routed)           0.498    13.856    design_1_i/axis_sobel_0/inst/m_axis_tdata[23]_i_1_n_0
    SLICE_X24Y32         FDSE                                         r  design_1_i/axis_sobel_0/inst/m_axis_tdata_reg[19]/S
  -------------------------------------------------------------------    -------------------

                         (clock clk_fpga_1 rise edge)
                                                      7.000     7.000 r  
    PS7_X0Y0             PS7                          0.000     7.000 r  design_1_i/processing_system7_0/inst/PS7_i/FCLKCLK[1]
                         net (fo=1, routed)           1.101     8.101    design_1_i/processing_system7_0/inst/FCLK_CLK_unbuffered[1]
    BUFGCTRL_X0Y0        BUFG (Prop_bufg_I_O)         0.091     8.192 r  design_1_i/processing_system7_0/inst/buffer_fclk_clk_1.FCLK_CLK_1_BUFG/O
                         net (fo=2289, routed)        1.487     9.679    design_1_i/axis_sobel_0/inst/aclk
    SLICE_X24Y32         FDSE                                         r  design_1_i/axis_sobel_0/inst/m_axis_tdata_reg[19]/C
                         clock pessimism              0.230     9.910    
                         clock uncertainty           -0.111     9.799    
    SLICE_X24Y32         FDSE (Setup_fdse_C_S)       -0.524     9.275    design_1_i/axis_sobel_0/inst/m_axis_tdata_reg[19]
  -------------------------------------------------------------------
                         required time                          9.275    
                         arrival time                         -13.856    
  -------------------------------------------------------------------
                         slack                                 -4.581    

Slack (VIOLATED) :        -4.577ns  (required time - arrival time)
  Source:                 design_1_i/axis_sobel_0/inst/p22_reg[4]/C
                            (rising edge-triggered cell FDRE clocked by clk_fpga_1  {rise@0.000ns fall@3.500ns period=7.000ns})
  Destination:            design_1_i/axis_sobel_0/inst/m_axis_tdata_reg[20]/S
                            (rising edge-triggered cell FDSE clocked by clk_fpga_1  {rise@0.000ns fall@3.500ns period=7.000ns})
  Path Group:             clk_fpga_1
  Path Type:              Setup (Max at Slow Process Corner)
  Requirement:            7.000ns  (clk_fpga_1 rise@7.000ns - clk_fpga_1 rise@0.000ns)
  Data Path Delay:        10.884ns  (logic 4.416ns (40.574%)  route 6.468ns (59.426%))
  Logic Levels:           13  (CARRY4=5 LUT3=1 LUT4=3 LUT5=2 LUT6=2)
  Clock Path Skew:        -0.058ns (DCD - SCD + CPR)
    Destination Clock Delay (DCD):    2.680ns = ( 9.681 - 7.000 ) 
    Source Clock Delay      (SCD):    2.969ns
    Clock Pessimism Removal (CPR):    0.230ns
  Clock Uncertainty:      0.111ns  ((TSJ^2 + TIJ^2)^1/2 + DJ) / 2 + PE
    Total System Jitter     (TSJ):    0.071ns
    Total Input Jitter      (TIJ):    0.210ns
    Discrete Jitter          (DJ):    0.000ns
    Phase Error              (PE):    0.000ns

    Location             Delay type                Incr(ns)  Path(ns)    Netlist Resource(s)
  -------------------------------------------------------------------    -------------------
                         (clock clk_fpga_1 rise edge)
                                                      0.000     0.000 r  
    PS7_X0Y0             PS7                          0.000     0.000 r  design_1_i/processing_system7_0/inst/PS7_i/FCLKCLK[1]
                         net (fo=1, routed)           1.207     1.207    design_1_i/processing_system7_0/inst/FCLK_CLK_unbuffered[1]
    BUFGCTRL_X0Y0        BUFG (Prop_bufg_I_O)         0.101     1.308 r  design_1_i/processing_system7_0/inst/buffer_fclk_clk_1.FCLK_CLK_1_BUFG/O
                         net (fo=2289, routed)        1.661     2.969    design_1_i/axis_sobel_0/inst/aclk
    SLICE_X29Y29         FDRE                                         r  design_1_i/axis_sobel_0/inst/p22_reg[4]/C
  -------------------------------------------------------------------    -------------------
    SLICE_X29Y29         FDRE (Prop_fdre_C_Q)         0.456     3.425 r  design_1_i/axis_sobel_0/inst/p22_reg[4]/Q
                         net (fo=5, routed)           0.823     4.248    design_1_i/axis_sobel_0/inst/p22[4]
    SLICE_X29Y31         LUT3 (Prop_lut3_I0_O)        0.152     4.400 r  design_1_i/axis_sobel_0/inst/i___1_carry__0_i_3/O
                         net (fo=2, routed)           0.666     5.066    design_1_i/axis_sobel_0/inst/i___1_carry__0_i_3_n_0
    SLICE_X29Y31         LUT4 (Prop_lut4_I3_O)        0.326     5.392 r  design_1_i/axis_sobel_0/inst/i___1_carry__0_i_7/O
                         net (fo=1, routed)           0.000     5.392    design_1_i/axis_sobel_0/inst/i___1_carry__0_i_7_n_0
    SLICE_X29Y31         CARRY4 (Prop_carry4_S[1]_O[3])
                                                      0.640     6.032 r  design_1_i/axis_sobel_0/inst/edge_pixel5_inferred__0/i___1_carry__0/O[3]
                         net (fo=4, routed)           0.454     6.486    design_1_i/axis_sobel_0/inst/edge_pixel5_inferred__0/i___1_carry__0_n_4
    SLICE_X27Y32         LUT4 (Prop_lut4_I1_O)        0.306     6.792 r  design_1_i/axis_sobel_0/inst/i___31_carry__0_i_9/O
                         net (fo=2, routed)           0.790     7.582    design_1_i/axis_sobel_0/inst/i___31_carry__0_i_9_n_0
    SLICE_X27Y34         LUT6 (Prop_lut6_I0_O)        0.124     7.706 r  design_1_i/axis_sobel_0/inst/i___31_carry__0_i_1/O
                         net (fo=2, routed)           0.645     8.351    design_1_i/axis_sobel_0/inst/i___31_carry__0_i_1_n_0
    SLICE_X26Y33         LUT6 (Prop_lut6_I0_O)        0.124     8.475 r  design_1_i/axis_sobel_0/inst/i___31_carry__0_i_5/O
                         net (fo=1, routed)           0.000     8.475    design_1_i/axis_sobel_0/inst/i___31_carry__0_i_5_n_0
    SLICE_X26Y33         CARRY4 (Prop_carry4_S[3]_CO[3])
                                                      0.401     8.876 r  design_1_i/axis_sobel_0/inst/edge_pixel5_inferred__0/i___31_carry__0/CO[3]
                         net (fo=1, routed)           0.000     8.876    design_1_i/axis_sobel_0/inst/edge_pixel5_inferred__0/i___31_carry__0_n_0
    SLICE_X26Y34         CARRY4 (Prop_carry4_CI_O[1])
                                                      0.334     9.210 r  design_1_i/axis_sobel_0/inst/edge_pixel5_inferred__0/i___31_carry__1/O[1]
                         net (fo=20, routed)          1.140    10.350    design_1_i/axis_sobel_0/inst/p_3_in
    SLICE_X24Y33         LUT4 (Prop_lut4_I3_O)        0.332    10.682 r  design_1_i/axis_sobel_0/inst/edge_pixel2__0_carry__0_i_1/O
                         net (fo=2, routed)           0.822    11.504    design_1_i/axis_sobel_0/inst/edge_pixel2__0_carry__0_i_1_n_0
    SLICE_X24Y33         LUT5 (Prop_lut5_I4_O)        0.331    11.835 r  design_1_i/axis_sobel_0/inst/edge_pixel2__0_carry__0_i_5/O
                         net (fo=1, routed)           0.000    11.835    design_1_i/axis_sobel_0/inst/edge_pixel2__0_carry__0_i_5_n_0
    SLICE_X24Y33         CARRY4 (Prop_carry4_S[3]_CO[3])
                                                      0.376    12.211 r  design_1_i/axis_sobel_0/inst/edge_pixel2__0_carry__0/CO[3]
                         net (fo=1, routed)           0.000    12.211    design_1_i/axis_sobel_0/inst/edge_pixel2__0_carry__0_n_0
    SLICE_X24Y34         CARRY4 (Prop_carry4_CI_O[0])
                                                      0.219    12.430 r  design_1_i/axis_sobel_0/inst/edge_pixel2__0_carry__1/O[0]
                         net (fo=1, routed)           0.632    13.063    design_1_i/axis_sobel_0/inst/edge_pixel2__0_carry__1_n_7
    SLICE_X23Y34         LUT5 (Prop_lut5_I2_O)        0.295    13.358 r  design_1_i/axis_sobel_0/inst/m_axis_tdata[23]_i_1/O
                         net (fo=8, routed)           0.495    13.853    design_1_i/axis_sobel_0/inst/m_axis_tdata[23]_i_1_n_0
    SLICE_X24Y33         FDSE                                         r  design_1_i/axis_sobel_0/inst/m_axis_tdata_reg[20]/S
  -------------------------------------------------------------------    -------------------

                         (clock clk_fpga_1 rise edge)
                                                      7.000     7.000 r  
    PS7_X0Y0             PS7                          0.000     7.000 r  design_1_i/processing_system7_0/inst/PS7_i/FCLKCLK[1]
                         net (fo=1, routed)           1.101     8.101    design_1_i/processing_system7_0/inst/FCLK_CLK_unbuffered[1]
    BUFGCTRL_X0Y0        BUFG (Prop_bufg_I_O)         0.091     8.192 r  design_1_i/processing_system7_0/inst/buffer_fclk_clk_1.FCLK_CLK_1_BUFG/O
                         net (fo=2289, routed)        1.488     9.680    design_1_i/axis_sobel_0/inst/aclk
    SLICE_X24Y33         FDSE                                         r  design_1_i/axis_sobel_0/inst/m_axis_tdata_reg[20]/C
                         clock pessimism              0.230     9.911    
                         clock uncertainty           -0.111     9.800    
    SLICE_X24Y33         FDSE (Setup_fdse_C_S)       -0.524     9.276    design_1_i/axis_sobel_0/inst/m_axis_tdata_reg[20]
  -------------------------------------------------------------------
                         required time                          9.276    
                         arrival time                         -13.853    
  -------------------------------------------------------------------
                         slack                                 -4.577    

Slack (VIOLATED) :        -4.577ns  (required time - arrival time)
  Source:                 design_1_i/axis_sobel_0/inst/p22_reg[4]/C
                            (rising edge-triggered cell FDRE clocked by clk_fpga_1  {rise@0.000ns fall@3.500ns period=7.000ns})
  Destination:            design_1_i/axis_sobel_0/inst/m_axis_tdata_reg[21]/S
                            (rising edge-triggered cell FDSE clocked by clk_fpga_1  {rise@0.000ns fall@3.500ns period=7.000ns})
  Path Group:             clk_fpga_1
  Path Type:              Setup (Max at Slow Process Corner)
  Requirement:            7.000ns  (clk_fpga_1 rise@7.000ns - clk_fpga_1 rise@0.000ns)
  Data Path Delay:        10.884ns  (logic 4.416ns (40.574%)  route 6.468ns (59.426%))
  Logic Levels:           13  (CARRY4=5 LUT3=1 LUT4=3 LUT5=2 LUT6=2)
  Clock Path Skew:        -0.058ns (DCD - SCD + CPR)
    Destination Clock Delay (DCD):    2.680ns = ( 9.681 - 7.000 ) 
    Source Clock Delay      (SCD):    2.969ns
    Clock Pessimism Removal (CPR):    0.230ns
  Clock Uncertainty:      0.111ns  ((TSJ^2 + TIJ^2)^1/2 + DJ) / 2 + PE
    Total System Jitter     (TSJ):    0.071ns
    Total Input Jitter      (TIJ):    0.210ns
    Discrete Jitter          (DJ):    0.000ns
    Phase Error              (PE):    0.000ns

    Location             Delay type                Incr(ns)  Path(ns)    Netlist Resource(s)
  -------------------------------------------------------------------    -------------------
                         (clock clk_fpga_1 rise edge)
                                                      0.000     0.000 r  
    PS7_X0Y0             PS7                          0.000     0.000 r  design_1_i/processing_system7_0/inst/PS7_i/FCLKCLK[1]
                         net (fo=1, routed)           1.207     1.207    design_1_i/processing_system7_0/inst/FCLK_CLK_unbuffered[1]
    BUFGCTRL_X0Y0        BUFG (Prop_bufg_I_O)         0.101     1.308 r  design_1_i/processing_system7_0/inst/buffer_fclk_clk_1.FCLK_CLK_1_BUFG/O
                         net (fo=2289, routed)        1.661     2.969    design_1_i/axis_sobel_0/inst/aclk
    SLICE_X29Y29         FDRE                                         r  design_1_i/axis_sobel_0/inst/p22_reg[4]/C
  -------------------------------------------------------------------    -------------------
    SLICE_X29Y29         FDRE (Prop_fdre_C_Q)         0.456     3.425 r  design_1_i/axis_sobel_0/inst/p22_reg[4]/Q
                         net (fo=5, routed)           0.823     4.248    design_1_i/axis_sobel_0/inst/p22[4]
    SLICE_X29Y31         LUT3 (Prop_lut3_I0_O)        0.152     4.400 r  design_1_i/axis_sobel_0/inst/i___1_carry__0_i_3/O
                         net (fo=2, routed)           0.666     5.066    design_1_i/axis_sobel_0/inst/i___1_carry__0_i_3_n_0
    SLICE_X29Y31         LUT4 (Prop_lut4_I3_O)        0.326     5.392 r  design_1_i/axis_sobel_0/inst/i___1_carry__0_i_7/O
                         net (fo=1, routed)           0.000     5.392    design_1_i/axis_sobel_0/inst/i___1_carry__0_i_7_n_0
    SLICE_X29Y31         CARRY4 (Prop_carry4_S[1]_O[3])
                                                      0.640     6.032 r  design_1_i/axis_sobel_0/inst/edge_pixel5_inferred__0/i___1_carry__0/O[3]
                         net (fo=4, routed)           0.454     6.486    design_1_i/axis_sobel_0/inst/edge_pixel5_inferred__0/i___1_carry__0_n_4
    SLICE_X27Y32         LUT4 (Prop_lut4_I1_O)        0.306     6.792 r  design_1_i/axis_sobel_0/inst/i___31_carry__0_i_9/O
                         net (fo=2, routed)           0.790     7.582    design_1_i/axis_sobel_0/inst/i___31_carry__0_i_9_n_0
    SLICE_X27Y34         LUT6 (Prop_lut6_I0_O)        0.124     7.706 r  design_1_i/axis_sobel_0/inst/i___31_carry__0_i_1/O
                         net (fo=2, routed)           0.645     8.351    design_1_i/axis_sobel_0/inst/i___31_carry__0_i_1_n_0
    SLICE_X26Y33         LUT6 (Prop_lut6_I0_O)        0.124     8.475 r  design_1_i/axis_sobel_0/inst/i___31_carry__0_i_5/O
                         net (fo=1, routed)           0.000     8.475    design_1_i/axis_sobel_0/inst/i___31_carry__0_i_5_n_0
    SLICE_X26Y33         CARRY4 (Prop_carry4_S[3]_CO[3])
                                                      0.401     8.876 r  design_1_i/axis_sobel_0/inst/edge_pixel5_inferred__0/i___31_carry__0/CO[3]
                         net (fo=1, routed)           0.000     8.876    design_1_i/axis_sobel_0/inst/edge_pixel5_inferred__0/i___31_carry__0_n_0
    SLICE_X26Y34         CARRY4 (Prop_carry4_CI_O[1])
                                                      0.334     9.210 r  design_1_i/axis_sobel_0/inst/edge_pixel5_inferred__0/i___31_carry__1/O[1]
                         net (fo=20, routed)          1.140    10.350    design_1_i/axis_sobel_0/inst/p_3_in
    SLICE_X24Y33         LUT4 (Prop_lut4_I3_O)        0.332    10.682 r  design_1_i/axis_sobel_0/inst/edge_pixel2__0_carry__0_i_1/O
                         net (fo=2, routed)           0.822    11.504    design_1_i/axis_sobel_0/inst/edge_pixel2__0_carry__0_i_1_n_0
    SLICE_X24Y33         LUT5 (Prop_lut5_I4_O)        0.331    11.835 r  design_1_i/axis_sobel_0/inst/edge_pixel2__0_carry__0_i_5/O
                         net (fo=1, routed)           0.000    11.835    design_1_i/axis_sobel_0/inst/edge_pixel2__0_carry__0_i_5_n_0
    SLICE_X24Y33         CARRY4 (Prop_carry4_S[3]_CO[3])
                                                      0.376    12.211 r  design_1_i/axis_sobel_0/inst/edge_pixel2__0_carry__0/CO[3]
                         net (fo=1, routed)           0.000    12.211    design_1_i/axis_sobel_0/inst/edge_pixel2__0_carry__0_n_0
    SLICE_X24Y34         CARRY4 (Prop_carry4_CI_O[0])
                                                      0.219    12.430 r  design_1_i/axis_sobel_0/inst/edge_pixel2__0_carry__1/O[0]
                         net (fo=1, routed)           0.632    13.063    design_1_i/axis_sobel_0/inst/edge_pixel2__0_carry__1_n_7
    SLICE_X23Y34         LUT5 (Prop_lut5_I2_O)        0.295    13.358 r  design_1_i/axis_sobel_0/inst/m_axis_tdata[23]_i_1/O
                         net (fo=8, routed)           0.495    13.853    design_1_i/axis_sobel_0/inst/m_axis_tdata[23]_i_1_n_0
    SLICE_X24Y33         FDSE                                         r  design_1_i/axis_sobel_0/inst/m_axis_tdata_reg[21]/S
  -------------------------------------------------------------------    -------------------

                         (clock clk_fpga_1 rise edge)
                                                      7.000     7.000 r  
    PS7_X0Y0             PS7                          0.000     7.000 r  design_1_i/processing_system7_0/inst/PS7_i/FCLKCLK[1]
                         net (fo=1, routed)           1.101     8.101    design_1_i/processing_system7_0/inst/FCLK_CLK_unbuffered[1]
    BUFGCTRL_X0Y0        BUFG (Prop_bufg_I_O)         0.091     8.192 r  design_1_i/processing_system7_0/inst/buffer_fclk_clk_1.FCLK_CLK_1_BUFG/O
                         net (fo=2289, routed)        1.488     9.680    design_1_i/axis_sobel_0/inst/aclk
    SLICE_X24Y33         FDSE                                         r  design_1_i/axis_sobel_0/inst/m_axis_tdata_reg[21]/C
                         clock pessimism              0.230     9.911    
                         clock uncertainty           -0.111     9.800    
    SLICE_X24Y33         FDSE (Setup_fdse_C_S)       -0.524     9.276    design_1_i/axis_sobel_0/inst/m_axis_tdata_reg[21]
  -------------------------------------------------------------------
                         required time                          9.276    
                         arrival time                         -13.853    
  -------------------------------------------------------------------
                         slack                                 -4.577    

Slack (VIOLATED) :        -4.577ns  (required time - arrival time)
  Source:                 design_1_i/axis_sobel_0/inst/p22_reg[4]/C
                            (rising edge-triggered cell FDRE clocked by clk_fpga_1  {rise@0.000ns fall@3.500ns period=7.000ns})
  Destination:            design_1_i/axis_sobel_0/inst/m_axis_tdata_reg[22]/S
                            (rising edge-triggered cell FDSE clocked by clk_fpga_1  {rise@0.000ns fall@3.500ns period=7.000ns})
  Path Group:             clk_fpga_1
  Path Type:              Setup (Max at Slow Process Corner)
  Requirement:            7.000ns  (clk_fpga_1 rise@7.000ns - clk_fpga_1 rise@0.000ns)
  Data Path Delay:        10.884ns  (logic 4.416ns (40.574%)  route 6.468ns (59.426%))
  Logic Levels:           13  (CARRY4=5 LUT3=1 LUT4=3 LUT5=2 LUT6=2)
  Clock Path Skew:        -0.058ns (DCD - SCD + CPR)
    Destination Clock Delay (DCD):    2.680ns = ( 9.681 - 7.000 ) 
    Source Clock Delay      (SCD):    2.969ns
    Clock Pessimism Removal (CPR):    0.230ns
  Clock Uncertainty:      0.111ns  ((TSJ^2 + TIJ^2)^1/2 + DJ) / 2 + PE
    Total System Jitter     (TSJ):    0.071ns
    Total Input Jitter      (TIJ):    0.210ns
    Discrete Jitter          (DJ):    0.000ns
    Phase Error              (PE):    0.000ns

    Location             Delay type                Incr(ns)  Path(ns)    Netlist Resource(s)
  -------------------------------------------------------------------    -------------------
                         (clock clk_fpga_1 rise edge)
                                                      0.000     0.000 r  
    PS7_X0Y0             PS7                          0.000     0.000 r  design_1_i/processing_system7_0/inst/PS7_i/FCLKCLK[1]
                         net (fo=1, routed)           1.207     1.207    design_1_i/processing_system7_0/inst/FCLK_CLK_unbuffered[1]
    BUFGCTRL_X0Y0        BUFG (Prop_bufg_I_O)         0.101     1.308 r  design_1_i/processing_system7_0/inst/buffer_fclk_clk_1.FCLK_CLK_1_BUFG/O
                         net (fo=2289, routed)        1.661     2.969    design_1_i/axis_sobel_0/inst/aclk
    SLICE_X29Y29         FDRE                                         r  design_1_i/axis_sobel_0/inst/p22_reg[4]/C
  -------------------------------------------------------------------    -------------------
    SLICE_X29Y29         FDRE (Prop_fdre_C_Q)         0.456     3.425 r  design_1_i/axis_sobel_0/inst/p22_reg[4]/Q
                         net (fo=5, routed)           0.823     4.248    design_1_i/axis_sobel_0/inst/p22[4]
    SLICE_X29Y31         LUT3 (Prop_lut3_I0_O)        0.152     4.400 r  design_1_i/axis_sobel_0/inst/i___1_carry__0_i_3/O
                         net (fo=2, routed)           0.666     5.066    design_1_i/axis_sobel_0/inst/i___1_carry__0_i_3_n_0
    SLICE_X29Y31         LUT4 (Prop_lut4_I3_O)        0.326     5.392 r  design_1_i/axis_sobel_0/inst/i___1_carry__0_i_7/O
                         net (fo=1, routed)           0.000     5.392    design_1_i/axis_sobel_0/inst/i___1_carry__0_i_7_n_0
    SLICE_X29Y31         CARRY4 (Prop_carry4_S[1]_O[3])
                                                      0.640     6.032 r  design_1_i/axis_sobel_0/inst/edge_pixel5_inferred__0/i___1_carry__0/O[3]
                         net (fo=4, routed)           0.454     6.486    design_1_i/axis_sobel_0/inst/edge_pixel5_inferred__0/i___1_carry__0_n_4
    SLICE_X27Y32         LUT4 (Prop_lut4_I1_O)        0.306     6.792 r  design_1_i/axis_sobel_0/inst/i___31_carry__0_i_9/O
                         net (fo=2, routed)           0.790     7.582    design_1_i/axis_sobel_0/inst/i___31_carry__0_i_9_n_0
    SLICE_X27Y34         LUT6 (Prop_lut6_I0_O)        0.124     7.706 r  design_1_i/axis_sobel_0/inst/i___31_carry__0_i_1/O
                         net (fo=2, routed)           0.645     8.351    design_1_i/axis_sobel_0/inst/i___31_carry__0_i_1_n_0
    SLICE_X26Y33         LUT6 (Prop_lut6_I0_O)        0.124     8.475 r  design_1_i/axis_sobel_0/inst/i___31_carry__0_i_5/O
                         net (fo=1, routed)           0.000     8.475    design_1_i/axis_sobel_0/inst/i___31_carry__0_i_5_n_0
    SLICE_X26Y33         CARRY4 (Prop_carry4_S[3]_CO[3])
                                                      0.401     8.876 r  design_1_i/axis_sobel_0/inst/edge_pixel5_inferred__0/i___31_carry__0/CO[3]
                         net (fo=1, routed)           0.000     8.876    design_1_i/axis_sobel_0/inst/edge_pixel5_inferred__0/i___31_carry__0_n_0
    SLICE_X26Y34         CARRY4 (Prop_carry4_CI_O[1])
                                                      0.334     9.210 r  design_1_i/axis_sobel_0/inst/edge_pixel5_inferred__0/i___31_carry__1/O[1]
                         net (fo=20, routed)          1.140    10.350    design_1_i/axis_sobel_0/inst/p_3_in
    SLICE_X24Y33         LUT4 (Prop_lut4_I3_O)        0.332    10.682 r  design_1_i/axis_sobel_0/inst/edge_pixel2__0_carry__0_i_1/O
                         net (fo=2, routed)           0.822    11.504    design_1_i/axis_sobel_0/inst/edge_pixel2__0_carry__0_i_1_n_0
    SLICE_X24Y33         LUT5 (Prop_lut5_I4_O)        0.331    11.835 r  design_1_i/axis_sobel_0/inst/edge_pixel2__0_carry__0_i_5/O
                         net (fo=1, routed)           0.000    11.835    design_1_i/axis_sobel_0/inst/edge_pixel2__0_carry__0_i_5_n_0
    SLICE_X24Y33         CARRY4 (Prop_carry4_S[3]_CO[3])
                                                      0.376    12.211 r  design_1_i/axis_sobel_0/inst/edge_pixel2__0_carry__0/CO[3]
                         net (fo=1, routed)           0.000    12.211    design_1_i/axis_sobel_0/inst/edge_pixel2__0_carry__0_n_0
    SLICE_X24Y34         CARRY4 (Prop_carry4_CI_O[0])
                                                      0.219    12.430 r  design_1_i/axis_sobel_0/inst/edge_pixel2__0_carry__1/O[0]
                         net (fo=1, routed)           0.632    13.063    design_1_i/axis_sobel_0/inst/edge_pixel2__0_carry__1_n_7
    SLICE_X23Y34         LUT5 (Prop_lut5_I2_O)        0.295    13.358 r  design_1_i/axis_sobel_0/inst/m_axis_tdata[23]_i_1/O
                         net (fo=8, routed)           0.495    13.853    design_1_i/axis_sobel_0/inst/m_axis_tdata[23]_i_1_n_0
    SLICE_X24Y33         FDSE                                         r  design_1_i/axis_sobel_0/inst/m_axis_tdata_reg[22]/S
  -------------------------------------------------------------------    -------------------

                         (clock clk_fpga_1 rise edge)
                                                      7.000     7.000 r  
    PS7_X0Y0             PS7                          0.000     7.000 r  design_1_i/processing_system7_0/inst/PS7_i/FCLKCLK[1]
                         net (fo=1, routed)           1.101     8.101    design_1_i/processing_system7_0/inst/FCLK_CLK_unbuffered[1]
    BUFGCTRL_X0Y0        BUFG (Prop_bufg_I_O)         0.091     8.192 r  design_1_i/processing_system7_0/inst/buffer_fclk_clk_1.FCLK_CLK_1_BUFG/O
                         net (fo=2289, routed)        1.488     9.680    design_1_i/axis_sobel_0/inst/aclk
    SLICE_X24Y33         FDSE                                         r  design_1_i/axis_sobel_0/inst/m_axis_tdata_reg[22]/C
                         clock pessimism              0.230     9.911    
                         clock uncertainty           -0.111     9.800    
    SLICE_X24Y33         FDSE (Setup_fdse_C_S)       -0.524     9.276    design_1_i/axis_sobel_0/inst/m_axis_tdata_reg[22]
  -------------------------------------------------------------------
                         required time                          9.276    
                         arrival time                         -13.853    
  -------------------------------------------------------------------
                         slack                                 -4.577    

Slack (VIOLATED) :        -4.577ns  (required time - arrival time)
  Source:                 design_1_i/axis_sobel_0/inst/p22_reg[4]/C
                            (rising edge-triggered cell FDRE clocked by clk_fpga_1  {rise@0.000ns fall@3.500ns period=7.000ns})
  Destination:            design_1_i/axis_sobel_0/inst/m_axis_tdata_reg[23]/S
                            (rising edge-triggered cell FDSE clocked by clk_fpga_1  {rise@0.000ns fall@3.500ns period=7.000ns})
  Path Group:             clk_fpga_1
  Path Type:              Setup (Max at Slow Process Corner)
  Requirement:            7.000ns  (clk_fpga_1 rise@7.000ns - clk_fpga_1 rise@0.000ns)
  Data Path Delay:        10.884ns  (logic 4.416ns (40.574%)  route 6.468ns (59.426%))
  Logic Levels:           13  (CARRY4=5 LUT3=1 LUT4=3 LUT5=2 LUT6=2)
  Clock Path Skew:        -0.058ns (DCD - SCD + CPR)
    Destination Clock Delay (DCD):    2.680ns = ( 9.681 - 7.000 ) 
    Source Clock Delay      (SCD):    2.969ns
    Clock Pessimism Removal (CPR):    0.230ns
  Clock Uncertainty:      0.111ns  ((TSJ^2 + TIJ^2)^1/2 + DJ) / 2 + PE
    Total System Jitter     (TSJ):    0.071ns
    Total Input Jitter      (TIJ):    0.210ns
    Discrete Jitter          (DJ):    0.000ns
    Phase Error              (PE):    0.000ns

    Location             Delay type                Incr(ns)  Path(ns)    Netlist Resource(s)
  -------------------------------------------------------------------    -------------------
                         (clock clk_fpga_1 rise edge)
                                                      0.000     0.000 r  
    PS7_X0Y0             PS7                          0.000     0.000 r  design_1_i/processing_system7_0/inst/PS7_i/FCLKCLK[1]
                         net (fo=1, routed)           1.207     1.207    design_1_i/processing_system7_0/inst/FCLK_CLK_unbuffered[1]
    BUFGCTRL_X0Y0        BUFG (Prop_bufg_I_O)         0.101     1.308 r  design_1_i/processing_system7_0/inst/buffer_fclk_clk_1.FCLK_CLK_1_BUFG/O
                         net (fo=2289, routed)        1.661     2.969    design_1_i/axis_sobel_0/inst/aclk
    SLICE_X29Y29         FDRE                                         r  design_1_i/axis_sobel_0/inst/p22_reg[4]/C
  -------------------------------------------------------------------    -------------------
    SLICE_X29Y29         FDRE (Prop_fdre_C_Q)         0.456     3.425 r  design_1_i/axis_sobel_0/inst/p22_reg[4]/Q
                         net (fo=5, routed)           0.823     4.248    design_1_i/axis_sobel_0/inst/p22[4]
    SLICE_X29Y31         LUT3 (Prop_lut3_I0_O)        0.152     4.400 r  design_1_i/axis_sobel_0/inst/i___1_carry__0_i_3/O
                         net (fo=2, routed)           0.666     5.066    design_1_i/axis_sobel_0/inst/i___1_carry__0_i_3_n_0
    SLICE_X29Y31         LUT4 (Prop_lut4_I3_O)        0.326     5.392 r  design_1_i/axis_sobel_0/inst/i___1_carry__0_i_7/O
                         net (fo=1, routed)           0.000     5.392    design_1_i/axis_sobel_0/inst/i___1_carry__0_i_7_n_0
    SLICE_X29Y31         CARRY4 (Prop_carry4_S[1]_O[3])
                                                      0.640     6.032 r  design_1_i/axis_sobel_0/inst/edge_pixel5_inferred__0/i___1_carry__0/O[3]
                         net (fo=4, routed)           0.454     6.486    design_1_i/axis_sobel_0/inst/edge_pixel5_inferred__0/i___1_carry__0_n_4
    SLICE_X27Y32         LUT4 (Prop_lut4_I1_O)        0.306     6.792 r  design_1_i/axis_sobel_0/inst/i___31_carry__0_i_9/O
                         net (fo=2, routed)           0.790     7.582    design_1_i/axis_sobel_0/inst/i___31_carry__0_i_9_n_0
    SLICE_X27Y34         LUT6 (Prop_lut6_I0_O)        0.124     7.706 r  design_1_i/axis_sobel_0/inst/i___31_carry__0_i_1/O
                         net (fo=2, routed)           0.645     8.351    design_1_i/axis_sobel_0/inst/i___31_carry__0_i_1_n_0
    SLICE_X26Y33         LUT6 (Prop_lut6_I0_O)        0.124     8.475 r  design_1_i/axis_sobel_0/inst/i___31_carry__0_i_5/O
                         net (fo=1, routed)           0.000     8.475    design_1_i/axis_sobel_0/inst/i___31_carry__0_i_5_n_0
    SLICE_X26Y33         CARRY4 (Prop_carry4_S[3]_CO[3])
                                                      0.401     8.876 r  design_1_i/axis_sobel_0/inst/edge_pixel5_inferred__0/i___31_carry__0/CO[3]
                         net (fo=1, routed)           0.000     8.876    design_1_i/axis_sobel_0/inst/edge_pixel5_inferred__0/i___31_carry__0_n_0
    SLICE_X26Y34         CARRY4 (Prop_carry4_CI_O[1])
                                                      0.334     9.210 r  design_1_i/axis_sobel_0/inst/edge_pixel5_inferred__0/i___31_carry__1/O[1]
                         net (fo=20, routed)          1.140    10.350    design_1_i/axis_sobel_0/inst/p_3_in
    SLICE_X24Y33         LUT4 (Prop_lut4_I3_O)        0.332    10.682 r  design_1_i/axis_sobel_0/inst/edge_pixel2__0_carry__0_i_1/O
                         net (fo=2, routed)           0.822    11.504    design_1_i/axis_sobel_0/inst/edge_pixel2__0_carry__0_i_1_n_0
    SLICE_X24Y33         LUT5 (Prop_lut5_I4_O)        0.331    11.835 r  design_1_i/axis_sobel_0/inst/edge_pixel2__0_carry__0_i_5/O
                         net (fo=1, routed)           0.000    11.835    design_1_i/axis_sobel_0/inst/edge_pixel2__0_carry__0_i_5_n_0
    SLICE_X24Y33         CARRY4 (Prop_carry4_S[3]_CO[3])
                                                      0.376    12.211 r  design_1_i/axis_sobel_0/inst/edge_pixel2__0_carry__0/CO[3]
                         net (fo=1, routed)           0.000    12.211    design_1_i/axis_sobel_0/inst/edge_pixel2__0_carry__0_n_0
    SLICE_X24Y34         CARRY4 (Prop_carry4_CI_O[0])
                                                      0.219    12.430 r  design_1_i/axis_sobel_0/inst/edge_pixel2__0_carry__1/O[0]
                         net (fo=1, routed)           0.632    13.063    design_1_i/axis_sobel_0/inst/edge_pixel2__0_carry__1_n_7
    SLICE_X23Y34         LUT5 (Prop_lut5_I2_O)        0.295    13.358 r  design_1_i/axis_sobel_0/inst/m_axis_tdata[23]_i_1/O
                         net (fo=8, routed)           0.495    13.853    design_1_i/axis_sobel_0/inst/m_axis_tdata[23]_i_1_n_0
    SLICE_X24Y33         FDSE                                         r  design_1_i/axis_sobel_0/inst/m_axis_tdata_reg[23]/S
  -------------------------------------------------------------------    -------------------

                         (clock clk_fpga_1 rise edge)
                                                      7.000     7.000 r  
    PS7_X0Y0             PS7                          0.000     7.000 r  design_1_i/processing_system7_0/inst/PS7_i/FCLKCLK[1]
                         net (fo=1, routed)           1.101     8.101    design_1_i/processing_system7_0/inst/FCLK_CLK_unbuffered[1]
    BUFGCTRL_X0Y0        BUFG (Prop_bufg_I_O)         0.091     8.192 r  design_1_i/processing_system7_0/inst/buffer_fclk_clk_1.FCLK_CLK_1_BUFG/O
                         net (fo=2289, routed)        1.488     9.680    design_1_i/axis_sobel_0/inst/aclk
    SLICE_X24Y33         FDSE                                         r  design_1_i/axis_sobel_0/inst/m_axis_tdata_reg[23]/C
                         clock pessimism              0.230     9.911    
                         clock uncertainty           -0.111     9.800    
    SLICE_X24Y33         FDSE (Setup_fdse_C_S)       -0.524     9.276    design_1_i/axis_sobel_0/inst/m_axis_tdata_reg[23]
  -------------------------------------------------------------------
                         required time                          9.276    
                         arrival time                         -13.853    
  -------------------------------------------------------------------
                         slack                                 -4.577    

Slack (VIOLATED) :        -4.340ns  (required time - arrival time)
  Source:                 design_1_i/axis_sobel_0/inst/p22_reg[4]/C
                            (rising edge-triggered cell FDRE clocked by clk_fpga_1  {rise@0.000ns fall@3.500ns period=7.000ns})
  Destination:            design_1_i/axis_sobel_0/inst/m_axis_tdata_reg[16]/S
                            (rising edge-triggered cell FDSE clocked by clk_fpga_1  {rise@0.000ns fall@3.500ns period=7.000ns})
  Path Group:             clk_fpga_1
  Path Type:              Setup (Max at Slow Process Corner)
  Requirement:            7.000ns  (clk_fpga_1 rise@7.000ns - clk_fpga_1 rise@0.000ns)
  Data Path Delay:        10.743ns  (logic 4.416ns (41.106%)  route 6.327ns (58.894%))
  Logic Levels:           13  (CARRY4=5 LUT3=1 LUT4=3 LUT5=2 LUT6=2)
  Clock Path Skew:        -0.057ns (DCD - SCD + CPR)
    Destination Clock Delay (DCD):    2.681ns = ( 9.681 - 7.000 ) 
    Source Clock Delay      (SCD):    2.969ns
    Clock Pessimism Removal (CPR):    0.230ns
  Clock Uncertainty:      0.111ns  ((TSJ^2 + TIJ^2)^1/2 + DJ) / 2 + PE
    Total System Jitter     (TSJ):    0.071ns
    Total Input Jitter      (TIJ):    0.210ns
    Discrete Jitter          (DJ):    0.000ns
    Phase Error              (PE):    0.000ns

    Location             Delay type                Incr(ns)  Path(ns)    Netlist Resource(s)
  -------------------------------------------------------------------    -------------------
                         (clock clk_fpga_1 rise edge)
                                                      0.000     0.000 r  
    PS7_X0Y0             PS7                          0.000     0.000 r  design_1_i/processing_system7_0/inst/PS7_i/FCLKCLK[1]
                         net (fo=1, routed)           1.207     1.207    design_1_i/processing_system7_0/inst/FCLK_CLK_unbuffered[1]
    BUFGCTRL_X0Y0        BUFG (Prop_bufg_I_O)         0.101     1.308 r  design_1_i/processing_system7_0/inst/buffer_fclk_clk_1.FCLK_CLK_1_BUFG/O
                         net (fo=2289, routed)        1.661     2.969    design_1_i/axis_sobel_0/inst/aclk
    SLICE_X29Y29         FDRE                                         r  design_1_i/axis_sobel_0/inst/p22_reg[4]/C
  -------------------------------------------------------------------    -------------------
    SLICE_X29Y29         FDRE (Prop_fdre_C_Q)         0.456     3.425 r  design_1_i/axis_sobel_0/inst/p22_reg[4]/Q
                         net (fo=5, routed)           0.823     4.248    design_1_i/axis_sobel_0/inst/p22[4]
    SLICE_X29Y31         LUT3 (Prop_lut3_I0_O)        0.152     4.400 r  design_1_i/axis_sobel_0/inst/i___1_carry__0_i_3/O
                         net (fo=2, routed)           0.666     5.066    design_1_i/axis_sobel_0/inst/i___1_carry__0_i_3_n_0
    SLICE_X29Y31         LUT4 (Prop_lut4_I3_O)        0.326     5.392 r  design_1_i/axis_sobel_0/inst/i___1_carry__0_i_7/O
                         net (fo=1, routed)           0.000     5.392    design_1_i/axis_sobel_0/inst/i___1_carry__0_i_7_n_0
    SLICE_X29Y31         CARRY4 (Prop_carry4_S[1]_O[3])
                                                      0.640     6.032 r  design_1_i/axis_sobel_0/inst/edge_pixel5_inferred__0/i___1_carry__0/O[3]
                         net (fo=4, routed)           0.454     6.486    design_1_i/axis_sobel_0/inst/edge_pixel5_inferred__0/i___1_carry__0_n_4
    SLICE_X27Y32         LUT4 (Prop_lut4_I1_O)        0.306     6.792 r  design_1_i/axis_sobel_0/inst/i___31_carry__0_i_9/O
                         net (fo=2, routed)           0.790     7.582    design_1_i/axis_sobel_0/inst/i___31_carry__0_i_9_n_0
    SLICE_X27Y34         LUT6 (Prop_lut6_I0_O)        0.124     7.706 r  design_1_i/axis_sobel_0/inst/i___31_carry__0_i_1/O
                         net (fo=2, routed)           0.645     8.351    design_1_i/axis_sobel_0/inst/i___31_carry__0_i_1_n_0
    SLICE_X26Y33         LUT6 (Prop_lut6_I0_O)        0.124     8.475 r  design_1_i/axis_sobel_0/inst/i___31_carry__0_i_5/O
                         net (fo=1, routed)           0.000     8.475    design_1_i/axis_sobel_0/inst/i___31_carry__0_i_5_n_0
    SLICE_X26Y33         CARRY4 (Prop_carry4_S[3]_CO[3])
                                                      0.401     8.876 r  design_1_i/axis_sobel_0/inst/edge_pixel5_inferred__0/i___31_carry__0/CO[3]
                         net (fo=1, routed)           0.000     8.876    design_1_i/axis_sobel_0/inst/edge_pixel5_inferred__0/i___31_carry__0_n_0
    SLICE_X26Y34         CARRY4 (Prop_carry4_CI_O[1])
                                                      0.334     9.210 r  design_1_i/axis_sobel_0/inst/edge_pixel5_inferred__0/i___31_carry__1/O[1]
                         net (fo=20, routed)          1.140    10.350    design_1_i/axis_sobel_0/inst/p_3_in
    SLICE_X24Y33         LUT4 (Prop_lut4_I3_O)        0.332    10.682 r  design_1_i/axis_sobel_0/inst/edge_pixel2__0_carry__0_i_1/O
                         net (fo=2, routed)           0.822    11.504    design_1_i/axis_sobel_0/inst/edge_pixel2__0_carry__0_i_1_n_0
    SLICE_X24Y33         LUT5 (Prop_lut5_I4_O)        0.331    11.835 r  design_1_i/axis_sobel_0/inst/edge_pixel2__0_carry__0_i_5/O
                         net (fo=1, routed)           0.000    11.835    design_1_i/axis_sobel_0/inst/edge_pixel2__0_carry__0_i_5_n_0
    SLICE_X24Y33         CARRY4 (Prop_carry4_S[3]_CO[3])
                                                      0.376    12.211 r  design_1_i/axis_sobel_0/inst/edge_pixel2__0_carry__0/CO[3]
                         net (fo=1, routed)           0.000    12.211    design_1_i/axis_sobel_0/inst/edge_pixel2__0_carry__0_n_0
    SLICE_X24Y34         CARRY4 (Prop_carry4_CI_O[0])
                                                      0.219    12.430 r  design_1_i/axis_sobel_0/inst/edge_pixel2__0_carry__1/O[0]
                         net (fo=1, routed)           0.632    13.063    design_1_i/axis_sobel_0/inst/edge_pixel2__0_carry__1_n_7
    SLICE_X23Y34         LUT5 (Prop_lut5_I2_O)        0.295    13.358 r  design_1_i/axis_sobel_0/inst/m_axis_tdata[23]_i_1/O
                         net (fo=8, routed)           0.354    13.712    design_1_i/axis_sobel_0/inst/m_axis_tdata[23]_i_1_n_0
    SLICE_X25Y34         FDSE                                         r  design_1_i/axis_sobel_0/inst/m_axis_tdata_reg[16]/S
  -------------------------------------------------------------------    -------------------

                         (clock clk_fpga_1 rise edge)
                                                      7.000     7.000 r  
    PS7_X0Y0             PS7                          0.000     7.000 r  design_1_i/processing_system7_0/inst/PS7_i/FCLKCLK[1]
                         net (fo=1, routed)           1.101     8.101    design_1_i/processing_system7_0/inst/FCLK_CLK_unbuffered[1]
    BUFGCTRL_X0Y0        BUFG (Prop_bufg_I_O)         0.091     8.192 r  design_1_i/processing_system7_0/inst/buffer_fclk_clk_1.FCLK_CLK_1_BUFG/O
                         net (fo=2289, routed)        1.489     9.681    design_1_i/axis_sobel_0/inst/aclk
    SLICE_X25Y34         FDSE                                         r  design_1_i/axis_sobel_0/inst/m_axis_tdata_reg[16]/C
                         clock pessimism              0.230     9.912    
                         clock uncertainty           -0.111     9.801    
    SLICE_X25Y34         FDSE (Setup_fdse_C_S)       -0.429     9.372    design_1_i/axis_sobel_0/inst/m_axis_tdata_reg[16]
  -------------------------------------------------------------------
                         required time                          9.372    
                         arrival time                         -13.712    
  -------------------------------------------------------------------
                         slack                                 -4.340    

Slack (VIOLATED) :        -2.406ns  (required time - arrival time)
  Source:                 design_1_i/axis_sobel_0/inst/p22_reg[4]/C
                            (rising edge-triggered cell FDRE clocked by clk_fpga_1  {rise@0.000ns fall@3.500ns period=7.000ns})
  Destination:            design_1_i/axis_sobel_0/inst/m_axis_tdata_reg[21]/D
                            (rising edge-triggered cell FDSE clocked by clk_fpga_1  {rise@0.000ns fall@3.500ns period=7.000ns})
  Path Group:             clk_fpga_1
  Path Type:              Setup (Max at Slow Process Corner)
  Requirement:            7.000ns  (clk_fpga_1 rise@7.000ns - clk_fpga_1 rise@0.000ns)
  Data Path Delay:        9.346ns  (logic 4.225ns (45.204%)  route 5.121ns (54.796%))
  Logic Levels:           12  (CARRY4=5 LUT3=1 LUT4=3 LUT5=1 LUT6=2)
  Clock Path Skew:        -0.058ns (DCD - SCD + CPR)
    Destination Clock Delay (DCD):    2.680ns = ( 9.681 - 7.000 ) 
    Source Clock Delay      (SCD):    2.969ns
    Clock Pessimism Removal (CPR):    0.230ns
  Clock Uncertainty:      0.111ns  ((TSJ^2 + TIJ^2)^1/2 + DJ) / 2 + PE
    Total System Jitter     (TSJ):    0.071ns
    Total Input Jitter      (TIJ):    0.210ns
    Discrete Jitter          (DJ):    0.000ns
    Phase Error              (PE):    0.000ns

    Location             Delay type                Incr(ns)  Path(ns)    Netlist Resource(s)
  -------------------------------------------------------------------    -------------------
                         (clock clk_fpga_1 rise edge)
                                                      0.000     0.000 r  
    PS7_X0Y0             PS7                          0.000     0.000 r  design_1_i/processing_system7_0/inst/PS7_i/FCLKCLK[1]
                         net (fo=1, routed)           1.207     1.207    design_1_i/processing_system7_0/inst/FCLK_CLK_unbuffered[1]
    BUFGCTRL_X0Y0        BUFG (Prop_bufg_I_O)         0.101     1.308 r  design_1_i/processing_system7_0/inst/buffer_fclk_clk_1.FCLK_CLK_1_BUFG/O
                         net (fo=2289, routed)        1.661     2.969    design_1_i/axis_sobel_0/inst/aclk
    SLICE_X29Y29         FDRE                                         r  design_1_i/axis_sobel_0/inst/p22_reg[4]/C
  -------------------------------------------------------------------    -------------------
    SLICE_X29Y29         FDRE (Prop_fdre_C_Q)         0.456     3.425 r  design_1_i/axis_sobel_0/inst/p22_reg[4]/Q
                         net (fo=5, routed)           0.823     4.248    design_1_i/axis_sobel_0/inst/p22[4]
    SLICE_X29Y31         LUT3 (Prop_lut3_I0_O)        0.152     4.400 r  design_1_i/axis_sobel_0/inst/i___1_carry__0_i_3/O
                         net (fo=2, routed)           0.666     5.066    design_1_i/axis_sobel_0/inst/i___1_carry__0_i_3_n_0
    SLICE_X29Y31         LUT4 (Prop_lut4_I3_O)        0.326     5.392 r  design_1_i/axis_sobel_0/inst/i___1_carry__0_i_7/O
                         net (fo=1, routed)           0.000     5.392    design_1_i/axis_sobel_0/inst/i___1_carry__0_i_7_n_0
    SLICE_X29Y31         CARRY4 (Prop_carry4_S[1]_O[3])
                                                      0.640     6.032 r  design_1_i/axis_sobel_0/inst/edge_pixel5_inferred__0/i___1_carry__0/O[3]
                         net (fo=4, routed)           0.454     6.486    design_1_i/axis_sobel_0/inst/edge_pixel5_inferred__0/i___1_carry__0_n_4
    SLICE_X27Y32         LUT4 (Prop_lut4_I1_O)        0.306     6.792 r  design_1_i/axis_sobel_0/inst/i___31_carry__0_i_9/O
                         net (fo=2, routed)           0.790     7.582    design_1_i/axis_sobel_0/inst/i___31_carry__0_i_9_n_0
    SLICE_X27Y34         LUT6 (Prop_lut6_I0_O)        0.124     7.706 r  design_1_i/axis_sobel_0/inst/i___31_carry__0_i_1/O
                         net (fo=2, routed)           0.645     8.351    design_1_i/axis_sobel_0/inst/i___31_carry__0_i_1_n_0
    SLICE_X26Y33         LUT6 (Prop_lut6_I0_O)        0.124     8.475 r  design_1_i/axis_sobel_0/inst/i___31_carry__0_i_5/O
                         net (fo=1, routed)           0.000     8.475    design_1_i/axis_sobel_0/inst/i___31_carry__0_i_5_n_0
    SLICE_X26Y33         CARRY4 (Prop_carry4_S[3]_CO[3])
                                                      0.401     8.876 r  design_1_i/axis_sobel_0/inst/edge_pixel5_inferred__0/i___31_carry__0/CO[3]
                         net (fo=1, routed)           0.000     8.876    design_1_i/axis_sobel_0/inst/edge_pixel5_inferred__0/i___31_carry__0_n_0
    SLICE_X26Y34         CARRY4 (Prop_carry4_CI_O[1])
                                                      0.334     9.210 r  design_1_i/axis_sobel_0/inst/edge_pixel5_inferred__0/i___31_carry__1/O[1]
                         net (fo=20, routed)          1.036    10.246    design_1_i/axis_sobel_0/inst/p_3_in
    SLICE_X24Y32         LUT4 (Prop_lut4_I3_O)        0.332    10.578 r  design_1_i/axis_sobel_0/inst/edge_pixel2__0_carry_i_1/O
                         net (fo=2, routed)           0.708    11.285    design_1_i/axis_sobel_0/inst/edge_pixel2__0_carry_i_1_n_0
    SLICE_X24Y32         LUT5 (Prop_lut5_I4_O)        0.331    11.616 r  design_1_i/axis_sobel_0/inst/edge_pixel2__0_carry_i_4/O
                         net (fo=1, routed)           0.000    11.616    design_1_i/axis_sobel_0/inst/edge_pixel2__0_carry_i_4_n_0
    SLICE_X24Y32         CARRY4 (Prop_carry4_S[3]_CO[3])
                                                      0.376    11.992 r  design_1_i/axis_sobel_0/inst/edge_pixel2__0_carry/CO[3]
                         net (fo=1, routed)           0.000    11.992    design_1_i/axis_sobel_0/inst/edge_pixel2__0_carry_n_0
    SLICE_X24Y33         CARRY4 (Prop_carry4_CI_O[1])
                                                      0.323    12.315 r  design_1_i/axis_sobel_0/inst/edge_pixel2__0_carry__0/O[1]
                         net (fo=1, routed)           0.000    12.315    design_1_i/axis_sobel_0/inst/edge_pixel2__0_carry__0_n_6
    SLICE_X24Y33         FDSE                                         r  design_1_i/axis_sobel_0/inst/m_axis_tdata_reg[21]/D
  -------------------------------------------------------------------    -------------------

                         (clock clk_fpga_1 rise edge)
                                                      7.000     7.000 r  
    PS7_X0Y0             PS7                          0.000     7.000 r  design_1_i/processing_system7_0/inst/PS7_i/FCLKCLK[1]
                         net (fo=1, routed)           1.101     8.101    design_1_i/processing_system7_0/inst/FCLK_CLK_unbuffered[1]
    BUFGCTRL_X0Y0        BUFG (Prop_bufg_I_O)         0.091     8.192 r  design_1_i/processing_system7_0/inst/buffer_fclk_clk_1.FCLK_CLK_1_BUFG/O
                         net (fo=2289, routed)        1.488     9.680    design_1_i/axis_sobel_0/inst/aclk
    SLICE_X24Y33         FDSE                                         r  design_1_i/axis_sobel_0/inst/m_axis_tdata_reg[21]/C
                         clock pessimism              0.230     9.911    
                         clock uncertainty           -0.111     9.800    
    SLICE_X24Y33         FDSE (Setup_fdse_C_D)        0.109     9.909    design_1_i/axis_sobel_0/inst/m_axis_tdata_reg[21]
  -------------------------------------------------------------------
                         required time                          9.909    
                         arrival time                         -12.315    
  -------------------------------------------------------------------
                         slack                                 -2.406    

Slack (VIOLATED) :        -2.398ns  (required time - arrival time)
  Source:                 design_1_i/axis_sobel_0/inst/p22_reg[4]/C
                            (rising edge-triggered cell FDRE clocked by clk_fpga_1  {rise@0.000ns fall@3.500ns period=7.000ns})
  Destination:            design_1_i/axis_sobel_0/inst/m_axis_tdata_reg[23]/D
                            (rising edge-triggered cell FDSE clocked by clk_fpga_1  {rise@0.000ns fall@3.500ns period=7.000ns})
  Path Group:             clk_fpga_1
  Path Type:              Setup (Max at Slow Process Corner)
  Requirement:            7.000ns  (clk_fpga_1 rise@7.000ns - clk_fpga_1 rise@0.000ns)
  Data Path Delay:        9.338ns  (logic 4.217ns (45.157%)  route 5.121ns (54.843%))
  Logic Levels:           12  (CARRY4=5 LUT3=1 LUT4=3 LUT5=1 LUT6=2)
  Clock Path Skew:        -0.058ns (DCD - SCD + CPR)
    Destination Clock Delay (DCD):    2.680ns = ( 9.681 - 7.000 ) 
    Source Clock Delay      (SCD):    2.969ns
    Clock Pessimism Removal (CPR):    0.230ns
  Clock Uncertainty:      0.111ns  ((TSJ^2 + TIJ^2)^1/2 + DJ) / 2 + PE
    Total System Jitter     (TSJ):    0.071ns
    Total Input Jitter      (TIJ):    0.210ns
    Discrete Jitter          (DJ):    0.000ns
    Phase Error              (PE):    0.000ns

    Location             Delay type                Incr(ns)  Path(ns)    Netlist Resource(s)
  -------------------------------------------------------------------    -------------------
                         (clock clk_fpga_1 rise edge)
                                                      0.000     0.000 r  
    PS7_X0Y0             PS7                          0.000     0.000 r  design_1_i/processing_system7_0/inst/PS7_i/FCLKCLK[1]
                         net (fo=1, routed)           1.207     1.207    design_1_i/processing_system7_0/inst/FCLK_CLK_unbuffered[1]
    BUFGCTRL_X0Y0        BUFG (Prop_bufg_I_O)         0.101     1.308 r  design_1_i/processing_system7_0/inst/buffer_fclk_clk_1.FCLK_CLK_1_BUFG/O
                         net (fo=2289, routed)        1.661     2.969    design_1_i/axis_sobel_0/inst/aclk
    SLICE_X29Y29         FDRE                                         r  design_1_i/axis_sobel_0/inst/p22_reg[4]/C
  -------------------------------------------------------------------    -------------------
    SLICE_X29Y29         FDRE (Prop_fdre_C_Q)         0.456     3.425 r  design_1_i/axis_sobel_0/inst/p22_reg[4]/Q
                         net (fo=5, routed)           0.823     4.248    design_1_i/axis_sobel_0/inst/p22[4]
    SLICE_X29Y31         LUT3 (Prop_lut3_I0_O)        0.152     4.400 r  design_1_i/axis_sobel_0/inst/i___1_carry__0_i_3/O
                         net (fo=2, routed)           0.666     5.066    design_1_i/axis_sobel_0/inst/i___1_carry__0_i_3_n_0
    SLICE_X29Y31         LUT4 (Prop_lut4_I3_O)        0.326     5.392 r  design_1_i/axis_sobel_0/inst/i___1_carry__0_i_7/O
                         net (fo=1, routed)           0.000     5.392    design_1_i/axis_sobel_0/inst/i___1_carry__0_i_7_n_0
    SLICE_X29Y31         CARRY4 (Prop_carry4_S[1]_O[3])
                                                      0.640     6.032 r  design_1_i/axis_sobel_0/inst/edge_pixel5_inferred__0/i___1_carry__0/O[3]
                         net (fo=4, routed)           0.454     6.486    design_1_i/axis_sobel_0/inst/edge_pixel5_inferred__0/i___1_carry__0_n_4
    SLICE_X27Y32         LUT4 (Prop_lut4_I1_O)        0.306     6.792 r  design_1_i/axis_sobel_0/inst/i___31_carry__0_i_9/O
                         net (fo=2, routed)           0.790     7.582    design_1_i/axis_sobel_0/inst/i___31_carry__0_i_9_n_0
    SLICE_X27Y34         LUT6 (Prop_lut6_I0_O)        0.124     7.706 r  design_1_i/axis_sobel_0/inst/i___31_carry__0_i_1/O
                         net (fo=2, routed)           0.645     8.351    design_1_i/axis_sobel_0/inst/i___31_carry__0_i_1_n_0
    SLICE_X26Y33         LUT6 (Prop_lut6_I0_O)        0.124     8.475 r  design_1_i/axis_sobel_0/inst/i___31_carry__0_i_5/O
                         net (fo=1, routed)           0.000     8.475    design_1_i/axis_sobel_0/inst/i___31_carry__0_i_5_n_0
    SLICE_X26Y33         CARRY4 (Prop_carry4_S[3]_CO[3])
                                                      0.401     8.876 r  design_1_i/axis_sobel_0/inst/edge_pixel5_inferred__0/i___31_carry__0/CO[3]
                         net (fo=1, routed)           0.000     8.876    design_1_i/axis_sobel_0/inst/edge_pixel5_inferred__0/i___31_carry__0_n_0
    SLICE_X26Y34         CARRY4 (Prop_carry4_CI_O[1])
                                                      0.334     9.210 r  design_1_i/axis_sobel_0/inst/edge_pixel5_inferred__0/i___31_carry__1/O[1]
                         net (fo=20, routed)          1.036    10.246    design_1_i/axis_sobel_0/inst/p_3_in
    SLICE_X24Y32         LUT4 (Prop_lut4_I3_O)        0.332    10.578 r  design_1_i/axis_sobel_0/inst/edge_pixel2__0_carry_i_1/O
                         net (fo=2, routed)           0.708    11.285    design_1_i/axis_sobel_0/inst/edge_pixel2__0_carry_i_1_n_0
    SLICE_X24Y32         LUT5 (Prop_lut5_I4_O)        0.331    11.616 r  design_1_i/axis_sobel_0/inst/edge_pixel2__0_carry_i_4/O
                         net (fo=1, routed)           0.000    11.616    design_1_i/axis_sobel_0/inst/edge_pixel2__0_carry_i_4_n_0
    SLICE_X24Y32         CARRY4 (Prop_carry4_S[3]_CO[3])
                                                      0.376    11.992 r  design_1_i/axis_sobel_0/inst/edge_pixel2__0_carry/CO[3]
                         net (fo=1, routed)           0.000    11.992    design_1_i/axis_sobel_0/inst/edge_pixel2__0_carry_n_0
    SLICE_X24Y33         CARRY4 (Prop_carry4_CI_O[3])
                                                      0.315    12.307 r  design_1_i/axis_sobel_0/inst/edge_pixel2__0_carry__0/O[3]
                         net (fo=1, routed)           0.000    12.307    design_1_i/axis_sobel_0/inst/edge_pixel2__0_carry__0_n_4
    SLICE_X24Y33         FDSE                                         r  design_1_i/axis_sobel_0/inst/m_axis_tdata_reg[23]/D
  -------------------------------------------------------------------    -------------------

                         (clock clk_fpga_1 rise edge)
                                                      7.000     7.000 r  
    PS7_X0Y0             PS7                          0.000     7.000 r  design_1_i/processing_system7_0/inst/PS7_i/FCLKCLK[1]
                         net (fo=1, routed)           1.101     8.101    design_1_i/processing_system7_0/inst/FCLK_CLK_unbuffered[1]
    BUFGCTRL_X0Y0        BUFG (Prop_bufg_I_O)         0.091     8.192 r  design_1_i/processing_system7_0/inst/buffer_fclk_clk_1.FCLK_CLK_1_BUFG/O
                         net (fo=2289, routed)        1.488     9.680    design_1_i/axis_sobel_0/inst/aclk
    SLICE_X24Y33         FDSE                                         r  design_1_i/axis_sobel_0/inst/m_axis_tdata_reg[23]/C
                         clock pessimism              0.230     9.911    
                         clock uncertainty           -0.111     9.800    
    SLICE_X24Y33         FDSE (Setup_fdse_C_D)        0.109     9.909    design_1_i/axis_sobel_0/inst/m_axis_tdata_reg[23]
  -------------------------------------------------------------------
                         required time                          9.909    
                         arrival time                         -12.307    
  -------------------------------------------------------------------
                         slack                                 -2.398    





Min Delay Paths
--------------------------------------------------------------------------------------
Slack (MET) :             0.028ns  (arrival time - required time)
  Source:                 design_1_i/axi_vdma_0/U0/GEN_SPRT_FOR_MM2S.MM2S_REGISTER_MODULE_I/GEN_REG_DIRECT_MODE.REGDIRECT_I/GEN_NUM_FSTORES_3.reg_module_start_address3_i_reg[16]/C
                            (rising edge-triggered cell FDRE clocked by clk_fpga_1  {rise@0.000ns fall@3.500ns period=7.000ns})
  Destination:            design_1_i/axi_vdma_0/U0/GEN_SPRT_FOR_MM2S.ADDR32.I_MM2S_DMA_MNGR/VIDEO_REG_I/GEN_REGISTER_DIRECT.GEN_REGDIRECT_DRES.VIDREGISTER_I/GEN_START_ADDR_REG[2].start_address_vid_reg[2][16]/D
                            (rising edge-triggered cell FDRE clocked by clk_fpga_1  {rise@0.000ns fall@3.500ns period=7.000ns})
  Path Group:             clk_fpga_1
  Path Type:              Hold (Min at Fast Process Corner)
  Requirement:            0.000ns  (clk_fpga_1 rise@0.000ns - clk_fpga_1 rise@0.000ns)
  Data Path Delay:        0.362ns  (logic 0.141ns (38.949%)  route 0.221ns (61.051%))
  Logic Levels:           0  
  Clock Path Skew:        0.264ns (DCD - SCD - CPR)
    Destination Clock Delay (DCD):    1.195ns
    Source Clock Delay      (SCD):    0.897ns
    Clock Pessimism Removal (CPR):    0.034ns

    Location             Delay type                Incr(ns)  Path(ns)    Netlist Resource(s)
  -------------------------------------------------------------------    -------------------
                         (clock clk_fpga_1 rise edge)
                                                      0.000     0.000 r  
    PS7_X0Y0             PS7                          0.000     0.000 r  design_1_i/processing_system7_0/inst/PS7_i/FCLKCLK[1]
                         net (fo=1, routed)           0.315     0.315    design_1_i/processing_system7_0/inst/FCLK_CLK_unbuffered[1]
    BUFGCTRL_X0Y0        BUFG (Prop_bufg_I_O)         0.026     0.341 r  design_1_i/processing_system7_0/inst/buffer_fclk_clk_1.FCLK_CLK_1_BUFG/O
                         net (fo=2289, routed)        0.556     0.897    design_1_i/axi_vdma_0/U0/GEN_SPRT_FOR_MM2S.MM2S_REGISTER_MODULE_I/GEN_REG_DIRECT_MODE.REGDIRECT_I/m_axi_mm2s_aclk
    SLICE_X22Y34         FDRE                                         r  design_1_i/axi_vdma_0/U0/GEN_SPRT_FOR_MM2S.MM2S_REGISTER_MODULE_I/GEN_REG_DIRECT_MODE.REGDIRECT_I/GEN_NUM_FSTORES_3.reg_module_start_address3_i_reg[16]/C
  -------------------------------------------------------------------    -------------------
    SLICE_X22Y34         FDRE (Prop_fdre_C_Q)         0.141     1.038 r  design_1_i/axi_vdma_0/U0/GEN_SPRT_FOR_MM2S.MM2S_REGISTER_MODULE_I/GEN_REG_DIRECT_MODE.REGDIRECT_I/GEN_NUM_FSTORES_3.reg_module_start_address3_i_reg[16]/Q
                         net (fo=2, routed)           0.221     1.259    design_1_i/axi_vdma_0/U0/GEN_SPRT_FOR_MM2S.ADDR32.I_MM2S_DMA_MNGR/VIDEO_REG_I/GEN_REGISTER_DIRECT.GEN_REGDIRECT_DRES.VIDREGISTER_I/GEN_START_ADDR_REG[2].start_address_vid_reg[2][31]_0[16]
    SLICE_X21Y35         FDRE                                         r  design_1_i/axi_vdma_0/U0/GEN_SPRT_FOR_MM2S.ADDR32.I_MM2S_DMA_MNGR/VIDEO_REG_I/GEN_REGISTER_DIRECT.GEN_REGDIRECT_DRES.VIDREGISTER_I/GEN_START_ADDR_REG[2].start_address_vid_reg[2][16]/D
  -------------------------------------------------------------------    -------------------

                         (clock clk_fpga_1 rise edge)
                                                      0.000     0.000 r  
    PS7_X0Y0             PS7                          0.000     0.000 r  design_1_i/processing_system7_0/inst/PS7_i/FCLKCLK[1]
                         net (fo=1, routed)           0.341     0.341    design_1_i/processing_system7_0/inst/FCLK_CLK_unbuffered[1]
    BUFGCTRL_X0Y0        BUFG (Prop_bufg_I_O)         0.029     0.370 r  design_1_i/processing_system7_0/inst/buffer_fclk_clk_1.FCLK_CLK_1_BUFG/O
                         net (fo=2289, routed)        0.825     1.195    design_1_i/axi_vdma_0/U0/GEN_SPRT_FOR_MM2S.ADDR32.I_MM2S_DMA_MNGR/VIDEO_REG_I/GEN_REGISTER_DIRECT.GEN_REGDIRECT_DRES.VIDREGISTER_I/m_axi_mm2s_aclk
    SLICE_X21Y35         FDRE                                         r  design_1_i/axi_vdma_0/U0/GEN_SPRT_FOR_MM2S.ADDR32.I_MM2S_DMA_MNGR/VIDEO_REG_I/GEN_REGISTER_DIRECT.GEN_REGDIRECT_DRES.VIDREGISTER_I/GEN_START_ADDR_REG[2].start_address_vid_reg[2][16]/C
                         clock pessimism             -0.034     1.161    
    SLICE_X21Y35         FDRE (Hold_fdre_C_D)         0.070     1.231    design_1_i/axi_vdma_0/U0/GEN_SPRT_FOR_MM2S.ADDR32.I_MM2S_DMA_MNGR/VIDEO_REG_I/GEN_REGISTER_DIRECT.GEN_REGDIRECT_DRES.VIDREGISTER_I/GEN_START_ADDR_REG[2].start_address_vid_reg[2][16]
  -------------------------------------------------------------------
                         required time                         -1.231    
                         arrival time                           1.259    
  -------------------------------------------------------------------
                         slack                                  0.028    

Slack (MET) :             0.032ns  (arrival time - required time)
  Source:                 design_1_i/axi_vdma_0/U0/GEN_SPRT_FOR_MM2S.MM2S_REGISTER_MODULE_I/GEN_REG_DIRECT_MODE.REGDIRECT_I/GEN_NUM_FSTORES_3.reg_module_start_address3_i_reg[29]/C
                            (rising edge-triggered cell FDRE clocked by clk_fpga_1  {rise@0.000ns fall@3.500ns period=7.000ns})
  Destination:            design_1_i/axi_vdma_0/U0/GEN_SPRT_FOR_MM2S.ADDR32.I_MM2S_DMA_MNGR/VIDEO_REG_I/GEN_REGISTER_DIRECT.GEN_REGDIRECT_DRES.VIDREGISTER_I/GEN_START_ADDR_REG[2].start_address_vid_reg[2][29]/D
                            (rising edge-triggered cell FDRE clocked by clk_fpga_1  {rise@0.000ns fall@3.500ns period=7.000ns})
  Path Group:             clk_fpga_1
  Path Type:              Hold (Min at Fast Process Corner)
  Requirement:            0.000ns  (clk_fpga_1 rise@0.000ns - clk_fpga_1 rise@0.000ns)
  Data Path Delay:        0.315ns  (logic 0.148ns (47.056%)  route 0.167ns (52.944%))
  Logic Levels:           0  
  Clock Path Skew:        0.264ns (DCD - SCD - CPR)
    Destination Clock Delay (DCD):    1.197ns
    Source Clock Delay      (SCD):    0.899ns
    Clock Pessimism Removal (CPR):    0.034ns

    Location             Delay type                Incr(ns)  Path(ns)    Netlist Resource(s)
  -------------------------------------------------------------------    -------------------
                         (clock clk_fpga_1 rise edge)
                                                      0.000     0.000 r  
    PS7_X0Y0             PS7                          0.000     0.000 r  design_1_i/processing_system7_0/inst/PS7_i/FCLKCLK[1]
                         net (fo=1, routed)           0.315     0.315    design_1_i/processing_system7_0/inst/FCLK_CLK_unbuffered[1]
    BUFGCTRL_X0Y0        BUFG (Prop_bufg_I_O)         0.026     0.341 r  design_1_i/processing_system7_0/inst/buffer_fclk_clk_1.FCLK_CLK_1_BUFG/O
                         net (fo=2289, routed)        0.558     0.899    design_1_i/axi_vdma_0/U0/GEN_SPRT_FOR_MM2S.MM2S_REGISTER_MODULE_I/GEN_REG_DIRECT_MODE.REGDIRECT_I/m_axi_mm2s_aclk
    SLICE_X20Y39         FDRE                                         r  design_1_i/axi_vdma_0/U0/GEN_SPRT_FOR_MM2S.MM2S_REGISTER_MODULE_I/GEN_REG_DIRECT_MODE.REGDIRECT_I/GEN_NUM_FSTORES_3.reg_module_start_address3_i_reg[29]/C
  -------------------------------------------------------------------    -------------------
    SLICE_X20Y39         FDRE (Prop_fdre_C_Q)         0.148     1.046 r  design_1_i/axi_vdma_0/U0/GEN_SPRT_FOR_MM2S.MM2S_REGISTER_MODULE_I/GEN_REG_DIRECT_MODE.REGDIRECT_I/GEN_NUM_FSTORES_3.reg_module_start_address3_i_reg[29]/Q
                         net (fo=2, routed)           0.167     1.213    design_1_i/axi_vdma_0/U0/GEN_SPRT_FOR_MM2S.ADDR32.I_MM2S_DMA_MNGR/VIDEO_REG_I/GEN_REGISTER_DIRECT.GEN_REGDIRECT_DRES.VIDREGISTER_I/GEN_START_ADDR_REG[2].start_address_vid_reg[2][31]_0[29]
    SLICE_X22Y40         FDRE                                         r  design_1_i/axi_vdma_0/U0/GEN_SPRT_FOR_MM2S.ADDR32.I_MM2S_DMA_MNGR/VIDEO_REG_I/GEN_REGISTER_DIRECT.GEN_REGDIRECT_DRES.VIDREGISTER_I/GEN_START_ADDR_REG[2].start_address_vid_reg[2][29]/D
  -------------------------------------------------------------------    -------------------

                         (clock clk_fpga_1 rise edge)
                                                      0.000     0.000 r  
    PS7_X0Y0             PS7                          0.000     0.000 r  design_1_i/processing_system7_0/inst/PS7_i/FCLKCLK[1]
                         net (fo=1, routed)           0.341     0.341    design_1_i/processing_system7_0/inst/FCLK_CLK_unbuffered[1]
    BUFGCTRL_X0Y0        BUFG (Prop_bufg_I_O)         0.029     0.370 r  design_1_i/processing_system7_0/inst/buffer_fclk_clk_1.FCLK_CLK_1_BUFG/O
                         net (fo=2289, routed)        0.827     1.197    design_1_i/axi_vdma_0/U0/GEN_SPRT_FOR_MM2S.ADDR32.I_MM2S_DMA_MNGR/VIDEO_REG_I/GEN_REGISTER_DIRECT.GEN_REGDIRECT_DRES.VIDREGISTER_I/m_axi_mm2s_aclk
    SLICE_X22Y40         FDRE                                         r  design_1_i/axi_vdma_0/U0/GEN_SPRT_FOR_MM2S.ADDR32.I_MM2S_DMA_MNGR/VIDEO_REG_I/GEN_REGISTER_DIRECT.GEN_REGDIRECT_DRES.VIDREGISTER_I/GEN_START_ADDR_REG[2].start_address_vid_reg[2][29]/C
                         clock pessimism             -0.034     1.163    
    SLICE_X22Y40         FDRE (Hold_fdre_C_D)         0.018     1.181    design_1_i/axi_vdma_0/U0/GEN_SPRT_FOR_MM2S.ADDR32.I_MM2S_DMA_MNGR/VIDEO_REG_I/GEN_REGISTER_DIRECT.GEN_REGDIRECT_DRES.VIDREGISTER_I/GEN_START_ADDR_REG[2].start_address_vid_reg[2][29]
  -------------------------------------------------------------------
                         required time                         -1.181    
                         arrival time                           1.213    
  -------------------------------------------------------------------
                         slack                                  0.032    

Slack (MET) :             0.056ns  (arrival time - required time)
  Source:                 design_1_i/axi_smc/inst/s00_nodes/s00_r_node/inst/inst_mi_handler/gen_normal_area.inst_fifo_node_payld/gen_xpm_memory_fifo.inst_fifo/gen_mem_rep[0].inst_xpm_memory/xpm_memory_base_inst/gen_rd_b.doutb_reg_reg[28]/C
                            (rising edge-triggered cell FDRE clocked by clk_fpga_1  {rise@0.000ns fall@3.500ns period=7.000ns})
  Destination:            design_1_i/axi_vdma_0/U0/I_PRMRY_DATAMOVER/GEN_MM2S_FULL.I_MM2S_FULL_WRAPPER/GEN_INCLUDE_MM2S_SF.I_RD_SF/I_DATA_FIFO/BLK_MEM.I_SYNC_FIFOGEN_FIFO/xpm_fifo_instance.xpm_fifo_sync_inst/xpm_fifo_base_inst/gen_sdpram.xpm_memory_base_inst/gen_wr_a.gen_word_narrow.mem_reg/DIADI[9]
                            (rising edge-triggered cell RAMB36E1 clocked by clk_fpga_1  {rise@0.000ns fall@3.500ns period=7.000ns})
  Path Group:             clk_fpga_1
  Path Type:              Hold (Min at Fast Process Corner)
  Requirement:            0.000ns  (clk_fpga_1 rise@0.000ns - clk_fpga_1 rise@0.000ns)
  Data Path Delay:        0.377ns  (logic 0.148ns (39.278%)  route 0.229ns (60.722%))
  Logic Levels:           0  
  Clock Path Skew:        0.077ns (DCD - SCD - CPR)
    Destination Clock Delay (DCD):    1.246ns
    Source Clock Delay      (SCD):    0.907ns
    Clock Pessimism Removal (CPR):    0.262ns

    Location             Delay type                Incr(ns)  Path(ns)    Netlist Resource(s)
  -------------------------------------------------------------------    -------------------
                         (clock clk_fpga_1 rise edge)
                                                      0.000     0.000 r  
    PS7_X0Y0             PS7                          0.000     0.000 r  design_1_i/processing_system7_0/inst/PS7_i/FCLKCLK[1]
                         net (fo=1, routed)           0.315     0.315    design_1_i/processing_system7_0/inst/FCLK_CLK_unbuffered[1]
    BUFGCTRL_X0Y0        BUFG (Prop_bufg_I_O)         0.026     0.341 r  design_1_i/processing_system7_0/inst/buffer_fclk_clk_1.FCLK_CLK_1_BUFG/O
                         net (fo=2289, routed)        0.566     0.907    design_1_i/axi_smc/inst/s00_nodes/s00_r_node/inst/inst_mi_handler/gen_normal_area.inst_fifo_node_payld/gen_xpm_memory_fifo.inst_fifo/gen_mem_rep[0].inst_xpm_memory/xpm_memory_base_inst/clka
    SLICE_X8Y5           FDRE                                         r  design_1_i/axi_smc/inst/s00_nodes/s00_r_node/inst/inst_mi_handler/gen_normal_area.inst_fifo_node_payld/gen_xpm_memory_fifo.inst_fifo/gen_mem_rep[0].inst_xpm_memory/xpm_memory_base_inst/gen_rd_b.doutb_reg_reg[28]/C
  -------------------------------------------------------------------    -------------------
    SLICE_X8Y5           FDRE (Prop_fdre_C_Q)         0.148     1.055 r  design_1_i/axi_smc/inst/s00_nodes/s00_r_node/inst/inst_mi_handler/gen_normal_area.inst_fifo_node_payld/gen_xpm_memory_fifo.inst_fifo/gen_mem_rep[0].inst_xpm_memory/xpm_memory_base_inst/gen_rd_b.doutb_reg_reg[28]/Q
                         net (fo=1, routed)           0.229     1.283    design_1_i/axi_vdma_0/U0/I_PRMRY_DATAMOVER/GEN_MM2S_FULL.I_MM2S_FULL_WRAPPER/GEN_INCLUDE_MM2S_SF.I_RD_SF/I_DATA_FIFO/BLK_MEM.I_SYNC_FIFOGEN_FIFO/xpm_fifo_instance.xpm_fifo_sync_inst/xpm_fifo_base_inst/gen_sdpram.xpm_memory_base_inst/dina[9]
    RAMB36_X0Y1          RAMB36E1                                     r  design_1_i/axi_vdma_0/U0/I_PRMRY_DATAMOVER/GEN_MM2S_FULL.I_MM2S_FULL_WRAPPER/GEN_INCLUDE_MM2S_SF.I_RD_SF/I_DATA_FIFO/BLK_MEM.I_SYNC_FIFOGEN_FIFO/xpm_fifo_instance.xpm_fifo_sync_inst/xpm_fifo_base_inst/gen_sdpram.xpm_memory_base_inst/gen_wr_a.gen_word_narrow.mem_reg/DIADI[9]
  -------------------------------------------------------------------    -------------------

                         (clock clk_fpga_1 rise edge)
                                                      0.000     0.000 r  
    PS7_X0Y0             PS7                          0.000     0.000 r  design_1_i/processing_system7_0/inst/PS7_i/FCLKCLK[1]
                         net (fo=1, routed)           0.341     0.341    design_1_i/processing_system7_0/inst/FCLK_CLK_unbuffered[1]
    BUFGCTRL_X0Y0        BUFG (Prop_bufg_I_O)         0.029     0.370 r  design_1_i/processing_system7_0/inst/buffer_fclk_clk_1.FCLK_CLK_1_BUFG/O
                         net (fo=2289, routed)        0.876     1.246    design_1_i/axi_vdma_0/U0/I_PRMRY_DATAMOVER/GEN_MM2S_FULL.I_MM2S_FULL_WRAPPER/GEN_INCLUDE_MM2S_SF.I_RD_SF/I_DATA_FIFO/BLK_MEM.I_SYNC_FIFOGEN_FIFO/xpm_fifo_instance.xpm_fifo_sync_inst/xpm_fifo_base_inst/gen_sdpram.xpm_memory_base_inst/clka
    RAMB36_X0Y1          RAMB36E1                                     r  design_1_i/axi_vdma_0/U0/I_PRMRY_DATAMOVER/GEN_MM2S_FULL.I_MM2S_FULL_WRAPPER/GEN_INCLUDE_MM2S_SF.I_RD_SF/I_DATA_FIFO/BLK_MEM.I_SYNC_FIFOGEN_FIFO/xpm_fifo_instance.xpm_fifo_sync_inst/xpm_fifo_base_inst/gen_sdpram.xpm_memory_base_inst/gen_wr_a.gen_word_narrow.mem_reg/CLKBWRCLK
                         clock pessimism             -0.262     0.984    
    RAMB36_X0Y1          RAMB36E1 (Hold_ramb36e1_CLKBWRCLK_DIADI[9])
                                                      0.243     1.227    design_1_i/axi_vdma_0/U0/I_PRMRY_DATAMOVER/GEN_MM2S_FULL.I_MM2S_FULL_WRAPPER/GEN_INCLUDE_MM2S_SF.I_RD_SF/I_DATA_FIFO/BLK_MEM.I_SYNC_FIFOGEN_FIFO/xpm_fifo_instance.xpm_fifo_sync_inst/xpm_fifo_base_inst/gen_sdpram.xpm_memory_base_inst/gen_wr_a.gen_word_narrow.mem_reg
  -------------------------------------------------------------------
                         required time                         -1.227    
                         arrival time                           1.283    
  -------------------------------------------------------------------
                         slack                                  0.056    

Slack (MET) :             0.060ns  (arrival time - required time)
  Source:                 design_1_i/axi_vdma_0/U0/AXI_LITE_REG_INTERFACE_I/GEN_AXI_LITE_IF.AXI_LITE_IF_I/GEN_LITE_IS_ASYNC.GEN_MM2S_ONLY_ASYNC_LITE_ACCESS.mm2s_axi2ip_wrdata_cdc_tig_reg[23]/C
                            (rising edge-triggered cell FDRE clocked by clk_fpga_1  {rise@0.000ns fall@3.500ns period=7.000ns})
  Destination:            design_1_i/axi_vdma_0/U0/GEN_SPRT_FOR_MM2S.MM2S_REGISTER_MODULE_I/GEN_REG_DIRECT_MODE.REGDIRECT_I/GEN_NUM_FSTORES_3.reg_module_start_address3_i_reg[23]/D
                            (rising edge-triggered cell FDRE clocked by clk_fpga_1  {rise@0.000ns fall@3.500ns period=7.000ns})
  Path Group:             clk_fpga_1
  Path Type:              Hold (Min at Fast Process Corner)
  Requirement:            0.000ns  (clk_fpga_1 rise@0.000ns - clk_fpga_1 rise@0.000ns)
  Data Path Delay:        0.334ns  (logic 0.128ns (38.364%)  route 0.206ns (61.636%))
  Logic Levels:           0  
  Clock Path Skew:        0.261ns (DCD - SCD - CPR)
    Destination Clock Delay (DCD):    1.196ns
    Source Clock Delay      (SCD):    0.901ns
    Clock Pessimism Removal (CPR):    0.034ns

    Location             Delay type                Incr(ns)  Path(ns)    Netlist Resource(s)
  -------------------------------------------------------------------    -------------------
                         (clock clk_fpga_1 rise edge)
                                                      0.000     0.000 r  
    PS7_X0Y0             PS7                          0.000     0.000 r  design_1_i/processing_system7_0/inst/PS7_i/FCLKCLK[1]
                         net (fo=1, routed)           0.315     0.315    design_1_i/processing_system7_0/inst/FCLK_CLK_unbuffered[1]
    BUFGCTRL_X0Y0        BUFG (Prop_bufg_I_O)         0.026     0.341 r  design_1_i/processing_system7_0/inst/buffer_fclk_clk_1.FCLK_CLK_1_BUFG/O
                         net (fo=2289, routed)        0.560     0.901    design_1_i/axi_vdma_0/U0/AXI_LITE_REG_INTERFACE_I/GEN_AXI_LITE_IF.AXI_LITE_IF_I/m_axi_mm2s_aclk
    SLICE_X19Y37         FDRE                                         r  design_1_i/axi_vdma_0/U0/AXI_LITE_REG_INTERFACE_I/GEN_AXI_LITE_IF.AXI_LITE_IF_I/GEN_LITE_IS_ASYNC.GEN_MM2S_ONLY_ASYNC_LITE_ACCESS.mm2s_axi2ip_wrdata_cdc_tig_reg[23]/C
  -------------------------------------------------------------------    -------------------
    SLICE_X19Y37         FDRE (Prop_fdre_C_Q)         0.128     1.029 r  design_1_i/axi_vdma_0/U0/AXI_LITE_REG_INTERFACE_I/GEN_AXI_LITE_IF.AXI_LITE_IF_I/GEN_LITE_IS_ASYNC.GEN_MM2S_ONLY_ASYNC_LITE_ACCESS.mm2s_axi2ip_wrdata_cdc_tig_reg[23]/Q
                         net (fo=6, routed)           0.206     1.234    design_1_i/axi_vdma_0/U0/GEN_SPRT_FOR_MM2S.MM2S_REGISTER_MODULE_I/GEN_REG_DIRECT_MODE.REGDIRECT_I/D[23]
    SLICE_X23Y38         FDRE                                         r  design_1_i/axi_vdma_0/U0/GEN_SPRT_FOR_MM2S.MM2S_REGISTER_MODULE_I/GEN_REG_DIRECT_MODE.REGDIRECT_I/GEN_NUM_FSTORES_3.reg_module_start_address3_i_reg[23]/D
  -------------------------------------------------------------------    -------------------

                         (clock clk_fpga_1 rise edge)
                                                      0.000     0.000 r  
    PS7_X0Y0             PS7                          0.000     0.000 r  design_1_i/processing_system7_0/inst/PS7_i/FCLKCLK[1]
                         net (fo=1, routed)           0.341     0.341    design_1_i/processing_system7_0/inst/FCLK_CLK_unbuffered[1]
    BUFGCTRL_X0Y0        BUFG (Prop_bufg_I_O)         0.029     0.370 r  design_1_i/processing_system7_0/inst/buffer_fclk_clk_1.FCLK_CLK_1_BUFG/O
                         net (fo=2289, routed)        0.826     1.196    design_1_i/axi_vdma_0/U0/GEN_SPRT_FOR_MM2S.MM2S_REGISTER_MODULE_I/GEN_REG_DIRECT_MODE.REGDIRECT_I/m_axi_mm2s_aclk
    SLICE_X23Y38         FDRE                                         r  design_1_i/axi_vdma_0/U0/GEN_SPRT_FOR_MM2S.MM2S_REGISTER_MODULE_I/GEN_REG_DIRECT_MODE.REGDIRECT_I/GEN_NUM_FSTORES_3.reg_module_start_address3_i_reg[23]/C
                         clock pessimism             -0.034     1.162    
    SLICE_X23Y38         FDRE (Hold_fdre_C_D)         0.012     1.174    design_1_i/axi_vdma_0/U0/GEN_SPRT_FOR_MM2S.MM2S_REGISTER_MODULE_I/GEN_REG_DIRECT_MODE.REGDIRECT_I/GEN_NUM_FSTORES_3.reg_module_start_address3_i_reg[23]
  -------------------------------------------------------------------
                         required time                         -1.174    
                         arrival time                           1.234    
  -------------------------------------------------------------------
                         slack                                  0.060    

Slack (MET) :             0.066ns  (arrival time - required time)
  Source:                 design_1_i/axi_vdma_0/U0/AXI_LITE_REG_INTERFACE_I/GEN_AXI_LITE_IF.AXI_LITE_IF_I/GEN_LITE_IS_ASYNC.GEN_MM2S_ONLY_ASYNC_LITE_ACCESS.mm2s_axi2ip_wrdata_cdc_tig_reg[25]/C
                            (rising edge-triggered cell FDRE clocked by clk_fpga_1  {rise@0.000ns fall@3.500ns period=7.000ns})
  Destination:            design_1_i/axi_vdma_0/U0/GEN_SPRT_FOR_MM2S.MM2S_REGISTER_MODULE_I/GEN_REG_DIRECT_MODE.REGDIRECT_I/GEN_NUM_FSTORES_3.reg_module_start_address3_i_reg[25]/D
                            (rising edge-triggered cell FDRE clocked by clk_fpga_1  {rise@0.000ns fall@3.500ns period=7.000ns})
  Path Group:             clk_fpga_1
  Path Type:              Hold (Min at Fast Process Corner)
  Requirement:            0.000ns  (clk_fpga_1 rise@0.000ns - clk_fpga_1 rise@0.000ns)
  Data Path Delay:        0.393ns  (logic 0.141ns (35.857%)  route 0.252ns (64.143%))
  Logic Levels:           0  
  Clock Path Skew:        0.264ns (DCD - SCD - CPR)
    Destination Clock Delay (DCD):    1.198ns
    Source Clock Delay      (SCD):    0.900ns
    Clock Pessimism Removal (CPR):    0.034ns

    Location             Delay type                Incr(ns)  Path(ns)    Netlist Resource(s)
  -------------------------------------------------------------------    -------------------
                         (clock clk_fpga_1 rise edge)
                                                      0.000     0.000 r  
    PS7_X0Y0             PS7                          0.000     0.000 r  design_1_i/processing_system7_0/inst/PS7_i/FCLKCLK[1]
                         net (fo=1, routed)           0.315     0.315    design_1_i/processing_system7_0/inst/FCLK_CLK_unbuffered[1]
    BUFGCTRL_X0Y0        BUFG (Prop_bufg_I_O)         0.026     0.341 r  design_1_i/processing_system7_0/inst/buffer_fclk_clk_1.FCLK_CLK_1_BUFG/O
                         net (fo=2289, routed)        0.559     0.900    design_1_i/axi_vdma_0/U0/AXI_LITE_REG_INTERFACE_I/GEN_AXI_LITE_IF.AXI_LITE_IF_I/m_axi_mm2s_aclk
    SLICE_X22Y41         FDRE                                         r  design_1_i/axi_vdma_0/U0/AXI_LITE_REG_INTERFACE_I/GEN_AXI_LITE_IF.AXI_LITE_IF_I/GEN_LITE_IS_ASYNC.GEN_MM2S_ONLY_ASYNC_LITE_ACCESS.mm2s_axi2ip_wrdata_cdc_tig_reg[25]/C
  -------------------------------------------------------------------    -------------------
    SLICE_X22Y41         FDRE (Prop_fdre_C_Q)         0.141     1.041 r  design_1_i/axi_vdma_0/U0/AXI_LITE_REG_INTERFACE_I/GEN_AXI_LITE_IF.AXI_LITE_IF_I/GEN_LITE_IS_ASYNC.GEN_MM2S_ONLY_ASYNC_LITE_ACCESS.mm2s_axi2ip_wrdata_cdc_tig_reg[25]/Q
                         net (fo=5, routed)           0.252     1.293    design_1_i/axi_vdma_0/U0/GEN_SPRT_FOR_MM2S.MM2S_REGISTER_MODULE_I/GEN_REG_DIRECT_MODE.REGDIRECT_I/D[25]
    SLICE_X20Y39         FDRE                                         r  design_1_i/axi_vdma_0/U0/GEN_SPRT_FOR_MM2S.MM2S_REGISTER_MODULE_I/GEN_REG_DIRECT_MODE.REGDIRECT_I/GEN_NUM_FSTORES_3.reg_module_start_address3_i_reg[25]/D
  -------------------------------------------------------------------    -------------------

                         (clock clk_fpga_1 rise edge)
                                                      0.000     0.000 r  
    PS7_X0Y0             PS7                          0.000     0.000 r  design_1_i/processing_system7_0/inst/PS7_i/FCLKCLK[1]
                         net (fo=1, routed)           0.341     0.341    design_1_i/processing_system7_0/inst/FCLK_CLK_unbuffered[1]
    BUFGCTRL_X0Y0        BUFG (Prop_bufg_I_O)         0.029     0.370 r  design_1_i/processing_system7_0/inst/buffer_fclk_clk_1.FCLK_CLK_1_BUFG/O
                         net (fo=2289, routed)        0.828     1.198    design_1_i/axi_vdma_0/U0/GEN_SPRT_FOR_MM2S.MM2S_REGISTER_MODULE_I/GEN_REG_DIRECT_MODE.REGDIRECT_I/m_axi_mm2s_aclk
    SLICE_X20Y39         FDRE                                         r  design_1_i/axi_vdma_0/U0/GEN_SPRT_FOR_MM2S.MM2S_REGISTER_MODULE_I/GEN_REG_DIRECT_MODE.REGDIRECT_I/GEN_NUM_FSTORES_3.reg_module_start_address3_i_reg[25]/C
                         clock pessimism             -0.034     1.164    
    SLICE_X20Y39         FDRE (Hold_fdre_C_D)         0.063     1.227    design_1_i/axi_vdma_0/U0/GEN_SPRT_FOR_MM2S.MM2S_REGISTER_MODULE_I/GEN_REG_DIRECT_MODE.REGDIRECT_I/GEN_NUM_FSTORES_3.reg_module_start_address3_i_reg[25]
  -------------------------------------------------------------------
                         required time                         -1.227    
                         arrival time                           1.293    
  -------------------------------------------------------------------
                         slack                                  0.066    

Slack (MET) :             0.066ns  (arrival time - required time)
  Source:                 design_1_i/axi_vdma_0/U0/AXI_LITE_REG_INTERFACE_I/GEN_AXI_LITE_IF.AXI_LITE_IF_I/GEN_LITE_IS_ASYNC.GEN_MM2S_ONLY_ASYNC_LITE_ACCESS.mm2s_axi2ip_wrdata_cdc_tig_reg[18]/C
                            (rising edge-triggered cell FDRE clocked by clk_fpga_1  {rise@0.000ns fall@3.500ns period=7.000ns})
  Destination:            design_1_i/axi_vdma_0/U0/GEN_SPRT_FOR_MM2S.MM2S_REGISTER_MODULE_I/GEN_REG_DIRECT_MODE.REGDIRECT_I/GEN_NUM_FSTORES_3.reg_module_start_address3_i_reg[18]/D
                            (rising edge-triggered cell FDRE clocked by clk_fpga_1  {rise@0.000ns fall@3.500ns period=7.000ns})
  Path Group:             clk_fpga_1
  Path Type:              Hold (Min at Fast Process Corner)
  Requirement:            0.000ns  (clk_fpga_1 rise@0.000ns - clk_fpga_1 rise@0.000ns)
  Data Path Delay:        0.395ns  (logic 0.141ns (35.726%)  route 0.254ns (64.274%))
  Logic Levels:           0  
  Clock Path Skew:        0.262ns (DCD - SCD - CPR)
    Destination Clock Delay (DCD):    1.195ns
    Source Clock Delay      (SCD):    0.899ns
    Clock Pessimism Removal (CPR):    0.034ns

    Location             Delay type                Incr(ns)  Path(ns)    Netlist Resource(s)
  -------------------------------------------------------------------    -------------------
                         (clock clk_fpga_1 rise edge)
                                                      0.000     0.000 r  
    PS7_X0Y0             PS7                          0.000     0.000 r  design_1_i/processing_system7_0/inst/PS7_i/FCLKCLK[1]
                         net (fo=1, routed)           0.315     0.315    design_1_i/processing_system7_0/inst/FCLK_CLK_unbuffered[1]
    BUFGCTRL_X0Y0        BUFG (Prop_bufg_I_O)         0.026     0.341 r  design_1_i/processing_system7_0/inst/buffer_fclk_clk_1.FCLK_CLK_1_BUFG/O
                         net (fo=2289, routed)        0.558     0.899    design_1_i/axi_vdma_0/U0/AXI_LITE_REG_INTERFACE_I/GEN_AXI_LITE_IF.AXI_LITE_IF_I/m_axi_mm2s_aclk
    SLICE_X25Y38         FDRE                                         r  design_1_i/axi_vdma_0/U0/AXI_LITE_REG_INTERFACE_I/GEN_AXI_LITE_IF.AXI_LITE_IF_I/GEN_LITE_IS_ASYNC.GEN_MM2S_ONLY_ASYNC_LITE_ACCESS.mm2s_axi2ip_wrdata_cdc_tig_reg[18]/C
  -------------------------------------------------------------------    -------------------
    SLICE_X25Y38         FDRE (Prop_fdre_C_Q)         0.141     1.039 r  design_1_i/axi_vdma_0/U0/AXI_LITE_REG_INTERFACE_I/GEN_AXI_LITE_IF.AXI_LITE_IF_I/GEN_LITE_IS_ASYNC.GEN_MM2S_ONLY_ASYNC_LITE_ACCESS.mm2s_axi2ip_wrdata_cdc_tig_reg[18]/Q
                         net (fo=6, routed)           0.254     1.293    design_1_i/axi_vdma_0/U0/GEN_SPRT_FOR_MM2S.MM2S_REGISTER_MODULE_I/GEN_REG_DIRECT_MODE.REGDIRECT_I/D[18]
    SLICE_X21Y36         FDRE                                         r  design_1_i/axi_vdma_0/U0/GEN_SPRT_FOR_MM2S.MM2S_REGISTER_MODULE_I/GEN_REG_DIRECT_MODE.REGDIRECT_I/GEN_NUM_FSTORES_3.reg_module_start_address3_i_reg[18]/D
  -------------------------------------------------------------------    -------------------

                         (clock clk_fpga_1 rise edge)
                                                      0.000     0.000 r  
    PS7_X0Y0             PS7                          0.000     0.000 r  design_1_i/processing_system7_0/inst/PS7_i/FCLKCLK[1]
                         net (fo=1, routed)           0.341     0.341    design_1_i/processing_system7_0/inst/FCLK_CLK_unbuffered[1]
    BUFGCTRL_X0Y0        BUFG (Prop_bufg_I_O)         0.029     0.370 r  design_1_i/processing_system7_0/inst/buffer_fclk_clk_1.FCLK_CLK_1_BUFG/O
                         net (fo=2289, routed)        0.825     1.195    design_1_i/axi_vdma_0/U0/GEN_SPRT_FOR_MM2S.MM2S_REGISTER_MODULE_I/GEN_REG_DIRECT_MODE.REGDIRECT_I/m_axi_mm2s_aclk
    SLICE_X21Y36         FDRE                                         r  design_1_i/axi_vdma_0/U0/GEN_SPRT_FOR_MM2S.MM2S_REGISTER_MODULE_I/GEN_REG_DIRECT_MODE.REGDIRECT_I/GEN_NUM_FSTORES_3.reg_module_start_address3_i_reg[18]/C
                         clock pessimism             -0.034     1.161    
    SLICE_X21Y36         FDRE (Hold_fdre_C_D)         0.066     1.227    design_1_i/axi_vdma_0/U0/GEN_SPRT_FOR_MM2S.MM2S_REGISTER_MODULE_I/GEN_REG_DIRECT_MODE.REGDIRECT_I/GEN_NUM_FSTORES_3.reg_module_start_address3_i_reg[18]
  -------------------------------------------------------------------
                         required time                         -1.227    
                         arrival time                           1.293    
  -------------------------------------------------------------------
                         slack                                  0.066    

Slack (MET) :             0.070ns  (arrival time - required time)
  Source:                 design_1_i/axi_smc/inst/s00_nodes/s00_r_node/inst/inst_mi_handler/gen_normal_area.inst_fifo_node_payld/gen_xpm_memory_fifo.inst_fifo/gen_mem_rep[0].inst_xpm_memory/xpm_memory_base_inst/gen_rd_b.doutb_reg_reg[24]/C
                            (rising edge-triggered cell FDRE clocked by clk_fpga_1  {rise@0.000ns fall@3.500ns period=7.000ns})
  Destination:            design_1_i/axi_vdma_0/U0/I_PRMRY_DATAMOVER/GEN_MM2S_FULL.I_MM2S_FULL_WRAPPER/GEN_INCLUDE_MM2S_SF.I_RD_SF/I_DATA_FIFO/BLK_MEM.I_SYNC_FIFOGEN_FIFO/xpm_fifo_instance.xpm_fifo_sync_inst/xpm_fifo_base_inst/gen_sdpram.xpm_memory_base_inst/gen_wr_a.gen_word_narrow.mem_reg/DIADI[5]
                            (rising edge-triggered cell RAMB36E1 clocked by clk_fpga_1  {rise@0.000ns fall@3.500ns period=7.000ns})
  Path Group:             clk_fpga_1
  Path Type:              Hold (Min at Fast Process Corner)
  Requirement:            0.000ns  (clk_fpga_1 rise@0.000ns - clk_fpga_1 rise@0.000ns)
  Data Path Delay:        0.391ns  (logic 0.148ns (37.897%)  route 0.243ns (62.103%))
  Logic Levels:           0  
  Clock Path Skew:        0.077ns (DCD - SCD - CPR)
    Destination Clock Delay (DCD):    1.246ns
    Source Clock Delay      (SCD):    0.907ns
    Clock Pessimism Removal (CPR):    0.262ns

    Location             Delay type                Incr(ns)  Path(ns)    Netlist Resource(s)
  -------------------------------------------------------------------    -------------------
                         (clock clk_fpga_1 rise edge)
                                                      0.000     0.000 r  
    PS7_X0Y0             PS7                          0.000     0.000 r  design_1_i/processing_system7_0/inst/PS7_i/FCLKCLK[1]
                         net (fo=1, routed)           0.315     0.315    design_1_i/processing_system7_0/inst/FCLK_CLK_unbuffered[1]
    BUFGCTRL_X0Y0        BUFG (Prop_bufg_I_O)         0.026     0.341 r  design_1_i/processing_system7_0/inst/buffer_fclk_clk_1.FCLK_CLK_1_BUFG/O
                         net (fo=2289, routed)        0.566     0.907    design_1_i/axi_smc/inst/s00_nodes/s00_r_node/inst/inst_mi_handler/gen_normal_area.inst_fifo_node_payld/gen_xpm_memory_fifo.inst_fifo/gen_mem_rep[0].inst_xpm_memory/xpm_memory_base_inst/clka
    SLICE_X8Y5           FDRE                                         r  design_1_i/axi_smc/inst/s00_nodes/s00_r_node/inst/inst_mi_handler/gen_normal_area.inst_fifo_node_payld/gen_xpm_memory_fifo.inst_fifo/gen_mem_rep[0].inst_xpm_memory/xpm_memory_base_inst/gen_rd_b.doutb_reg_reg[24]/C
  -------------------------------------------------------------------    -------------------
    SLICE_X8Y5           FDRE (Prop_fdre_C_Q)         0.148     1.055 r  design_1_i/axi_smc/inst/s00_nodes/s00_r_node/inst/inst_mi_handler/gen_normal_area.inst_fifo_node_payld/gen_xpm_memory_fifo.inst_fifo/gen_mem_rep[0].inst_xpm_memory/xpm_memory_base_inst/gen_rd_b.doutb_reg_reg[24]/Q
                         net (fo=1, routed)           0.243     1.297    design_1_i/axi_vdma_0/U0/I_PRMRY_DATAMOVER/GEN_MM2S_FULL.I_MM2S_FULL_WRAPPER/GEN_INCLUDE_MM2S_SF.I_RD_SF/I_DATA_FIFO/BLK_MEM.I_SYNC_FIFOGEN_FIFO/xpm_fifo_instance.xpm_fifo_sync_inst/xpm_fifo_base_inst/gen_sdpram.xpm_memory_base_inst/dina[5]
    RAMB36_X0Y1          RAMB36E1                                     r  design_1_i/axi_vdma_0/U0/I_PRMRY_DATAMOVER/GEN_MM2S_FULL.I_MM2S_FULL_WRAPPER/GEN_INCLUDE_MM2S_SF.I_RD_SF/I_DATA_FIFO/BLK_MEM.I_SYNC_FIFOGEN_FIFO/xpm_fifo_instance.xpm_fifo_sync_inst/xpm_fifo_base_inst/gen_sdpram.xpm_memory_base_inst/gen_wr_a.gen_word_narrow.mem_reg/DIADI[5]
  -------------------------------------------------------------------    -------------------

                         (clock clk_fpga_1 rise edge)
                                                      0.000     0.000 r  
    PS7_X0Y0             PS7                          0.000     0.000 r  design_1_i/processing_system7_0/inst/PS7_i/FCLKCLK[1]
                         net (fo=1, routed)           0.341     0.341    design_1_i/processing_system7_0/inst/FCLK_CLK_unbuffered[1]
    BUFGCTRL_X0Y0        BUFG (Prop_bufg_I_O)         0.029     0.370 r  design_1_i/processing_system7_0/inst/buffer_fclk_clk_1.FCLK_CLK_1_BUFG/O
                         net (fo=2289, routed)        0.876     1.246    design_1_i/axi_vdma_0/U0/I_PRMRY_DATAMOVER/GEN_MM2S_FULL.I_MM2S_FULL_WRAPPER/GEN_INCLUDE_MM2S_SF.I_RD_SF/I_DATA_FIFO/BLK_MEM.I_SYNC_FIFOGEN_FIFO/xpm_fifo_instance.xpm_fifo_sync_inst/xpm_fifo_base_inst/gen_sdpram.xpm_memory_base_inst/clka
    RAMB36_X0Y1          RAMB36E1                                     r  design_1_i/axi_vdma_0/U0/I_PRMRY_DATAMOVER/GEN_MM2S_FULL.I_MM2S_FULL_WRAPPER/GEN_INCLUDE_MM2S_SF.I_RD_SF/I_DATA_FIFO/BLK_MEM.I_SYNC_FIFOGEN_FIFO/xpm_fifo_instance.xpm_fifo_sync_inst/xpm_fifo_base_inst/gen_sdpram.xpm_memory_base_inst/gen_wr_a.gen_word_narrow.mem_reg/CLKBWRCLK
                         clock pessimism             -0.262     0.984    
    RAMB36_X0Y1          RAMB36E1 (Hold_ramb36e1_CLKBWRCLK_DIADI[5])
                                                      0.243     1.227    design_1_i/axi_vdma_0/U0/I_PRMRY_DATAMOVER/GEN_MM2S_FULL.I_MM2S_FULL_WRAPPER/GEN_INCLUDE_MM2S_SF.I_RD_SF/I_DATA_FIFO/BLK_MEM.I_SYNC_FIFOGEN_FIFO/xpm_fifo_instance.xpm_fifo_sync_inst/xpm_fifo_base_inst/gen_sdpram.xpm_memory_base_inst/gen_wr_a.gen_word_narrow.mem_reg
  -------------------------------------------------------------------
                         required time                         -1.227    
                         arrival time                           1.297    
  -------------------------------------------------------------------
                         slack                                  0.070    

Slack (MET) :             0.072ns  (arrival time - required time)
  Source:                 design_1_i/axi_smc/inst/s00_nodes/s00_r_node/inst/inst_mi_handler/gen_normal_area.inst_fifo_node_payld/gen_xpm_memory_fifo.inst_fifo/gen_mem_rep[0].inst_xpm_memory/xpm_memory_base_inst/gen_rd_b.doutb_reg_reg[26]/C
                            (rising edge-triggered cell FDRE clocked by clk_fpga_1  {rise@0.000ns fall@3.500ns period=7.000ns})
  Destination:            design_1_i/axi_vdma_0/U0/I_PRMRY_DATAMOVER/GEN_MM2S_FULL.I_MM2S_FULL_WRAPPER/GEN_INCLUDE_MM2S_SF.I_RD_SF/I_DATA_FIFO/BLK_MEM.I_SYNC_FIFOGEN_FIFO/xpm_fifo_instance.xpm_fifo_sync_inst/xpm_fifo_base_inst/gen_sdpram.xpm_memory_base_inst/gen_wr_a.gen_word_narrow.mem_reg/DIADI[7]
                            (rising edge-triggered cell RAMB36E1 clocked by clk_fpga_1  {rise@0.000ns fall@3.500ns period=7.000ns})
  Path Group:             clk_fpga_1
  Path Type:              Hold (Min at Fast Process Corner)
  Requirement:            0.000ns  (clk_fpga_1 rise@0.000ns - clk_fpga_1 rise@0.000ns)
  Data Path Delay:        0.391ns  (logic 0.148ns (37.843%)  route 0.243ns (62.157%))
  Logic Levels:           0  
  Clock Path Skew:        0.077ns (DCD - SCD - CPR)
    Destination Clock Delay (DCD):    1.246ns
    Source Clock Delay      (SCD):    0.907ns
    Clock Pessimism Removal (CPR):    0.262ns

    Location             Delay type                Incr(ns)  Path(ns)    Netlist Resource(s)
  -------------------------------------------------------------------    -------------------
                         (clock clk_fpga_1 rise edge)
                                                      0.000     0.000 r  
    PS7_X0Y0             PS7                          0.000     0.000 r  design_1_i/processing_system7_0/inst/PS7_i/FCLKCLK[1]
                         net (fo=1, routed)           0.315     0.315    design_1_i/processing_system7_0/inst/FCLK_CLK_unbuffered[1]
    BUFGCTRL_X0Y0        BUFG (Prop_bufg_I_O)         0.026     0.341 r  design_1_i/processing_system7_0/inst/buffer_fclk_clk_1.FCLK_CLK_1_BUFG/O
                         net (fo=2289, routed)        0.566     0.907    design_1_i/axi_smc/inst/s00_nodes/s00_r_node/inst/inst_mi_handler/gen_normal_area.inst_fifo_node_payld/gen_xpm_memory_fifo.inst_fifo/gen_mem_rep[0].inst_xpm_memory/xpm_memory_base_inst/clka
    SLICE_X8Y5           FDRE                                         r  design_1_i/axi_smc/inst/s00_nodes/s00_r_node/inst/inst_mi_handler/gen_normal_area.inst_fifo_node_payld/gen_xpm_memory_fifo.inst_fifo/gen_mem_rep[0].inst_xpm_memory/xpm_memory_base_inst/gen_rd_b.doutb_reg_reg[26]/C
  -------------------------------------------------------------------    -------------------
    SLICE_X8Y5           FDRE (Prop_fdre_C_Q)         0.148     1.055 r  design_1_i/axi_smc/inst/s00_nodes/s00_r_node/inst/inst_mi_handler/gen_normal_area.inst_fifo_node_payld/gen_xpm_memory_fifo.inst_fifo/gen_mem_rep[0].inst_xpm_memory/xpm_memory_base_inst/gen_rd_b.doutb_reg_reg[26]/Q
                         net (fo=1, routed)           0.243     1.298    design_1_i/axi_vdma_0/U0/I_PRMRY_DATAMOVER/GEN_MM2S_FULL.I_MM2S_FULL_WRAPPER/GEN_INCLUDE_MM2S_SF.I_RD_SF/I_DATA_FIFO/BLK_MEM.I_SYNC_FIFOGEN_FIFO/xpm_fifo_instance.xpm_fifo_sync_inst/xpm_fifo_base_inst/gen_sdpram.xpm_memory_base_inst/dina[7]
    RAMB36_X0Y1          RAMB36E1                                     r  design_1_i/axi_vdma_0/U0/I_PRMRY_DATAMOVER/GEN_MM2S_FULL.I_MM2S_FULL_WRAPPER/GEN_INCLUDE_MM2S_SF.I_RD_SF/I_DATA_FIFO/BLK_MEM.I_SYNC_FIFOGEN_FIFO/xpm_fifo_instance.xpm_fifo_sync_inst/xpm_fifo_base_inst/gen_sdpram.xpm_memory_base_inst/gen_wr_a.gen_word_narrow.mem_reg/DIADI[7]
  -------------------------------------------------------------------    -------------------

                         (clock clk_fpga_1 rise edge)
                                                      0.000     0.000 r  
    PS7_X0Y0             PS7                          0.000     0.000 r  design_1_i/processing_system7_0/inst/PS7_i/FCLKCLK[1]
                         net (fo=1, routed)           0.341     0.341    design_1_i/processing_system7_0/inst/FCLK_CLK_unbuffered[1]
    BUFGCTRL_X0Y0        BUFG (Prop_bufg_I_O)         0.029     0.370 r  design_1_i/processing_system7_0/inst/buffer_fclk_clk_1.FCLK_CLK_1_BUFG/O
                         net (fo=2289, routed)        0.876     1.246    design_1_i/axi_vdma_0/U0/I_PRMRY_DATAMOVER/GEN_MM2S_FULL.I_MM2S_FULL_WRAPPER/GEN_INCLUDE_MM2S_SF.I_RD_SF/I_DATA_FIFO/BLK_MEM.I_SYNC_FIFOGEN_FIFO/xpm_fifo_instance.xpm_fifo_sync_inst/xpm_fifo_base_inst/gen_sdpram.xpm_memory_base_inst/clka
    RAMB36_X0Y1          RAMB36E1                                     r  design_1_i/axi_vdma_0/U0/I_PRMRY_DATAMOVER/GEN_MM2S_FULL.I_MM2S_FULL_WRAPPER/GEN_INCLUDE_MM2S_SF.I_RD_SF/I_DATA_FIFO/BLK_MEM.I_SYNC_FIFOGEN_FIFO/xpm_fifo_instance.xpm_fifo_sync_inst/xpm_fifo_base_inst/gen_sdpram.xpm_memory_base_inst/gen_wr_a.gen_word_narrow.mem_reg/CLKBWRCLK
                         clock pessimism             -0.262     0.984    
    RAMB36_X0Y1          RAMB36E1 (Hold_ramb36e1_CLKBWRCLK_DIADI[7])
                                                      0.242     1.226    design_1_i/axi_vdma_0/U0/I_PRMRY_DATAMOVER/GEN_MM2S_FULL.I_MM2S_FULL_WRAPPER/GEN_INCLUDE_MM2S_SF.I_RD_SF/I_DATA_FIFO/BLK_MEM.I_SYNC_FIFOGEN_FIFO/xpm_fifo_instance.xpm_fifo_sync_inst/xpm_fifo_base_inst/gen_sdpram.xpm_memory_base_inst/gen_wr_a.gen_word_narrow.mem_reg
  -------------------------------------------------------------------
                         required time                         -1.226    
                         arrival time                           1.298    
  -------------------------------------------------------------------
                         slack                                  0.072    

Slack (MET) :             0.077ns  (arrival time - required time)
  Source:                 design_1_i/axi_vdma_0/U0/I_PRMRY_DATAMOVER/GEN_MM2S_FULL.I_MM2S_FULL_WRAPPER/GEN_INCLUDE_MM2S_SF.I_RD_SF/I_DATA_FIFO/BLK_MEM.I_SYNC_FIFOGEN_FIFO/xpm_fifo_instance.xpm_fifo_sync_inst/xpm_fifo_base_inst/wrp_inst/count_value_i_reg[1]/C
                            (rising edge-triggered cell FDRE clocked by clk_fpga_1  {rise@0.000ns fall@3.500ns period=7.000ns})
  Destination:            design_1_i/axi_vdma_0/U0/I_PRMRY_DATAMOVER/GEN_MM2S_FULL.I_MM2S_FULL_WRAPPER/GEN_INCLUDE_MM2S_SF.I_RD_SF/I_DATA_FIFO/BLK_MEM.I_SYNC_FIFOGEN_FIFO/xpm_fifo_instance.xpm_fifo_sync_inst/xpm_fifo_base_inst/gen_sdpram.xpm_memory_base_inst/gen_wr_a.gen_word_narrow.mem_reg/ADDRBWRADDR[7]
                            (rising edge-triggered cell RAMB36E1 clocked by clk_fpga_1  {rise@0.000ns fall@3.500ns period=7.000ns})
  Path Group:             clk_fpga_1
  Path Type:              Hold (Min at Fast Process Corner)
  Requirement:            0.000ns  (clk_fpga_1 rise@0.000ns - clk_fpga_1 rise@0.000ns)
  Data Path Delay:        0.338ns  (logic 0.141ns (41.666%)  route 0.197ns (58.333%))
  Logic Levels:           0  
  Clock Path Skew:        0.078ns (DCD - SCD - CPR)
    Destination Clock Delay (DCD):    1.246ns
    Source Clock Delay      (SCD):    0.906ns
    Clock Pessimism Removal (CPR):    0.262ns

    Location             Delay type                Incr(ns)  Path(ns)    Netlist Resource(s)
  -------------------------------------------------------------------    -------------------
                         (clock clk_fpga_1 rise edge)
                                                      0.000     0.000 r  
    PS7_X0Y0             PS7                          0.000     0.000 r  design_1_i/processing_system7_0/inst/PS7_i/FCLKCLK[1]
                         net (fo=1, routed)           0.315     0.315    design_1_i/processing_system7_0/inst/FCLK_CLK_unbuffered[1]
    BUFGCTRL_X0Y0        BUFG (Prop_bufg_I_O)         0.026     0.341 r  design_1_i/processing_system7_0/inst/buffer_fclk_clk_1.FCLK_CLK_1_BUFG/O
                         net (fo=2289, routed)        0.565     0.906    design_1_i/axi_vdma_0/U0/I_PRMRY_DATAMOVER/GEN_MM2S_FULL.I_MM2S_FULL_WRAPPER/GEN_INCLUDE_MM2S_SF.I_RD_SF/I_DATA_FIFO/BLK_MEM.I_SYNC_FIFOGEN_FIFO/xpm_fifo_instance.xpm_fifo_sync_inst/xpm_fifo_base_inst/wrp_inst/wr_clk
    SLICE_X9Y8           FDRE                                         r  design_1_i/axi_vdma_0/U0/I_PRMRY_DATAMOVER/GEN_MM2S_FULL.I_MM2S_FULL_WRAPPER/GEN_INCLUDE_MM2S_SF.I_RD_SF/I_DATA_FIFO/BLK_MEM.I_SYNC_FIFOGEN_FIFO/xpm_fifo_instance.xpm_fifo_sync_inst/xpm_fifo_base_inst/wrp_inst/count_value_i_reg[1]/C
  -------------------------------------------------------------------    -------------------
    SLICE_X9Y8           FDRE (Prop_fdre_C_Q)         0.141     1.047 r  design_1_i/axi_vdma_0/U0/I_PRMRY_DATAMOVER/GEN_MM2S_FULL.I_MM2S_FULL_WRAPPER/GEN_INCLUDE_MM2S_SF.I_RD_SF/I_DATA_FIFO/BLK_MEM.I_SYNC_FIFOGEN_FIFO/xpm_fifo_instance.xpm_fifo_sync_inst/xpm_fifo_base_inst/wrp_inst/count_value_i_reg[1]/Q
                         net (fo=12, routed)          0.197     1.244    design_1_i/axi_vdma_0/U0/I_PRMRY_DATAMOVER/GEN_MM2S_FULL.I_MM2S_FULL_WRAPPER/GEN_INCLUDE_MM2S_SF.I_RD_SF/I_DATA_FIFO/BLK_MEM.I_SYNC_FIFOGEN_FIFO/xpm_fifo_instance.xpm_fifo_sync_inst/xpm_fifo_base_inst/gen_sdpram.xpm_memory_base_inst/addra[1]
    RAMB36_X0Y1          RAMB36E1                                     r  design_1_i/axi_vdma_0/U0/I_PRMRY_DATAMOVER/GEN_MM2S_FULL.I_MM2S_FULL_WRAPPER/GEN_INCLUDE_MM2S_SF.I_RD_SF/I_DATA_FIFO/BLK_MEM.I_SYNC_FIFOGEN_FIFO/xpm_fifo_instance.xpm_fifo_sync_inst/xpm_fifo_base_inst/gen_sdpram.xpm_memory_base_inst/gen_wr_a.gen_word_narrow.mem_reg/ADDRBWRADDR[7]
  -------------------------------------------------------------------    -------------------

                         (clock clk_fpga_1 rise edge)
                                                      0.000     0.000 r  
    PS7_X0Y0             PS7                          0.000     0.000 r  design_1_i/processing_system7_0/inst/PS7_i/FCLKCLK[1]
                         net (fo=1, routed)           0.341     0.341    design_1_i/processing_system7_0/inst/FCLK_CLK_unbuffered[1]
    BUFGCTRL_X0Y0        BUFG (Prop_bufg_I_O)         0.029     0.370 r  design_1_i/processing_system7_0/inst/buffer_fclk_clk_1.FCLK_CLK_1_BUFG/O
                         net (fo=2289, routed)        0.876     1.246    design_1_i/axi_vdma_0/U0/I_PRMRY_DATAMOVER/GEN_MM2S_FULL.I_MM2S_FULL_WRAPPER/GEN_INCLUDE_MM2S_SF.I_RD_SF/I_DATA_FIFO/BLK_MEM.I_SYNC_FIFOGEN_FIFO/xpm_fifo_instance.xpm_fifo_sync_inst/xpm_fifo_base_inst/gen_sdpram.xpm_memory_base_inst/clka
    RAMB36_X0Y1          RAMB36E1                                     r  design_1_i/axi_vdma_0/U0/I_PRMRY_DATAMOVER/GEN_MM2S_FULL.I_MM2S_FULL_WRAPPER/GEN_INCLUDE_MM2S_SF.I_RD_SF/I_DATA_FIFO/BLK_MEM.I_SYNC_FIFOGEN_FIFO/xpm_fifo_instance.xpm_fifo_sync_inst/xpm_fifo_base_inst/gen_sdpram.xpm_memory_base_inst/gen_wr_a.gen_word_narrow.mem_reg/CLKBWRCLK
                         clock pessimism             -0.262     0.984    
    RAMB36_X0Y1          RAMB36E1 (Hold_ramb36e1_CLKBWRCLK_ADDRBWRADDR[7])
                                                      0.183     1.167    design_1_i/axi_vdma_0/U0/I_PRMRY_DATAMOVER/GEN_MM2S_FULL.I_MM2S_FULL_WRAPPER/GEN_INCLUDE_MM2S_SF.I_RD_SF/I_DATA_FIFO/BLK_MEM.I_SYNC_FIFOGEN_FIFO/xpm_fifo_instance.xpm_fifo_sync_inst/xpm_fifo_base_inst/gen_sdpram.xpm_memory_base_inst/gen_wr_a.gen_word_narrow.mem_reg
  -------------------------------------------------------------------
                         required time                         -1.167    
                         arrival time                           1.244    
  -------------------------------------------------------------------
                         slack                                  0.077    

Slack (MET) :             0.088ns  (arrival time - required time)
  Source:                 design_1_i/axi_vdma_0/U0/AXI_LITE_REG_INTERFACE_I/GEN_AXI_LITE_IF.AXI_LITE_IF_I/GEN_LITE_IS_ASYNC.GEN_MM2S_ONLY_ASYNC_LITE_ACCESS.mm2s_axi2ip_wrdata_cdc_tig_reg[28]/C
                            (rising edge-triggered cell FDRE clocked by clk_fpga_1  {rise@0.000ns fall@3.500ns period=7.000ns})
  Destination:            design_1_i/axi_vdma_0/U0/GEN_SPRT_FOR_MM2S.MM2S_REGISTER_MODULE_I/GEN_REG_DIRECT_MODE.REGDIRECT_I/GEN_NUM_FSTORES_3.reg_module_start_address1_i_reg[28]/D
                            (rising edge-triggered cell FDRE clocked by clk_fpga_1  {rise@0.000ns fall@3.500ns period=7.000ns})
  Path Group:             clk_fpga_1
  Path Type:              Hold (Min at Fast Process Corner)
  Requirement:            0.000ns  (clk_fpga_1 rise@0.000ns - clk_fpga_1 rise@0.000ns)
  Data Path Delay:        0.428ns  (logic 0.141ns (32.927%)  route 0.287ns (67.073%))
  Logic Levels:           0  
  Clock Path Skew:        0.265ns (DCD - SCD - CPR)
    Destination Clock Delay (DCD):    1.199ns
    Source Clock Delay      (SCD):    0.900ns
    Clock Pessimism Removal (CPR):    0.034ns

    Location             Delay type                Incr(ns)  Path(ns)    Netlist Resource(s)
  -------------------------------------------------------------------    -------------------
                         (clock clk_fpga_1 rise edge)
                                                      0.000     0.000 r  
    PS7_X0Y0             PS7                          0.000     0.000 r  design_1_i/processing_system7_0/inst/PS7_i/FCLKCLK[1]
                         net (fo=1, routed)           0.315     0.315    design_1_i/processing_system7_0/inst/FCLK_CLK_unbuffered[1]
    BUFGCTRL_X0Y0        BUFG (Prop_bufg_I_O)         0.026     0.341 r  design_1_i/processing_system7_0/inst/buffer_fclk_clk_1.FCLK_CLK_1_BUFG/O
                         net (fo=2289, routed)        0.559     0.900    design_1_i/axi_vdma_0/U0/AXI_LITE_REG_INTERFACE_I/GEN_AXI_LITE_IF.AXI_LITE_IF_I/m_axi_mm2s_aclk
    SLICE_X22Y41         FDRE                                         r  design_1_i/axi_vdma_0/U0/AXI_LITE_REG_INTERFACE_I/GEN_AXI_LITE_IF.AXI_LITE_IF_I/GEN_LITE_IS_ASYNC.GEN_MM2S_ONLY_ASYNC_LITE_ACCESS.mm2s_axi2ip_wrdata_cdc_tig_reg[28]/C
  -------------------------------------------------------------------    -------------------
    SLICE_X22Y41         FDRE (Prop_fdre_C_Q)         0.141     1.041 r  design_1_i/axi_vdma_0/U0/AXI_LITE_REG_INTERFACE_I/GEN_AXI_LITE_IF.AXI_LITE_IF_I/GEN_LITE_IS_ASYNC.GEN_MM2S_ONLY_ASYNC_LITE_ACCESS.mm2s_axi2ip_wrdata_cdc_tig_reg[28]/Q
                         net (fo=5, routed)           0.287     1.328    design_1_i/axi_vdma_0/U0/GEN_SPRT_FOR_MM2S.MM2S_REGISTER_MODULE_I/GEN_REG_DIRECT_MODE.REGDIRECT_I/D[28]
    SLICE_X19Y38         FDRE                                         r  design_1_i/axi_vdma_0/U0/GEN_SPRT_FOR_MM2S.MM2S_REGISTER_MODULE_I/GEN_REG_DIRECT_MODE.REGDIRECT_I/GEN_NUM_FSTORES_3.reg_module_start_address1_i_reg[28]/D
  -------------------------------------------------------------------    -------------------

                         (clock clk_fpga_1 rise edge)
                                                      0.000     0.000 r  
    PS7_X0Y0             PS7                          0.000     0.000 r  design_1_i/processing_system7_0/inst/PS7_i/FCLKCLK[1]
                         net (fo=1, routed)           0.341     0.341    design_1_i/processing_system7_0/inst/FCLK_CLK_unbuffered[1]
    BUFGCTRL_X0Y0        BUFG (Prop_bufg_I_O)         0.029     0.370 r  design_1_i/processing_system7_0/inst/buffer_fclk_clk_1.FCLK_CLK_1_BUFG/O
                         net (fo=2289, routed)        0.829     1.199    design_1_i/axi_vdma_0/U0/GEN_SPRT_FOR_MM2S.MM2S_REGISTER_MODULE_I/GEN_REG_DIRECT_MODE.REGDIRECT_I/m_axi_mm2s_aclk
    SLICE_X19Y38         FDRE                                         r  design_1_i/axi_vdma_0/U0/GEN_SPRT_FOR_MM2S.MM2S_REGISTER_MODULE_I/GEN_REG_DIRECT_MODE.REGDIRECT_I/GEN_NUM_FSTORES_3.reg_module_start_address1_i_reg[28]/C
                         clock pessimism             -0.034     1.165    
    SLICE_X19Y38         FDRE (Hold_fdre_C_D)         0.075     1.240    design_1_i/axi_vdma_0/U0/GEN_SPRT_FOR_MM2S.MM2S_REGISTER_MODULE_I/GEN_REG_DIRECT_MODE.REGDIRECT_I/GEN_NUM_FSTORES_3.reg_module_start_address1_i_reg[28]
  -------------------------------------------------------------------
                         required time                         -1.240    
                         arrival time                           1.328    
  -------------------------------------------------------------------
                         slack                                  0.088    





Pulse Width Checks
--------------------------------------------------------------------------------------
Clock Name:         clk_fpga_1
Waveform(ns):       { 0.000 3.500 }
Period(ns):         7.000
Sources:            { design_1_i/processing_system7_0/inst/PS7_i/FCLKCLK[1] }

Check Type        Corner  Lib Pin             Reference Pin  Required(ns)  Actual(ns)  Slack(ns)  Location      Pin
Min Period        n/a     RAMB36E1/CLKARDCLK  n/a            2.944         7.000       4.056      RAMB36_X0Y3   design_1_i/axi_vdma_0/U0/GEN_SPRT_FOR_MM2S.MM2S_LINEBUFFER_I/GEN_LINEBUF_NO_SOF.GEN_LINEBUFFER.GEN_SYNC_FIFO.I_LINEBUFFER_FIFO/xpm_fifo_sync_inst/xpm_fifo_base_inst/gen_sdpram.xpm_memory_base_inst/gen_wr_a.gen_word_narrow.mem_reg_0/CLKARDCLK
Min Period        n/a     RAMB36E1/CLKARDCLK  n/a            2.944         7.000       4.056      RAMB36_X0Y2   design_1_i/axi_vdma_0/U0/GEN_SPRT_FOR_MM2S.MM2S_LINEBUFFER_I/GEN_LINEBUF_NO_SOF.GEN_LINEBUFFER.GEN_SYNC_FIFO.I_LINEBUFFER_FIFO/xpm_fifo_sync_inst/xpm_fifo_base_inst/gen_sdpram.xpm_memory_base_inst/gen_wr_a.gen_word_narrow.mem_reg_1/CLKARDCLK
Min Period        n/a     RAMB36E1/CLKARDCLK  n/a            2.944         7.000       4.056      RAMB36_X0Y0   design_1_i/axi_vdma_0/U0/GEN_SPRT_FOR_MM2S.MM2S_LINEBUFFER_I/GEN_LINEBUF_NO_SOF.GEN_LINEBUFFER.GEN_SYNC_FIFO.I_LINEBUFFER_FIFO/xpm_fifo_sync_inst/xpm_fifo_base_inst/gen_sdpram.xpm_memory_base_inst/gen_wr_a.gen_word_narrow.mem_reg_2/CLKARDCLK
Min Period        n/a     RAMB36E1/CLKARDCLK  n/a            2.944         7.000       4.056      RAMB36_X0Y4   design_1_i/axi_vdma_0/U0/GEN_SPRT_FOR_MM2S.MM2S_LINEBUFFER_I/GEN_LINEBUF_NO_SOF.GEN_LINEBUFFER.GEN_SYNC_FIFO.I_LINEBUFFER_FIFO/xpm_fifo_sync_inst/xpm_fifo_base_inst/gen_sdpram.xpm_memory_base_inst/gen_wr_a.gen_word_narrow.mem_reg_3/CLKARDCLK
Min Period        n/a     RAMB18E1/CLKARDCLK  n/a            2.944         7.000       4.056      RAMB18_X1Y12  design_1_i/axis_sobel_0/inst/line2_reg/CLKARDCLK
Min Period        n/a     RAMB36E1/CLKBWRCLK  n/a            2.576         7.000       4.424      RAMB36_X0Y3   design_1_i/axi_vdma_0/U0/GEN_SPRT_FOR_MM2S.MM2S_LINEBUFFER_I/GEN_LINEBUF_NO_SOF.GEN_LINEBUFFER.GEN_SYNC_FIFO.I_LINEBUFFER_FIFO/xpm_fifo_sync_inst/xpm_fifo_base_inst/gen_sdpram.xpm_memory_base_inst/gen_wr_a.gen_word_narrow.mem_reg_0/CLKBWRCLK
Min Period        n/a     RAMB36E1/CLKBWRCLK  n/a            2.576         7.000       4.424      RAMB36_X0Y2   design_1_i/axi_vdma_0/U0/GEN_SPRT_FOR_MM2S.MM2S_LINEBUFFER_I/GEN_LINEBUF_NO_SOF.GEN_LINEBUFFER.GEN_SYNC_FIFO.I_LINEBUFFER_FIFO/xpm_fifo_sync_inst/xpm_fifo_base_inst/gen_sdpram.xpm_memory_base_inst/gen_wr_a.gen_word_narrow.mem_reg_1/CLKBWRCLK
Min Period        n/a     RAMB36E1/CLKBWRCLK  n/a            2.576         7.000       4.424      RAMB36_X0Y0   design_1_i/axi_vdma_0/U0/GEN_SPRT_FOR_MM2S.MM2S_LINEBUFFER_I/GEN_LINEBUF_NO_SOF.GEN_LINEBUFFER.GEN_SYNC_FIFO.I_LINEBUFFER_FIFO/xpm_fifo_sync_inst/xpm_fifo_base_inst/gen_sdpram.xpm_memory_base_inst/gen_wr_a.gen_word_narrow.mem_reg_2/CLKBWRCLK
Min Period        n/a     RAMB36E1/CLKBWRCLK  n/a            2.576         7.000       4.424      RAMB36_X0Y4   design_1_i/axi_vdma_0/U0/GEN_SPRT_FOR_MM2S.MM2S_LINEBUFFER_I/GEN_LINEBUF_NO_SOF.GEN_LINEBUFFER.GEN_SYNC_FIFO.I_LINEBUFFER_FIFO/xpm_fifo_sync_inst/xpm_fifo_base_inst/gen_sdpram.xpm_memory_base_inst/gen_wr_a.gen_word_narrow.mem_reg_3/CLKBWRCLK
Min Period        n/a     RAMB36E1/CLKARDCLK  n/a            2.576         7.000       4.424      RAMB36_X0Y1   design_1_i/axi_vdma_0/U0/I_PRMRY_DATAMOVER/GEN_MM2S_FULL.I_MM2S_FULL_WRAPPER/GEN_INCLUDE_MM2S_SF.I_RD_SF/I_DATA_FIFO/BLK_MEM.I_SYNC_FIFOGEN_FIFO/xpm_fifo_instance.xpm_fifo_sync_inst/xpm_fifo_base_inst/gen_sdpram.xpm_memory_base_inst/gen_wr_a.gen_word_narrow.mem_reg/CLKARDCLK
Low Pulse Width   Slow    RAMD32/CLK          n/a            1.250         3.500       2.250      SLICE_X12Y2   design_1_i/axi_smc/inst/s00_nodes/s00_ar_node/inst/inst_mi_handler/gen_normal_area.inst_fifo_node_payld/gen_xpm_memory_fifo.inst_fifo/gen_mem_rep[0].inst_xpm_memory/xpm_memory_base_inst/gen_wr_a.gen_word_narrow.mem_reg_0_31_0_5/RAMA/CLK
Low Pulse Width   Fast    RAMD32/CLK          n/a            1.250         3.500       2.250      SLICE_X12Y2   design_1_i/axi_smc/inst/s00_nodes/s00_ar_node/inst/inst_mi_handler/gen_normal_area.inst_fifo_node_payld/gen_xpm_memory_fifo.inst_fifo/gen_mem_rep[0].inst_xpm_memory/xpm_memory_base_inst/gen_wr_a.gen_word_narrow.mem_reg_0_31_0_5/RAMA/CLK
Low Pulse Width   Slow    RAMD32/CLK          n/a            1.250         3.500       2.250      SLICE_X12Y2   design_1_i/axi_smc/inst/s00_nodes/s00_ar_node/inst/inst_mi_handler/gen_normal_area.inst_fifo_node_payld/gen_xpm_memory_fifo.inst_fifo/gen_mem_rep[0].inst_xpm_memory/xpm_memory_base_inst/gen_wr_a.gen_word_narrow.mem_reg_0_31_0_5/RAMA_D1/CLK
Low Pulse Width   Fast    RAMD32/CLK          n/a            1.250         3.500       2.250      SLICE_X12Y2   design_1_i/axi_smc/inst/s00_nodes/s00_ar_node/inst/inst_mi_handler/gen_normal_area.inst_fifo_node_payld/gen_xpm_memory_fifo.inst_fifo/gen_mem_rep[0].inst_xpm_memory/xpm_memory_base_inst/gen_wr_a.gen_word_narrow.mem_reg_0_31_0_5/RAMA_D1/CLK
Low Pulse Width   Slow    RAMD32/CLK          n/a            1.250         3.500       2.250      SLICE_X12Y2   design_1_i/axi_smc/inst/s00_nodes/s00_ar_node/inst/inst_mi_handler/gen_normal_area.inst_fifo_node_payld/gen_xpm_memory_fifo.inst_fifo/gen_mem_rep[0].inst_xpm_memory/xpm_memory_base_inst/gen_wr_a.gen_word_narrow.mem_reg_0_31_0_5/RAMB/CLK
Low Pulse Width   Fast    RAMD32/CLK          n/a            1.250         3.500       2.250      SLICE_X12Y2   design_1_i/axi_smc/inst/s00_nodes/s00_ar_node/inst/inst_mi_handler/gen_normal_area.inst_fifo_node_payld/gen_xpm_memory_fifo.inst_fifo/gen_mem_rep[0].inst_xpm_memory/xpm_memory_base_inst/gen_wr_a.gen_word_narrow.mem_reg_0_31_0_5/RAMB/CLK
Low Pulse Width   Slow    RAMD32/CLK          n/a            1.250         3.500       2.250      SLICE_X12Y2   design_1_i/axi_smc/inst/s00_nodes/s00_ar_node/inst/inst_mi_handler/gen_normal_area.inst_fifo_node_payld/gen_xpm_memory_fifo.inst_fifo/gen_mem_rep[0].inst_xpm_memory/xpm_memory_base_inst/gen_wr_a.gen_word_narrow.mem_reg_0_31_0_5/RAMB_D1/CLK
Low Pulse Width   Fast    RAMD32/CLK          n/a            1.250         3.500       2.250      SLICE_X12Y2   design_1_i/axi_smc/inst/s00_nodes/s00_ar_node/inst/inst_mi_handler/gen_normal_area.inst_fifo_node_payld/gen_xpm_memory_fifo.inst_fifo/gen_mem_rep[0].inst_xpm_memory/xpm_memory_base_inst/gen_wr_a.gen_word_narrow.mem_reg_0_31_0_5/RAMB_D1/CLK
Low Pulse Width   Slow    RAMD32/CLK          n/a            1.250         3.500       2.250      SLICE_X12Y2   design_1_i/axi_smc/inst/s00_nodes/s00_ar_node/inst/inst_mi_handler/gen_normal_area.inst_fifo_node_payld/gen_xpm_memory_fifo.inst_fifo/gen_mem_rep[0].inst_xpm_memory/xpm_memory_base_inst/gen_wr_a.gen_word_narrow.mem_reg_0_31_0_5/RAMC/CLK
Low Pulse Width   Fast    RAMD32/CLK          n/a            1.250         3.500       2.250      SLICE_X12Y2   design_1_i/axi_smc/inst/s00_nodes/s00_ar_node/inst/inst_mi_handler/gen_normal_area.inst_fifo_node_payld/gen_xpm_memory_fifo.inst_fifo/gen_mem_rep[0].inst_xpm_memory/xpm_memory_base_inst/gen_wr_a.gen_word_narrow.mem_reg_0_31_0_5/RAMC/CLK
High Pulse Width  Slow    RAMD32/CLK          n/a            1.250         3.500       2.250      SLICE_X12Y2   design_1_i/axi_smc/inst/s00_nodes/s00_ar_node/inst/inst_mi_handler/gen_normal_area.inst_fifo_node_payld/gen_xpm_memory_fifo.inst_fifo/gen_mem_rep[0].inst_xpm_memory/xpm_memory_base_inst/gen_wr_a.gen_word_narrow.mem_reg_0_31_0_5/RAMA/CLK
High Pulse Width  Fast    RAMD32/CLK          n/a            1.250         3.500       2.250      SLICE_X12Y2   design_1_i/axi_smc/inst/s00_nodes/s00_ar_node/inst/inst_mi_handler/gen_normal_area.inst_fifo_node_payld/gen_xpm_memory_fifo.inst_fifo/gen_mem_rep[0].inst_xpm_memory/xpm_memory_base_inst/gen_wr_a.gen_word_narrow.mem_reg_0_31_0_5/RAMA/CLK
High Pulse Width  Slow    RAMD32/CLK          n/a            1.250         3.500       2.250      SLICE_X12Y2   design_1_i/axi_smc/inst/s00_nodes/s00_ar_node/inst/inst_mi_handler/gen_normal_area.inst_fifo_node_payld/gen_xpm_memory_fifo.inst_fifo/gen_mem_rep[0].inst_xpm_memory/xpm_memory_base_inst/gen_wr_a.gen_word_narrow.mem_reg_0_31_0_5/RAMA_D1/CLK
High Pulse Width  Fast    RAMD32/CLK          n/a            1.250         3.500       2.250      SLICE_X12Y2   design_1_i/axi_smc/inst/s00_nodes/s00_ar_node/inst/inst_mi_handler/gen_normal_area.inst_fifo_node_payld/gen_xpm_memory_fifo.inst_fifo/gen_mem_rep[0].inst_xpm_memory/xpm_memory_base_inst/gen_wr_a.gen_word_narrow.mem_reg_0_31_0_5/RAMA_D1/CLK
High Pulse Width  Slow    RAMD32/CLK          n/a            1.250         3.500       2.250      SLICE_X12Y2   design_1_i/axi_smc/inst/s00_nodes/s00_ar_node/inst/inst_mi_handler/gen_normal_area.inst_fifo_node_payld/gen_xpm_memory_fifo.inst_fifo/gen_mem_rep[0].inst_xpm_memory/xpm_memory_base_inst/gen_wr_a.gen_word_narrow.mem_reg_0_31_0_5/RAMB/CLK
High Pulse Width  Fast    RAMD32/CLK          n/a            1.250         3.500       2.250      SLICE_X12Y2   design_1_i/axi_smc/inst/s00_nodes/s00_ar_node/inst/inst_mi_handler/gen_normal_area.inst_fifo_node_payld/gen_xpm_memory_fifo.inst_fifo/gen_mem_rep[0].inst_xpm_memory/xpm_memory_base_inst/gen_wr_a.gen_word_narrow.mem_reg_0_31_0_5/RAMB/CLK
High Pulse Width  Slow    RAMD32/CLK          n/a            1.250         3.500       2.250      SLICE_X12Y2   design_1_i/axi_smc/inst/s00_nodes/s00_ar_node/inst/inst_mi_handler/gen_normal_area.inst_fifo_node_payld/gen_xpm_memory_fifo.inst_fifo/gen_mem_rep[0].inst_xpm_memory/xpm_memory_base_inst/gen_wr_a.gen_word_narrow.mem_reg_0_31_0_5/RAMB_D1/CLK
High Pulse Width  Fast    RAMD32/CLK          n/a            1.250         3.500       2.250      SLICE_X12Y2   design_1_i/axi_smc/inst/s00_nodes/s00_ar_node/inst/inst_mi_handler/gen_normal_area.inst_fifo_node_payld/gen_xpm_memory_fifo.inst_fifo/gen_mem_rep[0].inst_xpm_memory/xpm_memory_base_inst/gen_wr_a.gen_word_narrow.mem_reg_0_31_0_5/RAMB_D1/CLK
High Pulse Width  Slow    RAMD32/CLK          n/a            1.250         3.500       2.250      SLICE_X12Y2   design_1_i/axi_smc/inst/s00_nodes/s00_ar_node/inst/inst_mi_handler/gen_normal_area.inst_fifo_node_payld/gen_xpm_memory_fifo.inst_fifo/gen_mem_rep[0].inst_xpm_memory/xpm_memory_base_inst/gen_wr_a.gen_word_narrow.mem_reg_0_31_0_5/RAMC/CLK
High Pulse Width  Fast    RAMD32/CLK          n/a            1.250         3.500       2.250      SLICE_X12Y2   design_1_i/axi_smc/inst/s00_nodes/s00_ar_node/inst/inst_mi_handler/gen_normal_area.inst_fifo_node_payld/gen_xpm_memory_fifo.inst_fifo/gen_mem_rep[0].inst_xpm_memory/xpm_memory_base_inst/gen_wr_a.gen_word_narrow.mem_reg_0_31_0_5/RAMC/CLK



---------------------------------------------------------------------------------------------------
From Clock:  axi_dynclk_0_PXL_CLK_O
  To Clock:  clk_fpga_0

Setup :            0  Failing Endpoints,  Worst Slack        7.781ns,  Total Violation        0.000ns
Hold  :           NA  Failing Endpoints,  Worst Slack           NA  ,  Total Violation           NA
---------------------------------------------------------------------------------------------------


Max Delay Paths
--------------------------------------------------------------------------------------
Slack (MET) :             7.781ns  (required time - arrival time)
  Source:                 design_1_i/v_tc_0/U0/U_VIDEO_CTRL/AXI4_LITE_INTERFACE.ipif_RdData_reg[5]/C
                            (rising edge-triggered cell FDRE clocked by axi_dynclk_0_PXL_CLK_O  {rise@0.000ns fall@4.000ns period=10.000ns})
  Destination:            design_1_i/v_tc_0/U0/U_VIDEO_CTRL/AXI4_LITE_INTERFACE.SYNC2PROCCLK_I/data_sync_reg[0][5]/D
                            (rising edge-triggered cell FDRE clocked by clk_fpga_0  {rise@0.000ns fall@5.000ns period=10.000ns})
  Path Group:             clk_fpga_0
  Path Type:              Setup (Max at Slow Process Corner)
  Requirement:            10.000ns  (MaxDelay Path 10.000ns)
  Data Path Delay:        2.126ns  (logic 0.518ns (24.365%)  route 1.608ns (75.635%))
  Logic Levels:           0  
  Timing Exception:       MaxDelay Path 10.000ns -datapath_only

    Location             Delay type                Incr(ns)  Path(ns)    Netlist Resource(s)
  -------------------------------------------------------------------    -------------------
    SLICE_X32Y81                                      0.000     0.000 r  design_1_i/v_tc_0/U0/U_VIDEO_CTRL/AXI4_LITE_INTERFACE.ipif_RdData_reg[5]/C
    SLICE_X32Y81         FDRE (Prop_fdre_C_Q)         0.518     0.518 r  design_1_i/v_tc_0/U0/U_VIDEO_CTRL/AXI4_LITE_INTERFACE.ipif_RdData_reg[5]/Q
                         net (fo=1, routed)           1.608     2.126    design_1_i/v_tc_0/U0/U_VIDEO_CTRL/AXI4_LITE_INTERFACE.SYNC2PROCCLK_I/in_data[5]
    SLICE_X18Y61         FDRE                                         r  design_1_i/v_tc_0/U0/U_VIDEO_CTRL/AXI4_LITE_INTERFACE.SYNC2PROCCLK_I/data_sync_reg[0][5]/D
  -------------------------------------------------------------------    -------------------

                         max delay                   10.000    10.000    
    SLICE_X18Y61         FDRE (Setup_fdre_C_D)       -0.093     9.907    design_1_i/v_tc_0/U0/U_VIDEO_CTRL/AXI4_LITE_INTERFACE.SYNC2PROCCLK_I/data_sync_reg[0][5]
  -------------------------------------------------------------------
                         required time                          9.907    
                         arrival time                          -2.126    
  -------------------------------------------------------------------
                         slack                                  7.781    

Slack (MET) :             7.792ns  (required time - arrival time)
  Source:                 design_1_i/v_tc_0/U0/U_VIDEO_CTRL/AXI4_LITE_INTERFACE.ipif_RdData_reg[6]/C
                            (rising edge-triggered cell FDRE clocked by axi_dynclk_0_PXL_CLK_O  {rise@0.000ns fall@4.000ns period=10.000ns})
  Destination:            design_1_i/v_tc_0/U0/U_VIDEO_CTRL/AXI4_LITE_INTERFACE.SYNC2PROCCLK_I/data_sync_reg[0][6]/D
                            (rising edge-triggered cell FDRE clocked by clk_fpga_0  {rise@0.000ns fall@5.000ns period=10.000ns})
  Path Group:             clk_fpga_0
  Path Type:              Setup (Max at Slow Process Corner)
  Requirement:            10.000ns  (MaxDelay Path 10.000ns)
  Data Path Delay:        2.161ns  (logic 0.518ns (23.970%)  route 1.643ns (76.030%))
  Logic Levels:           0  
  Timing Exception:       MaxDelay Path 10.000ns -datapath_only

    Location             Delay type                Incr(ns)  Path(ns)    Netlist Resource(s)
  -------------------------------------------------------------------    -------------------
    SLICE_X34Y83                                      0.000     0.000 r  design_1_i/v_tc_0/U0/U_VIDEO_CTRL/AXI4_LITE_INTERFACE.ipif_RdData_reg[6]/C
    SLICE_X34Y83         FDRE (Prop_fdre_C_Q)         0.518     0.518 r  design_1_i/v_tc_0/U0/U_VIDEO_CTRL/AXI4_LITE_INTERFACE.ipif_RdData_reg[6]/Q
                         net (fo=1, routed)           1.643     2.161    design_1_i/v_tc_0/U0/U_VIDEO_CTRL/AXI4_LITE_INTERFACE.SYNC2PROCCLK_I/in_data[6]
    SLICE_X20Y56         FDRE                                         r  design_1_i/v_tc_0/U0/U_VIDEO_CTRL/AXI4_LITE_INTERFACE.SYNC2PROCCLK_I/data_sync_reg[0][6]/D
  -------------------------------------------------------------------    -------------------

                         max delay                   10.000    10.000    
    SLICE_X20Y56         FDRE (Setup_fdre_C_D)       -0.047     9.953    design_1_i/v_tc_0/U0/U_VIDEO_CTRL/AXI4_LITE_INTERFACE.SYNC2PROCCLK_I/data_sync_reg[0][6]
  -------------------------------------------------------------------
                         required time                          9.953    
                         arrival time                          -2.161    
  -------------------------------------------------------------------
                         slack                                  7.792    

Slack (MET) :             7.819ns  (required time - arrival time)
  Source:                 design_1_i/v_tc_0/U0/U_VIDEO_CTRL/AXI4_LITE_INTERFACE.ipif_RdData_reg[21]/C
                            (rising edge-triggered cell FDRE clocked by axi_dynclk_0_PXL_CLK_O  {rise@0.000ns fall@4.000ns period=10.000ns})
  Destination:            design_1_i/v_tc_0/U0/U_VIDEO_CTRL/AXI4_LITE_INTERFACE.SYNC2PROCCLK_I/data_sync_reg[0][21]/D
                            (rising edge-triggered cell FDRE clocked by clk_fpga_0  {rise@0.000ns fall@5.000ns period=10.000ns})
  Path Group:             clk_fpga_0
  Path Type:              Setup (Max at Slow Process Corner)
  Requirement:            10.000ns  (MaxDelay Path 10.000ns)
  Data Path Delay:        2.134ns  (logic 0.518ns (24.271%)  route 1.616ns (75.729%))
  Logic Levels:           0  
  Timing Exception:       MaxDelay Path 10.000ns -datapath_only

    Location             Delay type                Incr(ns)  Path(ns)    Netlist Resource(s)
  -------------------------------------------------------------------    -------------------
    SLICE_X30Y86                                      0.000     0.000 r  design_1_i/v_tc_0/U0/U_VIDEO_CTRL/AXI4_LITE_INTERFACE.ipif_RdData_reg[21]/C
    SLICE_X30Y86         FDRE (Prop_fdre_C_Q)         0.518     0.518 r  design_1_i/v_tc_0/U0/U_VIDEO_CTRL/AXI4_LITE_INTERFACE.ipif_RdData_reg[21]/Q
                         net (fo=1, routed)           1.616     2.134    design_1_i/v_tc_0/U0/U_VIDEO_CTRL/AXI4_LITE_INTERFACE.SYNC2PROCCLK_I/in_data[21]
    SLICE_X16Y60         FDRE                                         r  design_1_i/v_tc_0/U0/U_VIDEO_CTRL/AXI4_LITE_INTERFACE.SYNC2PROCCLK_I/data_sync_reg[0][21]/D
  -------------------------------------------------------------------    -------------------

                         max delay                   10.000    10.000    
    SLICE_X16Y60         FDRE (Setup_fdre_C_D)       -0.047     9.953    design_1_i/v_tc_0/U0/U_VIDEO_CTRL/AXI4_LITE_INTERFACE.SYNC2PROCCLK_I/data_sync_reg[0][21]
  -------------------------------------------------------------------
                         required time                          9.953    
                         arrival time                          -2.134    
  -------------------------------------------------------------------
                         slack                                  7.819    

Slack (MET) :             7.824ns  (required time - arrival time)
  Source:                 design_1_i/v_tc_0/U0/U_VIDEO_CTRL/AXI4_LITE_INTERFACE.ipif_RdData_reg[4]/C
                            (rising edge-triggered cell FDRE clocked by axi_dynclk_0_PXL_CLK_O  {rise@0.000ns fall@4.000ns period=10.000ns})
  Destination:            design_1_i/v_tc_0/U0/U_VIDEO_CTRL/AXI4_LITE_INTERFACE.SYNC2PROCCLK_I/data_sync_reg[0][4]/D
                            (rising edge-triggered cell FDRE clocked by clk_fpga_0  {rise@0.000ns fall@5.000ns period=10.000ns})
  Path Group:             clk_fpga_0
  Path Type:              Setup (Max at Slow Process Corner)
  Requirement:            10.000ns  (MaxDelay Path 10.000ns)
  Data Path Delay:        2.133ns  (logic 0.518ns (24.290%)  route 1.615ns (75.710%))
  Logic Levels:           0  
  Timing Exception:       MaxDelay Path 10.000ns -datapath_only

    Location             Delay type                Incr(ns)  Path(ns)    Netlist Resource(s)
  -------------------------------------------------------------------    -------------------
    SLICE_X34Y83                                      0.000     0.000 r  design_1_i/v_tc_0/U0/U_VIDEO_CTRL/AXI4_LITE_INTERFACE.ipif_RdData_reg[4]/C
    SLICE_X34Y83         FDRE (Prop_fdre_C_Q)         0.518     0.518 r  design_1_i/v_tc_0/U0/U_VIDEO_CTRL/AXI4_LITE_INTERFACE.ipif_RdData_reg[4]/Q
                         net (fo=1, routed)           1.615     2.133    design_1_i/v_tc_0/U0/U_VIDEO_CTRL/AXI4_LITE_INTERFACE.SYNC2PROCCLK_I/in_data[4]
    SLICE_X16Y60         FDRE                                         r  design_1_i/v_tc_0/U0/U_VIDEO_CTRL/AXI4_LITE_INTERFACE.SYNC2PROCCLK_I/data_sync_reg[0][4]/D
  -------------------------------------------------------------------    -------------------

                         max delay                   10.000    10.000    
    SLICE_X16Y60         FDRE (Setup_fdre_C_D)       -0.043     9.957    design_1_i/v_tc_0/U0/U_VIDEO_CTRL/AXI4_LITE_INTERFACE.SYNC2PROCCLK_I/data_sync_reg[0][4]
  -------------------------------------------------------------------
                         required time                          9.957    
                         arrival time                          -2.133    
  -------------------------------------------------------------------
                         slack                                  7.824    

Slack (MET) :             7.825ns  (required time - arrival time)
  Source:                 design_1_i/v_tc_0/U0/U_VIDEO_CTRL/AXI4_LITE_INTERFACE.ipif_RdData_reg[11]/C
                            (rising edge-triggered cell FDRE clocked by axi_dynclk_0_PXL_CLK_O  {rise@0.000ns fall@4.000ns period=10.000ns})
  Destination:            design_1_i/v_tc_0/U0/U_VIDEO_CTRL/AXI4_LITE_INTERFACE.SYNC2PROCCLK_I/data_sync_reg[0][11]/D
                            (rising edge-triggered cell FDRE clocked by clk_fpga_0  {rise@0.000ns fall@5.000ns period=10.000ns})
  Path Group:             clk_fpga_0
  Path Type:              Setup (Max at Slow Process Corner)
  Requirement:            10.000ns  (MaxDelay Path 10.000ns)
  Data Path Delay:        2.080ns  (logic 0.518ns (24.905%)  route 1.562ns (75.095%))
  Logic Levels:           0  
  Timing Exception:       MaxDelay Path 10.000ns -datapath_only

    Location             Delay type                Incr(ns)  Path(ns)    Netlist Resource(s)
  -------------------------------------------------------------------    -------------------
    SLICE_X30Y87                                      0.000     0.000 r  design_1_i/v_tc_0/U0/U_VIDEO_CTRL/AXI4_LITE_INTERFACE.ipif_RdData_reg[11]/C
    SLICE_X30Y87         FDRE (Prop_fdre_C_Q)         0.518     0.518 r  design_1_i/v_tc_0/U0/U_VIDEO_CTRL/AXI4_LITE_INTERFACE.ipif_RdData_reg[11]/Q
                         net (fo=1, routed)           1.562     2.080    design_1_i/v_tc_0/U0/U_VIDEO_CTRL/AXI4_LITE_INTERFACE.SYNC2PROCCLK_I/in_data[11]
    SLICE_X18Y63         FDRE                                         r  design_1_i/v_tc_0/U0/U_VIDEO_CTRL/AXI4_LITE_INTERFACE.SYNC2PROCCLK_I/data_sync_reg[0][11]/D
  -------------------------------------------------------------------    -------------------

                         max delay                   10.000    10.000    
    SLICE_X18Y63         FDRE (Setup_fdre_C_D)       -0.095     9.905    design_1_i/v_tc_0/U0/U_VIDEO_CTRL/AXI4_LITE_INTERFACE.SYNC2PROCCLK_I/data_sync_reg[0][11]
  -------------------------------------------------------------------
                         required time                          9.905    
                         arrival time                          -2.080    
  -------------------------------------------------------------------
                         slack                                  7.825    

Slack (MET) :             7.862ns  (required time - arrival time)
  Source:                 design_1_i/v_tc_0/U0/U_VIDEO_CTRL/AXI4_LITE_INTERFACE.ipif_RdData_reg[10]/C
                            (rising edge-triggered cell FDRE clocked by axi_dynclk_0_PXL_CLK_O  {rise@0.000ns fall@4.000ns period=10.000ns})
  Destination:            design_1_i/v_tc_0/U0/U_VIDEO_CTRL/AXI4_LITE_INTERFACE.SYNC2PROCCLK_I/data_sync_reg[0][10]/D
                            (rising edge-triggered cell FDRE clocked by clk_fpga_0  {rise@0.000ns fall@5.000ns period=10.000ns})
  Path Group:             clk_fpga_0
  Path Type:              Setup (Max at Slow Process Corner)
  Requirement:            10.000ns  (MaxDelay Path 10.000ns)
  Data Path Delay:        2.091ns  (logic 0.518ns (24.769%)  route 1.573ns (75.231%))
  Logic Levels:           0  
  Timing Exception:       MaxDelay Path 10.000ns -datapath_only

    Location             Delay type                Incr(ns)  Path(ns)    Netlist Resource(s)
  -------------------------------------------------------------------    -------------------
    SLICE_X30Y86                                      0.000     0.000 r  design_1_i/v_tc_0/U0/U_VIDEO_CTRL/AXI4_LITE_INTERFACE.ipif_RdData_reg[10]/C
    SLICE_X30Y86         FDRE (Prop_fdre_C_Q)         0.518     0.518 r  design_1_i/v_tc_0/U0/U_VIDEO_CTRL/AXI4_LITE_INTERFACE.ipif_RdData_reg[10]/Q
                         net (fo=1, routed)           1.573     2.091    design_1_i/v_tc_0/U0/U_VIDEO_CTRL/AXI4_LITE_INTERFACE.SYNC2PROCCLK_I/in_data[10]
    SLICE_X16Y62         FDRE                                         r  design_1_i/v_tc_0/U0/U_VIDEO_CTRL/AXI4_LITE_INTERFACE.SYNC2PROCCLK_I/data_sync_reg[0][10]/D
  -------------------------------------------------------------------    -------------------

                         max delay                   10.000    10.000    
    SLICE_X16Y62         FDRE (Setup_fdre_C_D)       -0.047     9.953    design_1_i/v_tc_0/U0/U_VIDEO_CTRL/AXI4_LITE_INTERFACE.SYNC2PROCCLK_I/data_sync_reg[0][10]
  -------------------------------------------------------------------
                         required time                          9.953    
                         arrival time                          -2.091    
  -------------------------------------------------------------------
                         slack                                  7.862    

Slack (MET) :             7.878ns  (required time - arrival time)
  Source:                 design_1_i/v_tc_0/U0/U_VIDEO_CTRL/AXI4_LITE_INTERFACE.ipif_RdData_reg[24]/C
                            (rising edge-triggered cell FDRE clocked by axi_dynclk_0_PXL_CLK_O  {rise@0.000ns fall@4.000ns period=10.000ns})
  Destination:            design_1_i/v_tc_0/U0/U_VIDEO_CTRL/AXI4_LITE_INTERFACE.SYNC2PROCCLK_I/data_sync_reg[0][24]/D
                            (rising edge-triggered cell FDRE clocked by clk_fpga_0  {rise@0.000ns fall@5.000ns period=10.000ns})
  Path Group:             clk_fpga_0
  Path Type:              Setup (Max at Slow Process Corner)
  Requirement:            10.000ns  (MaxDelay Path 10.000ns)
  Data Path Delay:        2.027ns  (logic 0.456ns (22.497%)  route 1.571ns (77.503%))
  Logic Levels:           0  
  Timing Exception:       MaxDelay Path 10.000ns -datapath_only

    Location             Delay type                Incr(ns)  Path(ns)    Netlist Resource(s)
  -------------------------------------------------------------------    -------------------
    SLICE_X26Y87                                      0.000     0.000 r  design_1_i/v_tc_0/U0/U_VIDEO_CTRL/AXI4_LITE_INTERFACE.ipif_RdData_reg[24]/C
    SLICE_X26Y87         FDRE (Prop_fdre_C_Q)         0.456     0.456 r  design_1_i/v_tc_0/U0/U_VIDEO_CTRL/AXI4_LITE_INTERFACE.ipif_RdData_reg[24]/Q
                         net (fo=1, routed)           1.571     2.027    design_1_i/v_tc_0/U0/U_VIDEO_CTRL/AXI4_LITE_INTERFACE.SYNC2PROCCLK_I/in_data[24]
    SLICE_X18Y61         FDRE                                         r  design_1_i/v_tc_0/U0/U_VIDEO_CTRL/AXI4_LITE_INTERFACE.SYNC2PROCCLK_I/data_sync_reg[0][24]/D
  -------------------------------------------------------------------    -------------------

                         max delay                   10.000    10.000    
    SLICE_X18Y61         FDRE (Setup_fdre_C_D)       -0.095     9.905    design_1_i/v_tc_0/U0/U_VIDEO_CTRL/AXI4_LITE_INTERFACE.SYNC2PROCCLK_I/data_sync_reg[0][24]
  -------------------------------------------------------------------
                         required time                          9.905    
                         arrival time                          -2.027    
  -------------------------------------------------------------------
                         slack                                  7.878    

Slack (MET) :             7.885ns  (required time - arrival time)
  Source:                 design_1_i/v_tc_0/U0/U_VIDEO_CTRL/AXI4_LITE_INTERFACE.ipif_RdData_reg[7]/C
                            (rising edge-triggered cell FDRE clocked by axi_dynclk_0_PXL_CLK_O  {rise@0.000ns fall@4.000ns period=10.000ns})
  Destination:            design_1_i/v_tc_0/U0/U_VIDEO_CTRL/AXI4_LITE_INTERFACE.SYNC2PROCCLK_I/data_sync_reg[0][7]/D
                            (rising edge-triggered cell FDRE clocked by clk_fpga_0  {rise@0.000ns fall@5.000ns period=10.000ns})
  Path Group:             clk_fpga_0
  Path Type:              Setup (Max at Slow Process Corner)
  Requirement:            10.000ns  (MaxDelay Path 10.000ns)
  Data Path Delay:        2.072ns  (logic 0.456ns (22.008%)  route 1.616ns (77.992%))
  Logic Levels:           0  
  Timing Exception:       MaxDelay Path 10.000ns -datapath_only

    Location             Delay type                Incr(ns)  Path(ns)    Netlist Resource(s)
  -------------------------------------------------------------------    -------------------
    SLICE_X33Y86                                      0.000     0.000 r  design_1_i/v_tc_0/U0/U_VIDEO_CTRL/AXI4_LITE_INTERFACE.ipif_RdData_reg[7]/C
    SLICE_X33Y86         FDRE (Prop_fdre_C_Q)         0.456     0.456 r  design_1_i/v_tc_0/U0/U_VIDEO_CTRL/AXI4_LITE_INTERFACE.ipif_RdData_reg[7]/Q
                         net (fo=1, routed)           1.616     2.072    design_1_i/v_tc_0/U0/U_VIDEO_CTRL/AXI4_LITE_INTERFACE.SYNC2PROCCLK_I/in_data[7]
    SLICE_X20Y62         FDRE                                         r  design_1_i/v_tc_0/U0/U_VIDEO_CTRL/AXI4_LITE_INTERFACE.SYNC2PROCCLK_I/data_sync_reg[0][7]/D
  -------------------------------------------------------------------    -------------------

                         max delay                   10.000    10.000    
    SLICE_X20Y62         FDRE (Setup_fdre_C_D)       -0.043     9.957    design_1_i/v_tc_0/U0/U_VIDEO_CTRL/AXI4_LITE_INTERFACE.SYNC2PROCCLK_I/data_sync_reg[0][7]
  -------------------------------------------------------------------
                         required time                          9.957    
                         arrival time                          -2.072    
  -------------------------------------------------------------------
                         slack                                  7.885    

Slack (MET) :             7.919ns  (required time - arrival time)
  Source:                 design_1_i/v_tc_0/U0/U_VIDEO_CTRL/AXI4_LITE_INTERFACE.ipif_RdData_reg[23]/C
                            (rising edge-triggered cell FDRE clocked by axi_dynclk_0_PXL_CLK_O  {rise@0.000ns fall@4.000ns period=10.000ns})
  Destination:            design_1_i/v_tc_0/U0/U_VIDEO_CTRL/AXI4_LITE_INTERFACE.SYNC2PROCCLK_I/data_sync_reg[0][23]/D
                            (rising edge-triggered cell FDRE clocked by clk_fpga_0  {rise@0.000ns fall@5.000ns period=10.000ns})
  Path Group:             clk_fpga_0
  Path Type:              Setup (Max at Slow Process Corner)
  Requirement:            10.000ns  (MaxDelay Path 10.000ns)
  Data Path Delay:        1.986ns  (logic 0.518ns (26.083%)  route 1.468ns (73.917%))
  Logic Levels:           0  
  Timing Exception:       MaxDelay Path 10.000ns -datapath_only

    Location             Delay type                Incr(ns)  Path(ns)    Netlist Resource(s)
  -------------------------------------------------------------------    -------------------
    SLICE_X28Y86                                      0.000     0.000 r  design_1_i/v_tc_0/U0/U_VIDEO_CTRL/AXI4_LITE_INTERFACE.ipif_RdData_reg[23]/C
    SLICE_X28Y86         FDRE (Prop_fdre_C_Q)         0.518     0.518 r  design_1_i/v_tc_0/U0/U_VIDEO_CTRL/AXI4_LITE_INTERFACE.ipif_RdData_reg[23]/Q
                         net (fo=1, routed)           1.468     1.986    design_1_i/v_tc_0/U0/U_VIDEO_CTRL/AXI4_LITE_INTERFACE.SYNC2PROCCLK_I/in_data[23]
    SLICE_X19Y59         FDRE                                         r  design_1_i/v_tc_0/U0/U_VIDEO_CTRL/AXI4_LITE_INTERFACE.SYNC2PROCCLK_I/data_sync_reg[0][23]/D
  -------------------------------------------------------------------    -------------------

                         max delay                   10.000    10.000    
    SLICE_X19Y59         FDRE (Setup_fdre_C_D)       -0.095     9.905    design_1_i/v_tc_0/U0/U_VIDEO_CTRL/AXI4_LITE_INTERFACE.SYNC2PROCCLK_I/data_sync_reg[0][23]
  -------------------------------------------------------------------
                         required time                          9.905    
                         arrival time                          -1.986    
  -------------------------------------------------------------------
                         slack                                  7.919    

Slack (MET) :             7.946ns  (required time - arrival time)
  Source:                 design_1_i/v_tc_0/U0/U_VIDEO_CTRL/AXI4_LITE_INTERFACE.ipif_RdData_reg[25]/C
                            (rising edge-triggered cell FDRE clocked by axi_dynclk_0_PXL_CLK_O  {rise@0.000ns fall@4.000ns period=10.000ns})
  Destination:            design_1_i/v_tc_0/U0/U_VIDEO_CTRL/AXI4_LITE_INTERFACE.SYNC2PROCCLK_I/data_sync_reg[0][25]/D
                            (rising edge-triggered cell FDRE clocked by clk_fpga_0  {rise@0.000ns fall@5.000ns period=10.000ns})
  Path Group:             clk_fpga_0
  Path Type:              Setup (Max at Slow Process Corner)
  Requirement:            10.000ns  (MaxDelay Path 10.000ns)
  Data Path Delay:        1.959ns  (logic 0.518ns (26.440%)  route 1.441ns (73.560%))
  Logic Levels:           0  
  Timing Exception:       MaxDelay Path 10.000ns -datapath_only

    Location             Delay type                Incr(ns)  Path(ns)    Netlist Resource(s)
  -------------------------------------------------------------------    -------------------
    SLICE_X28Y86                                      0.000     0.000 r  design_1_i/v_tc_0/U0/U_VIDEO_CTRL/AXI4_LITE_INTERFACE.ipif_RdData_reg[25]/C
    SLICE_X28Y86         FDRE (Prop_fdre_C_Q)         0.518     0.518 r  design_1_i/v_tc_0/U0/U_VIDEO_CTRL/AXI4_LITE_INTERFACE.ipif_RdData_reg[25]/Q
                         net (fo=1, routed)           1.441     1.959    design_1_i/v_tc_0/U0/U_VIDEO_CTRL/AXI4_LITE_INTERFACE.SYNC2PROCCLK_I/in_data[25]
    SLICE_X18Y62         FDRE                                         r  design_1_i/v_tc_0/U0/U_VIDEO_CTRL/AXI4_LITE_INTERFACE.SYNC2PROCCLK_I/data_sync_reg[0][25]/D
  -------------------------------------------------------------------    -------------------

                         max delay                   10.000    10.000    
    SLICE_X18Y62         FDRE (Setup_fdre_C_D)       -0.095     9.905    design_1_i/v_tc_0/U0/U_VIDEO_CTRL/AXI4_LITE_INTERFACE.SYNC2PROCCLK_I/data_sync_reg[0][25]
  -------------------------------------------------------------------
                         required time                          9.905    
                         arrival time                          -1.959    
  -------------------------------------------------------------------
                         slack                                  7.946    





---------------------------------------------------------------------------------------------------
From Clock:  clk_fpga_0
  To Clock:  axi_dynclk_0_PXL_CLK_O

Setup :            0  Failing Endpoints,  Worst Slack        5.977ns,  Total Violation        0.000ns
Hold  :           NA  Failing Endpoints,  Worst Slack           NA  ,  Total Violation           NA
---------------------------------------------------------------------------------------------------


Max Delay Paths
--------------------------------------------------------------------------------------
Slack (MET) :             5.977ns  (required time - arrival time)
  Source:                 design_1_i/rst_ps7_0_100M/U0/ACTIVE_LOW_PR_OUT_DFF[0].FDRE_PER_N/C
                            (rising edge-triggered cell FDRE clocked by clk_fpga_0  {rise@0.000ns fall@5.000ns period=10.000ns})
  Destination:            design_1_i/v_tc_0/U0/U_VIDEO_CTRL/AXI4_LITE_INTERFACE.read_ack_d_reg[1]/R
                            (rising edge-triggered cell FDRE clocked by axi_dynclk_0_PXL_CLK_O  {rise@0.000ns fall@4.000ns period=10.000ns})
  Path Group:             axi_dynclk_0_PXL_CLK_O
  Path Type:              Setup (Max at Slow Process Corner)
  Requirement:            10.000ns  (MaxDelay Path 10.000ns)
  Data Path Delay:        3.386ns  (logic 0.667ns (19.699%)  route 2.719ns (80.301%))
  Logic Levels:           1  (LUT1=1)
  Timing Exception:       MaxDelay Path 10.000ns -datapath_only

    Location             Delay type                Incr(ns)  Path(ns)    Netlist Resource(s)
  -------------------------------------------------------------------    -------------------
    SLICE_X4Y63                                       0.000     0.000 r  design_1_i/rst_ps7_0_100M/U0/ACTIVE_LOW_PR_OUT_DFF[0].FDRE_PER_N/C
    SLICE_X4Y63          FDRE (Prop_fdre_C_Q)         0.518     0.518 f  design_1_i/rst_ps7_0_100M/U0/ACTIVE_LOW_PR_OUT_DFF[0].FDRE_PER_N/Q
                         net (fo=15, routed)          2.176     2.694    design_1_i/v_tc_0/U0/U_VIDEO_CTRL/vid_aresetn
    SLICE_X22Y53         LUT1 (Prop_lut1_I0_O)        0.149     2.843 r  design_1_i/v_tc_0/U0/U_VIDEO_CTRL/AXI4_LITE_INTERFACE.write_ack_e1_i_1/O
                         net (fo=10, routed)          0.543     3.386    design_1_i/v_tc_0/U0/U_VIDEO_CTRL/AXI4_LITE_INTERFACE.write_ack_e1_i_1_n_0
    SLICE_X22Y54         FDRE                                         r  design_1_i/v_tc_0/U0/U_VIDEO_CTRL/AXI4_LITE_INTERFACE.read_ack_d_reg[1]/R
  -------------------------------------------------------------------    -------------------

                         max delay                   10.000    10.000    
    SLICE_X22Y54         FDRE (Setup_fdre_C_R)       -0.637     9.363    design_1_i/v_tc_0/U0/U_VIDEO_CTRL/AXI4_LITE_INTERFACE.read_ack_d_reg[1]
  -------------------------------------------------------------------
                         required time                          9.363    
                         arrival time                          -3.386    
  -------------------------------------------------------------------
                         slack                                  5.977    

Slack (MET) :             5.977ns  (required time - arrival time)
  Source:                 design_1_i/rst_ps7_0_100M/U0/ACTIVE_LOW_PR_OUT_DFF[0].FDRE_PER_N/C
                            (rising edge-triggered cell FDRE clocked by clk_fpga_0  {rise@0.000ns fall@5.000ns period=10.000ns})
  Destination:            design_1_i/v_tc_0/U0/U_VIDEO_CTRL/AXI4_LITE_INTERFACE.read_ack_d_reg[2]/R
                            (rising edge-triggered cell FDRE clocked by axi_dynclk_0_PXL_CLK_O  {rise@0.000ns fall@4.000ns period=10.000ns})
  Path Group:             axi_dynclk_0_PXL_CLK_O
  Path Type:              Setup (Max at Slow Process Corner)
  Requirement:            10.000ns  (MaxDelay Path 10.000ns)
  Data Path Delay:        3.386ns  (logic 0.667ns (19.699%)  route 2.719ns (80.301%))
  Logic Levels:           1  (LUT1=1)
  Timing Exception:       MaxDelay Path 10.000ns -datapath_only

    Location             Delay type                Incr(ns)  Path(ns)    Netlist Resource(s)
  -------------------------------------------------------------------    -------------------
    SLICE_X4Y63                                       0.000     0.000 r  design_1_i/rst_ps7_0_100M/U0/ACTIVE_LOW_PR_OUT_DFF[0].FDRE_PER_N/C
    SLICE_X4Y63          FDRE (Prop_fdre_C_Q)         0.518     0.518 f  design_1_i/rst_ps7_0_100M/U0/ACTIVE_LOW_PR_OUT_DFF[0].FDRE_PER_N/Q
                         net (fo=15, routed)          2.176     2.694    design_1_i/v_tc_0/U0/U_VIDEO_CTRL/vid_aresetn
    SLICE_X22Y53         LUT1 (Prop_lut1_I0_O)        0.149     2.843 r  design_1_i/v_tc_0/U0/U_VIDEO_CTRL/AXI4_LITE_INTERFACE.write_ack_e1_i_1/O
                         net (fo=10, routed)          0.543     3.386    design_1_i/v_tc_0/U0/U_VIDEO_CTRL/AXI4_LITE_INTERFACE.write_ack_e1_i_1_n_0
    SLICE_X22Y54         FDRE                                         r  design_1_i/v_tc_0/U0/U_VIDEO_CTRL/AXI4_LITE_INTERFACE.read_ack_d_reg[2]/R
  -------------------------------------------------------------------    -------------------

                         max delay                   10.000    10.000    
    SLICE_X22Y54         FDRE (Setup_fdre_C_R)       -0.637     9.363    design_1_i/v_tc_0/U0/U_VIDEO_CTRL/AXI4_LITE_INTERFACE.read_ack_d_reg[2]
  -------------------------------------------------------------------
                         required time                          9.363    
                         arrival time                          -3.386    
  -------------------------------------------------------------------
                         slack                                  5.977    

Slack (MET) :             5.977ns  (required time - arrival time)
  Source:                 design_1_i/rst_ps7_0_100M/U0/ACTIVE_LOW_PR_OUT_DFF[0].FDRE_PER_N/C
                            (rising edge-triggered cell FDRE clocked by clk_fpga_0  {rise@0.000ns fall@5.000ns period=10.000ns})
  Destination:            design_1_i/v_tc_0/U0/U_VIDEO_CTRL/AXI4_LITE_INTERFACE.read_ack_d_reg[3]/R
                            (rising edge-triggered cell FDRE clocked by axi_dynclk_0_PXL_CLK_O  {rise@0.000ns fall@4.000ns period=10.000ns})
  Path Group:             axi_dynclk_0_PXL_CLK_O
  Path Type:              Setup (Max at Slow Process Corner)
  Requirement:            10.000ns  (MaxDelay Path 10.000ns)
  Data Path Delay:        3.386ns  (logic 0.667ns (19.699%)  route 2.719ns (80.301%))
  Logic Levels:           1  (LUT1=1)
  Timing Exception:       MaxDelay Path 10.000ns -datapath_only

    Location             Delay type                Incr(ns)  Path(ns)    Netlist Resource(s)
  -------------------------------------------------------------------    -------------------
    SLICE_X4Y63                                       0.000     0.000 r  design_1_i/rst_ps7_0_100M/U0/ACTIVE_LOW_PR_OUT_DFF[0].FDRE_PER_N/C
    SLICE_X4Y63          FDRE (Prop_fdre_C_Q)         0.518     0.518 f  design_1_i/rst_ps7_0_100M/U0/ACTIVE_LOW_PR_OUT_DFF[0].FDRE_PER_N/Q
                         net (fo=15, routed)          2.176     2.694    design_1_i/v_tc_0/U0/U_VIDEO_CTRL/vid_aresetn
    SLICE_X22Y53         LUT1 (Prop_lut1_I0_O)        0.149     2.843 r  design_1_i/v_tc_0/U0/U_VIDEO_CTRL/AXI4_LITE_INTERFACE.write_ack_e1_i_1/O
                         net (fo=10, routed)          0.543     3.386    design_1_i/v_tc_0/U0/U_VIDEO_CTRL/AXI4_LITE_INTERFACE.write_ack_e1_i_1_n_0
    SLICE_X22Y54         FDRE                                         r  design_1_i/v_tc_0/U0/U_VIDEO_CTRL/AXI4_LITE_INTERFACE.read_ack_d_reg[3]/R
  -------------------------------------------------------------------    -------------------

                         max delay                   10.000    10.000    
    SLICE_X22Y54         FDRE (Setup_fdre_C_R)       -0.637     9.363    design_1_i/v_tc_0/U0/U_VIDEO_CTRL/AXI4_LITE_INTERFACE.read_ack_d_reg[3]
  -------------------------------------------------------------------
                         required time                          9.363    
                         arrival time                          -3.386    
  -------------------------------------------------------------------
                         slack                                  5.977    

Slack (MET) :             5.977ns  (required time - arrival time)
  Source:                 design_1_i/rst_ps7_0_100M/U0/ACTIVE_LOW_PR_OUT_DFF[0].FDRE_PER_N/C
                            (rising edge-triggered cell FDRE clocked by clk_fpga_0  {rise@0.000ns fall@5.000ns period=10.000ns})
  Destination:            design_1_i/v_tc_0/U0/U_VIDEO_CTRL/AXI4_LITE_INTERFACE.read_ack_d_reg[4]/R
                            (rising edge-triggered cell FDRE clocked by axi_dynclk_0_PXL_CLK_O  {rise@0.000ns fall@4.000ns period=10.000ns})
  Path Group:             axi_dynclk_0_PXL_CLK_O
  Path Type:              Setup (Max at Slow Process Corner)
  Requirement:            10.000ns  (MaxDelay Path 10.000ns)
  Data Path Delay:        3.386ns  (logic 0.667ns (19.699%)  route 2.719ns (80.301%))
  Logic Levels:           1  (LUT1=1)
  Timing Exception:       MaxDelay Path 10.000ns -datapath_only

    Location             Delay type                Incr(ns)  Path(ns)    Netlist Resource(s)
  -------------------------------------------------------------------    -------------------
    SLICE_X4Y63                                       0.000     0.000 r  design_1_i/rst_ps7_0_100M/U0/ACTIVE_LOW_PR_OUT_DFF[0].FDRE_PER_N/C
    SLICE_X4Y63          FDRE (Prop_fdre_C_Q)         0.518     0.518 f  design_1_i/rst_ps7_0_100M/U0/ACTIVE_LOW_PR_OUT_DFF[0].FDRE_PER_N/Q
                         net (fo=15, routed)          2.176     2.694    design_1_i/v_tc_0/U0/U_VIDEO_CTRL/vid_aresetn
    SLICE_X22Y53         LUT1 (Prop_lut1_I0_O)        0.149     2.843 r  design_1_i/v_tc_0/U0/U_VIDEO_CTRL/AXI4_LITE_INTERFACE.write_ack_e1_i_1/O
                         net (fo=10, routed)          0.543     3.386    design_1_i/v_tc_0/U0/U_VIDEO_CTRL/AXI4_LITE_INTERFACE.write_ack_e1_i_1_n_0
    SLICE_X22Y54         FDRE                                         r  design_1_i/v_tc_0/U0/U_VIDEO_CTRL/AXI4_LITE_INTERFACE.read_ack_d_reg[4]/R
  -------------------------------------------------------------------    -------------------

                         max delay                   10.000    10.000    
    SLICE_X22Y54         FDRE (Setup_fdre_C_R)       -0.637     9.363    design_1_i/v_tc_0/U0/U_VIDEO_CTRL/AXI4_LITE_INTERFACE.read_ack_d_reg[4]
  -------------------------------------------------------------------
                         required time                          9.363    
                         arrival time                          -3.386    
  -------------------------------------------------------------------
                         slack                                  5.977    

Slack (MET) :             5.977ns  (required time - arrival time)
  Source:                 design_1_i/rst_ps7_0_100M/U0/ACTIVE_LOW_PR_OUT_DFF[0].FDRE_PER_N/C
                            (rising edge-triggered cell FDRE clocked by clk_fpga_0  {rise@0.000ns fall@5.000ns period=10.000ns})
  Destination:            design_1_i/v_tc_0/U0/U_VIDEO_CTRL/AXI4_LITE_INTERFACE.read_ack_reg/R
                            (rising edge-triggered cell FDRE clocked by axi_dynclk_0_PXL_CLK_O  {rise@0.000ns fall@4.000ns period=10.000ns})
  Path Group:             axi_dynclk_0_PXL_CLK_O
  Path Type:              Setup (Max at Slow Process Corner)
  Requirement:            10.000ns  (MaxDelay Path 10.000ns)
  Data Path Delay:        3.386ns  (logic 0.667ns (19.699%)  route 2.719ns (80.301%))
  Logic Levels:           1  (LUT1=1)
  Timing Exception:       MaxDelay Path 10.000ns -datapath_only

    Location             Delay type                Incr(ns)  Path(ns)    Netlist Resource(s)
  -------------------------------------------------------------------    -------------------
    SLICE_X4Y63                                       0.000     0.000 r  design_1_i/rst_ps7_0_100M/U0/ACTIVE_LOW_PR_OUT_DFF[0].FDRE_PER_N/C
    SLICE_X4Y63          FDRE (Prop_fdre_C_Q)         0.518     0.518 f  design_1_i/rst_ps7_0_100M/U0/ACTIVE_LOW_PR_OUT_DFF[0].FDRE_PER_N/Q
                         net (fo=15, routed)          2.176     2.694    design_1_i/v_tc_0/U0/U_VIDEO_CTRL/vid_aresetn
    SLICE_X22Y53         LUT1 (Prop_lut1_I0_O)        0.149     2.843 r  design_1_i/v_tc_0/U0/U_VIDEO_CTRL/AXI4_LITE_INTERFACE.write_ack_e1_i_1/O
                         net (fo=10, routed)          0.543     3.386    design_1_i/v_tc_0/U0/U_VIDEO_CTRL/AXI4_LITE_INTERFACE.write_ack_e1_i_1_n_0
    SLICE_X22Y54         FDRE                                         r  design_1_i/v_tc_0/U0/U_VIDEO_CTRL/AXI4_LITE_INTERFACE.read_ack_reg/R
  -------------------------------------------------------------------    -------------------

                         max delay                   10.000    10.000    
    SLICE_X22Y54         FDRE (Setup_fdre_C_R)       -0.637     9.363    design_1_i/v_tc_0/U0/U_VIDEO_CTRL/AXI4_LITE_INTERFACE.read_ack_reg
  -------------------------------------------------------------------
                         required time                          9.363    
                         arrival time                          -3.386    
  -------------------------------------------------------------------
                         slack                                  5.977    

Slack (MET) :             5.977ns  (required time - arrival time)
  Source:                 design_1_i/rst_ps7_0_100M/U0/ACTIVE_LOW_PR_OUT_DFF[0].FDRE_PER_N/C
                            (rising edge-triggered cell FDRE clocked by clk_fpga_0  {rise@0.000ns fall@5.000ns period=10.000ns})
  Destination:            design_1_i/v_tc_0/U0/U_VIDEO_CTRL/AXI4_LITE_INTERFACE.write_ack_e1_reg/R
                            (rising edge-triggered cell FDRE clocked by axi_dynclk_0_PXL_CLK_O  {rise@0.000ns fall@4.000ns period=10.000ns})
  Path Group:             axi_dynclk_0_PXL_CLK_O
  Path Type:              Setup (Max at Slow Process Corner)
  Requirement:            10.000ns  (MaxDelay Path 10.000ns)
  Data Path Delay:        3.386ns  (logic 0.667ns (19.699%)  route 2.719ns (80.301%))
  Logic Levels:           1  (LUT1=1)
  Timing Exception:       MaxDelay Path 10.000ns -datapath_only

    Location             Delay type                Incr(ns)  Path(ns)    Netlist Resource(s)
  -------------------------------------------------------------------    -------------------
    SLICE_X4Y63                                       0.000     0.000 r  design_1_i/rst_ps7_0_100M/U0/ACTIVE_LOW_PR_OUT_DFF[0].FDRE_PER_N/C
    SLICE_X4Y63          FDRE (Prop_fdre_C_Q)         0.518     0.518 f  design_1_i/rst_ps7_0_100M/U0/ACTIVE_LOW_PR_OUT_DFF[0].FDRE_PER_N/Q
                         net (fo=15, routed)          2.176     2.694    design_1_i/v_tc_0/U0/U_VIDEO_CTRL/vid_aresetn
    SLICE_X22Y53         LUT1 (Prop_lut1_I0_O)        0.149     2.843 r  design_1_i/v_tc_0/U0/U_VIDEO_CTRL/AXI4_LITE_INTERFACE.write_ack_e1_i_1/O
                         net (fo=10, routed)          0.543     3.386    design_1_i/v_tc_0/U0/U_VIDEO_CTRL/AXI4_LITE_INTERFACE.write_ack_e1_i_1_n_0
    SLICE_X22Y54         FDRE                                         r  design_1_i/v_tc_0/U0/U_VIDEO_CTRL/AXI4_LITE_INTERFACE.write_ack_e1_reg/R
  -------------------------------------------------------------------    -------------------

                         max delay                   10.000    10.000    
    SLICE_X22Y54         FDRE (Setup_fdre_C_R)       -0.637     9.363    design_1_i/v_tc_0/U0/U_VIDEO_CTRL/AXI4_LITE_INTERFACE.write_ack_e1_reg
  -------------------------------------------------------------------
                         required time                          9.363    
                         arrival time                          -3.386    
  -------------------------------------------------------------------
                         slack                                  5.977    

Slack (MET) :             5.981ns  (required time - arrival time)
  Source:                 design_1_i/rst_ps7_0_100M/U0/ACTIVE_LOW_PR_OUT_DFF[0].FDRE_PER_N/C
                            (rising edge-triggered cell FDRE clocked by clk_fpga_0  {rise@0.000ns fall@5.000ns period=10.000ns})
  Destination:            design_1_i/v_tc_0/U0/U_VIDEO_CTRL/AXI4_LITE_INTERFACE.read_ack_d_reg[0]/R
                            (rising edge-triggered cell FDRE clocked by axi_dynclk_0_PXL_CLK_O  {rise@0.000ns fall@4.000ns period=10.000ns})
  Path Group:             axi_dynclk_0_PXL_CLK_O
  Path Type:              Setup (Max at Slow Process Corner)
  Requirement:            10.000ns  (MaxDelay Path 10.000ns)
  Data Path Delay:        3.382ns  (logic 0.667ns (19.724%)  route 2.715ns (80.276%))
  Logic Levels:           1  (LUT1=1)
  Timing Exception:       MaxDelay Path 10.000ns -datapath_only

    Location             Delay type                Incr(ns)  Path(ns)    Netlist Resource(s)
  -------------------------------------------------------------------    -------------------
    SLICE_X4Y63                                       0.000     0.000 r  design_1_i/rst_ps7_0_100M/U0/ACTIVE_LOW_PR_OUT_DFF[0].FDRE_PER_N/C
    SLICE_X4Y63          FDRE (Prop_fdre_C_Q)         0.518     0.518 f  design_1_i/rst_ps7_0_100M/U0/ACTIVE_LOW_PR_OUT_DFF[0].FDRE_PER_N/Q
                         net (fo=15, routed)          2.176     2.694    design_1_i/v_tc_0/U0/U_VIDEO_CTRL/vid_aresetn
    SLICE_X22Y53         LUT1 (Prop_lut1_I0_O)        0.149     2.843 r  design_1_i/v_tc_0/U0/U_VIDEO_CTRL/AXI4_LITE_INTERFACE.write_ack_e1_i_1/O
                         net (fo=10, routed)          0.539     3.382    design_1_i/v_tc_0/U0/U_VIDEO_CTRL/AXI4_LITE_INTERFACE.write_ack_e1_i_1_n_0
    SLICE_X23Y54         FDRE                                         r  design_1_i/v_tc_0/U0/U_VIDEO_CTRL/AXI4_LITE_INTERFACE.read_ack_d_reg[0]/R
  -------------------------------------------------------------------    -------------------

                         max delay                   10.000    10.000    
    SLICE_X23Y54         FDRE (Setup_fdre_C_R)       -0.637     9.363    design_1_i/v_tc_0/U0/U_VIDEO_CTRL/AXI4_LITE_INTERFACE.read_ack_d_reg[0]
  -------------------------------------------------------------------
                         required time                          9.363    
                         arrival time                          -3.382    
  -------------------------------------------------------------------
                         slack                                  5.981    

Slack (MET) :             5.981ns  (required time - arrival time)
  Source:                 design_1_i/rst_ps7_0_100M/U0/ACTIVE_LOW_PR_OUT_DFF[0].FDRE_PER_N/C
                            (rising edge-triggered cell FDRE clocked by clk_fpga_0  {rise@0.000ns fall@5.000ns period=10.000ns})
  Destination:            design_1_i/v_tc_0/U0/U_VIDEO_CTRL/AXI4_LITE_INTERFACE.write_ack_e2_reg/R
                            (rising edge-triggered cell FDRE clocked by axi_dynclk_0_PXL_CLK_O  {rise@0.000ns fall@4.000ns period=10.000ns})
  Path Group:             axi_dynclk_0_PXL_CLK_O
  Path Type:              Setup (Max at Slow Process Corner)
  Requirement:            10.000ns  (MaxDelay Path 10.000ns)
  Data Path Delay:        3.382ns  (logic 0.667ns (19.724%)  route 2.715ns (80.276%))
  Logic Levels:           1  (LUT1=1)
  Timing Exception:       MaxDelay Path 10.000ns -datapath_only

    Location             Delay type                Incr(ns)  Path(ns)    Netlist Resource(s)
  -------------------------------------------------------------------    -------------------
    SLICE_X4Y63                                       0.000     0.000 r  design_1_i/rst_ps7_0_100M/U0/ACTIVE_LOW_PR_OUT_DFF[0].FDRE_PER_N/C
    SLICE_X4Y63          FDRE (Prop_fdre_C_Q)         0.518     0.518 f  design_1_i/rst_ps7_0_100M/U0/ACTIVE_LOW_PR_OUT_DFF[0].FDRE_PER_N/Q
                         net (fo=15, routed)          2.176     2.694    design_1_i/v_tc_0/U0/U_VIDEO_CTRL/vid_aresetn
    SLICE_X22Y53         LUT1 (Prop_lut1_I0_O)        0.149     2.843 r  design_1_i/v_tc_0/U0/U_VIDEO_CTRL/AXI4_LITE_INTERFACE.write_ack_e1_i_1/O
                         net (fo=10, routed)          0.539     3.382    design_1_i/v_tc_0/U0/U_VIDEO_CTRL/AXI4_LITE_INTERFACE.write_ack_e1_i_1_n_0
    SLICE_X23Y54         FDRE                                         r  design_1_i/v_tc_0/U0/U_VIDEO_CTRL/AXI4_LITE_INTERFACE.write_ack_e2_reg/R
  -------------------------------------------------------------------    -------------------

                         max delay                   10.000    10.000    
    SLICE_X23Y54         FDRE (Setup_fdre_C_R)       -0.637     9.363    design_1_i/v_tc_0/U0/U_VIDEO_CTRL/AXI4_LITE_INTERFACE.write_ack_e2_reg
  -------------------------------------------------------------------
                         required time                          9.363    
                         arrival time                          -3.382    
  -------------------------------------------------------------------
                         slack                                  5.981    

Slack (MET) :             5.981ns  (required time - arrival time)
  Source:                 design_1_i/rst_ps7_0_100M/U0/ACTIVE_LOW_PR_OUT_DFF[0].FDRE_PER_N/C
                            (rising edge-triggered cell FDRE clocked by clk_fpga_0  {rise@0.000ns fall@5.000ns period=10.000ns})
  Destination:            design_1_i/v_tc_0/U0/U_VIDEO_CTRL/AXI4_LITE_INTERFACE.write_ack_int_reg/R
                            (rising edge-triggered cell FDRE clocked by axi_dynclk_0_PXL_CLK_O  {rise@0.000ns fall@4.000ns period=10.000ns})
  Path Group:             axi_dynclk_0_PXL_CLK_O
  Path Type:              Setup (Max at Slow Process Corner)
  Requirement:            10.000ns  (MaxDelay Path 10.000ns)
  Data Path Delay:        3.382ns  (logic 0.667ns (19.724%)  route 2.715ns (80.276%))
  Logic Levels:           1  (LUT1=1)
  Timing Exception:       MaxDelay Path 10.000ns -datapath_only

    Location             Delay type                Incr(ns)  Path(ns)    Netlist Resource(s)
  -------------------------------------------------------------------    -------------------
    SLICE_X4Y63                                       0.000     0.000 r  design_1_i/rst_ps7_0_100M/U0/ACTIVE_LOW_PR_OUT_DFF[0].FDRE_PER_N/C
    SLICE_X4Y63          FDRE (Prop_fdre_C_Q)         0.518     0.518 f  design_1_i/rst_ps7_0_100M/U0/ACTIVE_LOW_PR_OUT_DFF[0].FDRE_PER_N/Q
                         net (fo=15, routed)          2.176     2.694    design_1_i/v_tc_0/U0/U_VIDEO_CTRL/vid_aresetn
    SLICE_X22Y53         LUT1 (Prop_lut1_I0_O)        0.149     2.843 r  design_1_i/v_tc_0/U0/U_VIDEO_CTRL/AXI4_LITE_INTERFACE.write_ack_e1_i_1/O
                         net (fo=10, routed)          0.539     3.382    design_1_i/v_tc_0/U0/U_VIDEO_CTRL/AXI4_LITE_INTERFACE.write_ack_e1_i_1_n_0
    SLICE_X23Y54         FDRE                                         r  design_1_i/v_tc_0/U0/U_VIDEO_CTRL/AXI4_LITE_INTERFACE.write_ack_int_reg/R
  -------------------------------------------------------------------    -------------------

                         max delay                   10.000    10.000    
    SLICE_X23Y54         FDRE (Setup_fdre_C_R)       -0.637     9.363    design_1_i/v_tc_0/U0/U_VIDEO_CTRL/AXI4_LITE_INTERFACE.write_ack_int_reg
  -------------------------------------------------------------------
                         required time                          9.363    
                         arrival time                          -3.382    
  -------------------------------------------------------------------
                         slack                                  5.981    

Slack (MET) :             5.981ns  (required time - arrival time)
  Source:                 design_1_i/rst_ps7_0_100M/U0/ACTIVE_LOW_PR_OUT_DFF[0].FDRE_PER_N/C
                            (rising edge-triggered cell FDRE clocked by clk_fpga_0  {rise@0.000ns fall@5.000ns period=10.000ns})
  Destination:            design_1_i/v_tc_0/U0/U_VIDEO_CTRL/AXI4_LITE_INTERFACE.write_ack_reg/R
                            (rising edge-triggered cell FDRE clocked by axi_dynclk_0_PXL_CLK_O  {rise@0.000ns fall@4.000ns period=10.000ns})
  Path Group:             axi_dynclk_0_PXL_CLK_O
  Path Type:              Setup (Max at Slow Process Corner)
  Requirement:            10.000ns  (MaxDelay Path 10.000ns)
  Data Path Delay:        3.382ns  (logic 0.667ns (19.724%)  route 2.715ns (80.276%))
  Logic Levels:           1  (LUT1=1)
  Timing Exception:       MaxDelay Path 10.000ns -datapath_only

    Location             Delay type                Incr(ns)  Path(ns)    Netlist Resource(s)
  -------------------------------------------------------------------    -------------------
    SLICE_X4Y63                                       0.000     0.000 r  design_1_i/rst_ps7_0_100M/U0/ACTIVE_LOW_PR_OUT_DFF[0].FDRE_PER_N/C
    SLICE_X4Y63          FDRE (Prop_fdre_C_Q)         0.518     0.518 f  design_1_i/rst_ps7_0_100M/U0/ACTIVE_LOW_PR_OUT_DFF[0].FDRE_PER_N/Q
                         net (fo=15, routed)          2.176     2.694    design_1_i/v_tc_0/U0/U_VIDEO_CTRL/vid_aresetn
    SLICE_X22Y53         LUT1 (Prop_lut1_I0_O)        0.149     2.843 r  design_1_i/v_tc_0/U0/U_VIDEO_CTRL/AXI4_LITE_INTERFACE.write_ack_e1_i_1/O
                         net (fo=10, routed)          0.539     3.382    design_1_i/v_tc_0/U0/U_VIDEO_CTRL/AXI4_LITE_INTERFACE.write_ack_e1_i_1_n_0
    SLICE_X23Y54         FDRE                                         r  design_1_i/v_tc_0/U0/U_VIDEO_CTRL/AXI4_LITE_INTERFACE.write_ack_reg/R
  -------------------------------------------------------------------    -------------------

                         max delay                   10.000    10.000    
    SLICE_X23Y54         FDRE (Setup_fdre_C_R)       -0.637     9.363    design_1_i/v_tc_0/U0/U_VIDEO_CTRL/AXI4_LITE_INTERFACE.write_ack_reg
  -------------------------------------------------------------------
                         required time                          9.363    
                         arrival time                          -3.382    
  -------------------------------------------------------------------
                         slack                                  5.981    





---------------------------------------------------------------------------------------------------
From Clock:  clk_fpga_1
  To Clock:  axi_dynclk_0_PXL_CLK_O

Setup :            0  Failing Endpoints,  Worst Slack        5.523ns,  Total Violation        0.000ns
Hold  :           NA  Failing Endpoints,  Worst Slack           NA  ,  Total Violation           NA
---------------------------------------------------------------------------------------------------


Max Delay Paths
--------------------------------------------------------------------------------------
Slack (MET) :             5.523ns  (required time - arrival time)
  Source:                 design_1_i/v_axi4s_vid_out_0/inst/COUPLER_INST/generate_async_fifo.FIFO_INST/XPM_FIFO_ASYNC_INST/gnuram_async_fifo.xpm_fifo_base_inst/gen_cdc_pntr.wr_pntr_cdc_inst/src_gray_ff_reg[5]/C
                            (rising edge-triggered cell FDRE clocked by clk_fpga_1  {rise@0.000ns fall@3.500ns period=7.000ns})
  Destination:            design_1_i/v_axi4s_vid_out_0/inst/COUPLER_INST/generate_async_fifo.FIFO_INST/XPM_FIFO_ASYNC_INST/gnuram_async_fifo.xpm_fifo_base_inst/gen_cdc_pntr.wr_pntr_cdc_inst/dest_graysync_ff_reg[0][5]/D
                            (rising edge-triggered cell FDRE clocked by axi_dynclk_0_PXL_CLK_O  {rise@0.000ns fall@4.000ns period=10.000ns})
  Path Group:             axi_dynclk_0_PXL_CLK_O
  Path Type:              Setup (Max at Slow Process Corner)
  Requirement:            7.000ns  (MaxDelay Path 7.000ns)
  Data Path Delay:        1.212ns  (logic 0.478ns (39.448%)  route 0.734ns (60.552%))
  Logic Levels:           0  
  Timing Exception:       MaxDelay Path 7.000ns -datapath_only

    Location             Delay type                Incr(ns)  Path(ns)    Netlist Resource(s)
  -------------------------------------------------------------------    -------------------
    SLICE_X34Y93                                      0.000     0.000 r  design_1_i/v_axi4s_vid_out_0/inst/COUPLER_INST/generate_async_fifo.FIFO_INST/XPM_FIFO_ASYNC_INST/gnuram_async_fifo.xpm_fifo_base_inst/gen_cdc_pntr.wr_pntr_cdc_inst/src_gray_ff_reg[5]/C
    SLICE_X34Y93         FDRE (Prop_fdre_C_Q)         0.478     0.478 r  design_1_i/v_axi4s_vid_out_0/inst/COUPLER_INST/generate_async_fifo.FIFO_INST/XPM_FIFO_ASYNC_INST/gnuram_async_fifo.xpm_fifo_base_inst/gen_cdc_pntr.wr_pntr_cdc_inst/src_gray_ff_reg[5]/Q
                         net (fo=1, routed)           0.734     1.212    design_1_i/v_axi4s_vid_out_0/inst/COUPLER_INST/generate_async_fifo.FIFO_INST/XPM_FIFO_ASYNC_INST/gnuram_async_fifo.xpm_fifo_base_inst/gen_cdc_pntr.wr_pntr_cdc_inst/async_path[5]
    SLICE_X35Y93         FDRE                                         r  design_1_i/v_axi4s_vid_out_0/inst/COUPLER_INST/generate_async_fifo.FIFO_INST/XPM_FIFO_ASYNC_INST/gnuram_async_fifo.xpm_fifo_base_inst/gen_cdc_pntr.wr_pntr_cdc_inst/dest_graysync_ff_reg[0][5]/D
  -------------------------------------------------------------------    -------------------

                         max delay                    7.000     7.000    
    SLICE_X35Y93         FDRE (Setup_fdre_C_D)       -0.265     6.735    design_1_i/v_axi4s_vid_out_0/inst/COUPLER_INST/generate_async_fifo.FIFO_INST/XPM_FIFO_ASYNC_INST/gnuram_async_fifo.xpm_fifo_base_inst/gen_cdc_pntr.wr_pntr_cdc_inst/dest_graysync_ff_reg[0][5]
  -------------------------------------------------------------------
                         required time                          6.735    
                         arrival time                          -1.212    
  -------------------------------------------------------------------
                         slack                                  5.523    

Slack (MET) :             5.596ns  (required time - arrival time)
  Source:                 design_1_i/v_axi4s_vid_out_0/inst/COUPLER_INST/generate_async_fifo.FIFO_INST/XPM_FIFO_ASYNC_INST/gnuram_async_fifo.xpm_fifo_base_inst/gen_cdc_pntr.wr_pntr_cdc_dc_inst/src_gray_ff_reg[0]/C
                            (rising edge-triggered cell FDRE clocked by clk_fpga_1  {rise@0.000ns fall@3.500ns period=7.000ns})
  Destination:            design_1_i/v_axi4s_vid_out_0/inst/COUPLER_INST/generate_async_fifo.FIFO_INST/XPM_FIFO_ASYNC_INST/gnuram_async_fifo.xpm_fifo_base_inst/gen_cdc_pntr.wr_pntr_cdc_dc_inst/dest_graysync_ff_reg[0][0]/D
                            (rising edge-triggered cell FDRE clocked by axi_dynclk_0_PXL_CLK_O  {rise@0.000ns fall@4.000ns period=10.000ns})
  Path Group:             axi_dynclk_0_PXL_CLK_O
  Path Type:              Setup (Max at Slow Process Corner)
  Requirement:            7.000ns  (MaxDelay Path 7.000ns)
  Data Path Delay:        1.309ns  (logic 0.456ns (34.838%)  route 0.853ns (65.162%))
  Logic Levels:           0  
  Timing Exception:       MaxDelay Path 7.000ns -datapath_only

    Location             Delay type                Incr(ns)  Path(ns)    Netlist Resource(s)
  -------------------------------------------------------------------    -------------------
    SLICE_X31Y91                                      0.000     0.000 r  design_1_i/v_axi4s_vid_out_0/inst/COUPLER_INST/generate_async_fifo.FIFO_INST/XPM_FIFO_ASYNC_INST/gnuram_async_fifo.xpm_fifo_base_inst/gen_cdc_pntr.wr_pntr_cdc_dc_inst/src_gray_ff_reg[0]/C
    SLICE_X31Y91         FDRE (Prop_fdre_C_Q)         0.456     0.456 r  design_1_i/v_axi4s_vid_out_0/inst/COUPLER_INST/generate_async_fifo.FIFO_INST/XPM_FIFO_ASYNC_INST/gnuram_async_fifo.xpm_fifo_base_inst/gen_cdc_pntr.wr_pntr_cdc_dc_inst/src_gray_ff_reg[0]/Q
                         net (fo=1, routed)           0.853     1.309    design_1_i/v_axi4s_vid_out_0/inst/COUPLER_INST/generate_async_fifo.FIFO_INST/XPM_FIFO_ASYNC_INST/gnuram_async_fifo.xpm_fifo_base_inst/gen_cdc_pntr.wr_pntr_cdc_dc_inst/async_path[0]
    SLICE_X29Y91         FDRE                                         r  design_1_i/v_axi4s_vid_out_0/inst/COUPLER_INST/generate_async_fifo.FIFO_INST/XPM_FIFO_ASYNC_INST/gnuram_async_fifo.xpm_fifo_base_inst/gen_cdc_pntr.wr_pntr_cdc_dc_inst/dest_graysync_ff_reg[0][0]/D
  -------------------------------------------------------------------    -------------------

                         max delay                    7.000     7.000    
    SLICE_X29Y91         FDRE (Setup_fdre_C_D)       -0.095     6.905    design_1_i/v_axi4s_vid_out_0/inst/COUPLER_INST/generate_async_fifo.FIFO_INST/XPM_FIFO_ASYNC_INST/gnuram_async_fifo.xpm_fifo_base_inst/gen_cdc_pntr.wr_pntr_cdc_dc_inst/dest_graysync_ff_reg[0][0]
  -------------------------------------------------------------------
                         required time                          6.905    
                         arrival time                          -1.309    
  -------------------------------------------------------------------
                         slack                                  5.596    

Slack (MET) :             5.640ns  (required time - arrival time)
  Source:                 design_1_i/v_axi4s_vid_out_0/inst/COUPLER_INST/generate_async_fifo.FIFO_INST/XPM_FIFO_ASYNC_INST/gnuram_async_fifo.xpm_fifo_base_inst/gen_cdc_pntr.wr_pntr_cdc_inst/src_gray_ff_reg[8]/C
                            (rising edge-triggered cell FDRE clocked by clk_fpga_1  {rise@0.000ns fall@3.500ns period=7.000ns})
  Destination:            design_1_i/v_axi4s_vid_out_0/inst/COUPLER_INST/generate_async_fifo.FIFO_INST/XPM_FIFO_ASYNC_INST/gnuram_async_fifo.xpm_fifo_base_inst/gen_cdc_pntr.wr_pntr_cdc_inst/dest_graysync_ff_reg[0][8]/D
                            (rising edge-triggered cell FDRE clocked by axi_dynclk_0_PXL_CLK_O  {rise@0.000ns fall@4.000ns period=10.000ns})
  Path Group:             axi_dynclk_0_PXL_CLK_O
  Path Type:              Setup (Max at Slow Process Corner)
  Requirement:            7.000ns  (MaxDelay Path 7.000ns)
  Data Path Delay:        1.265ns  (logic 0.518ns (40.946%)  route 0.747ns (59.054%))
  Logic Levels:           0  
  Timing Exception:       MaxDelay Path 7.000ns -datapath_only

    Location             Delay type                Incr(ns)  Path(ns)    Netlist Resource(s)
  -------------------------------------------------------------------    -------------------
    SLICE_X34Y97                                      0.000     0.000 r  design_1_i/v_axi4s_vid_out_0/inst/COUPLER_INST/generate_async_fifo.FIFO_INST/XPM_FIFO_ASYNC_INST/gnuram_async_fifo.xpm_fifo_base_inst/gen_cdc_pntr.wr_pntr_cdc_inst/src_gray_ff_reg[8]/C
    SLICE_X34Y97         FDRE (Prop_fdre_C_Q)         0.518     0.518 r  design_1_i/v_axi4s_vid_out_0/inst/COUPLER_INST/generate_async_fifo.FIFO_INST/XPM_FIFO_ASYNC_INST/gnuram_async_fifo.xpm_fifo_base_inst/gen_cdc_pntr.wr_pntr_cdc_inst/src_gray_ff_reg[8]/Q
                         net (fo=1, routed)           0.747     1.265    design_1_i/v_axi4s_vid_out_0/inst/COUPLER_INST/generate_async_fifo.FIFO_INST/XPM_FIFO_ASYNC_INST/gnuram_async_fifo.xpm_fifo_base_inst/gen_cdc_pntr.wr_pntr_cdc_inst/async_path[8]
    SLICE_X35Y97         FDRE                                         r  design_1_i/v_axi4s_vid_out_0/inst/COUPLER_INST/generate_async_fifo.FIFO_INST/XPM_FIFO_ASYNC_INST/gnuram_async_fifo.xpm_fifo_base_inst/gen_cdc_pntr.wr_pntr_cdc_inst/dest_graysync_ff_reg[0][8]/D
  -------------------------------------------------------------------    -------------------

                         max delay                    7.000     7.000    
    SLICE_X35Y97         FDRE (Setup_fdre_C_D)       -0.095     6.905    design_1_i/v_axi4s_vid_out_0/inst/COUPLER_INST/generate_async_fifo.FIFO_INST/XPM_FIFO_ASYNC_INST/gnuram_async_fifo.xpm_fifo_base_inst/gen_cdc_pntr.wr_pntr_cdc_inst/dest_graysync_ff_reg[0][8]
  -------------------------------------------------------------------
                         required time                          6.905    
                         arrival time                          -1.265    
  -------------------------------------------------------------------
                         slack                                  5.640    

Slack (MET) :             5.642ns  (required time - arrival time)
  Source:                 design_1_i/v_axi4s_vid_out_0/inst/COUPLER_INST/generate_async_fifo.FIFO_INST/XPM_FIFO_ASYNC_INST/gnuram_async_fifo.xpm_fifo_base_inst/gen_cdc_pntr.wr_pntr_cdc_inst/src_gray_ff_reg[0]/C
                            (rising edge-triggered cell FDRE clocked by clk_fpga_1  {rise@0.000ns fall@3.500ns period=7.000ns})
  Destination:            design_1_i/v_axi4s_vid_out_0/inst/COUPLER_INST/generate_async_fifo.FIFO_INST/XPM_FIFO_ASYNC_INST/gnuram_async_fifo.xpm_fifo_base_inst/gen_cdc_pntr.wr_pntr_cdc_inst/dest_graysync_ff_reg[0][0]/D
                            (rising edge-triggered cell FDRE clocked by axi_dynclk_0_PXL_CLK_O  {rise@0.000ns fall@4.000ns period=10.000ns})
  Path Group:             axi_dynclk_0_PXL_CLK_O
  Path Type:              Setup (Max at Slow Process Corner)
  Requirement:            7.000ns  (MaxDelay Path 7.000ns)
  Data Path Delay:        1.255ns  (logic 0.456ns (36.331%)  route 0.799ns (63.669%))
  Logic Levels:           0  
  Timing Exception:       MaxDelay Path 7.000ns -datapath_only

    Location             Delay type                Incr(ns)  Path(ns)    Netlist Resource(s)
  -------------------------------------------------------------------    -------------------
    SLICE_X35Y92                                      0.000     0.000 r  design_1_i/v_axi4s_vid_out_0/inst/COUPLER_INST/generate_async_fifo.FIFO_INST/XPM_FIFO_ASYNC_INST/gnuram_async_fifo.xpm_fifo_base_inst/gen_cdc_pntr.wr_pntr_cdc_inst/src_gray_ff_reg[0]/C
    SLICE_X35Y92         FDRE (Prop_fdre_C_Q)         0.456     0.456 r  design_1_i/v_axi4s_vid_out_0/inst/COUPLER_INST/generate_async_fifo.FIFO_INST/XPM_FIFO_ASYNC_INST/gnuram_async_fifo.xpm_fifo_base_inst/gen_cdc_pntr.wr_pntr_cdc_inst/src_gray_ff_reg[0]/Q
                         net (fo=1, routed)           0.799     1.255    design_1_i/v_axi4s_vid_out_0/inst/COUPLER_INST/generate_async_fifo.FIFO_INST/XPM_FIFO_ASYNC_INST/gnuram_async_fifo.xpm_fifo_base_inst/gen_cdc_pntr.wr_pntr_cdc_inst/async_path[0]
    SLICE_X39Y92         FDRE                                         r  design_1_i/v_axi4s_vid_out_0/inst/COUPLER_INST/generate_async_fifo.FIFO_INST/XPM_FIFO_ASYNC_INST/gnuram_async_fifo.xpm_fifo_base_inst/gen_cdc_pntr.wr_pntr_cdc_inst/dest_graysync_ff_reg[0][0]/D
  -------------------------------------------------------------------    -------------------

                         max delay                    7.000     7.000    
    SLICE_X39Y92         FDRE (Setup_fdre_C_D)       -0.103     6.897    design_1_i/v_axi4s_vid_out_0/inst/COUPLER_INST/generate_async_fifo.FIFO_INST/XPM_FIFO_ASYNC_INST/gnuram_async_fifo.xpm_fifo_base_inst/gen_cdc_pntr.wr_pntr_cdc_inst/dest_graysync_ff_reg[0][0]
  -------------------------------------------------------------------
                         required time                          6.897    
                         arrival time                          -1.255    
  -------------------------------------------------------------------
                         slack                                  5.642    

Slack (MET) :             5.663ns  (required time - arrival time)
  Source:                 design_1_i/v_axi4s_vid_out_0/inst/COUPLER_INST/generate_async_fifo.FIFO_INST/XPM_FIFO_ASYNC_INST/gnuram_async_fifo.xpm_fifo_base_inst/gen_cdc_pntr.wr_pntr_cdc_inst/src_gray_ff_reg[7]/C
                            (rising edge-triggered cell FDRE clocked by clk_fpga_1  {rise@0.000ns fall@3.500ns period=7.000ns})
  Destination:            design_1_i/v_axi4s_vid_out_0/inst/COUPLER_INST/generate_async_fifo.FIFO_INST/XPM_FIFO_ASYNC_INST/gnuram_async_fifo.xpm_fifo_base_inst/gen_cdc_pntr.wr_pntr_cdc_inst/dest_graysync_ff_reg[0][7]/D
                            (rising edge-triggered cell FDRE clocked by axi_dynclk_0_PXL_CLK_O  {rise@0.000ns fall@4.000ns period=10.000ns})
  Path Group:             axi_dynclk_0_PXL_CLK_O
  Path Type:              Setup (Max at Slow Process Corner)
  Requirement:            7.000ns  (MaxDelay Path 7.000ns)
  Data Path Delay:        1.116ns  (logic 0.478ns (42.850%)  route 0.638ns (57.149%))
  Logic Levels:           0  
  Timing Exception:       MaxDelay Path 7.000ns -datapath_only

    Location             Delay type                Incr(ns)  Path(ns)    Netlist Resource(s)
  -------------------------------------------------------------------    -------------------
    SLICE_X34Y93                                      0.000     0.000 r  design_1_i/v_axi4s_vid_out_0/inst/COUPLER_INST/generate_async_fifo.FIFO_INST/XPM_FIFO_ASYNC_INST/gnuram_async_fifo.xpm_fifo_base_inst/gen_cdc_pntr.wr_pntr_cdc_inst/src_gray_ff_reg[7]/C
    SLICE_X34Y93         FDRE (Prop_fdre_C_Q)         0.478     0.478 r  design_1_i/v_axi4s_vid_out_0/inst/COUPLER_INST/generate_async_fifo.FIFO_INST/XPM_FIFO_ASYNC_INST/gnuram_async_fifo.xpm_fifo_base_inst/gen_cdc_pntr.wr_pntr_cdc_inst/src_gray_ff_reg[7]/Q
                         net (fo=1, routed)           0.638     1.116    design_1_i/v_axi4s_vid_out_0/inst/COUPLER_INST/generate_async_fifo.FIFO_INST/XPM_FIFO_ASYNC_INST/gnuram_async_fifo.xpm_fifo_base_inst/gen_cdc_pntr.wr_pntr_cdc_inst/async_path[7]
    SLICE_X34Y92         FDRE                                         r  design_1_i/v_axi4s_vid_out_0/inst/COUPLER_INST/generate_async_fifo.FIFO_INST/XPM_FIFO_ASYNC_INST/gnuram_async_fifo.xpm_fifo_base_inst/gen_cdc_pntr.wr_pntr_cdc_inst/dest_graysync_ff_reg[0][7]/D
  -------------------------------------------------------------------    -------------------

                         max delay                    7.000     7.000    
    SLICE_X34Y92         FDRE (Setup_fdre_C_D)       -0.221     6.779    design_1_i/v_axi4s_vid_out_0/inst/COUPLER_INST/generate_async_fifo.FIFO_INST/XPM_FIFO_ASYNC_INST/gnuram_async_fifo.xpm_fifo_base_inst/gen_cdc_pntr.wr_pntr_cdc_inst/dest_graysync_ff_reg[0][7]
  -------------------------------------------------------------------
                         required time                          6.779    
                         arrival time                          -1.116    
  -------------------------------------------------------------------
                         slack                                  5.663    

Slack (MET) :             5.733ns  (required time - arrival time)
  Source:                 design_1_i/v_axi4s_vid_out_0/inst/COUPLER_INST/generate_async_fifo.FIFO_INST/XPM_FIFO_ASYNC_INST/gnuram_async_fifo.xpm_fifo_base_inst/gen_cdc_pntr.wr_pntr_cdc_dc_inst/src_gray_ff_reg[5]/C
                            (rising edge-triggered cell FDRE clocked by clk_fpga_1  {rise@0.000ns fall@3.500ns period=7.000ns})
  Destination:            design_1_i/v_axi4s_vid_out_0/inst/COUPLER_INST/generate_async_fifo.FIFO_INST/XPM_FIFO_ASYNC_INST/gnuram_async_fifo.xpm_fifo_base_inst/gen_cdc_pntr.wr_pntr_cdc_dc_inst/dest_graysync_ff_reg[0][5]/D
                            (rising edge-triggered cell FDRE clocked by axi_dynclk_0_PXL_CLK_O  {rise@0.000ns fall@4.000ns period=10.000ns})
  Path Group:             axi_dynclk_0_PXL_CLK_O
  Path Type:              Setup (Max at Slow Process Corner)
  Requirement:            7.000ns  (MaxDelay Path 7.000ns)
  Data Path Delay:        0.999ns  (logic 0.419ns (41.929%)  route 0.580ns (58.071%))
  Logic Levels:           0  
  Timing Exception:       MaxDelay Path 7.000ns -datapath_only

    Location             Delay type                Incr(ns)  Path(ns)    Netlist Resource(s)
  -------------------------------------------------------------------    -------------------
    SLICE_X31Y91                                      0.000     0.000 r  design_1_i/v_axi4s_vid_out_0/inst/COUPLER_INST/generate_async_fifo.FIFO_INST/XPM_FIFO_ASYNC_INST/gnuram_async_fifo.xpm_fifo_base_inst/gen_cdc_pntr.wr_pntr_cdc_dc_inst/src_gray_ff_reg[5]/C
    SLICE_X31Y91         FDRE (Prop_fdre_C_Q)         0.419     0.419 r  design_1_i/v_axi4s_vid_out_0/inst/COUPLER_INST/generate_async_fifo.FIFO_INST/XPM_FIFO_ASYNC_INST/gnuram_async_fifo.xpm_fifo_base_inst/gen_cdc_pntr.wr_pntr_cdc_dc_inst/src_gray_ff_reg[5]/Q
                         net (fo=1, routed)           0.580     0.999    design_1_i/v_axi4s_vid_out_0/inst/COUPLER_INST/generate_async_fifo.FIFO_INST/XPM_FIFO_ASYNC_INST/gnuram_async_fifo.xpm_fifo_base_inst/gen_cdc_pntr.wr_pntr_cdc_dc_inst/async_path[5]
    SLICE_X31Y93         FDRE                                         r  design_1_i/v_axi4s_vid_out_0/inst/COUPLER_INST/generate_async_fifo.FIFO_INST/XPM_FIFO_ASYNC_INST/gnuram_async_fifo.xpm_fifo_base_inst/gen_cdc_pntr.wr_pntr_cdc_dc_inst/dest_graysync_ff_reg[0][5]/D
  -------------------------------------------------------------------    -------------------

                         max delay                    7.000     7.000    
    SLICE_X31Y93         FDRE (Setup_fdre_C_D)       -0.268     6.732    design_1_i/v_axi4s_vid_out_0/inst/COUPLER_INST/generate_async_fifo.FIFO_INST/XPM_FIFO_ASYNC_INST/gnuram_async_fifo.xpm_fifo_base_inst/gen_cdc_pntr.wr_pntr_cdc_dc_inst/dest_graysync_ff_reg[0][5]
  -------------------------------------------------------------------
                         required time                          6.732    
                         arrival time                          -0.999    
  -------------------------------------------------------------------
                         slack                                  5.733    

Slack (MET) :             5.746ns  (required time - arrival time)
  Source:                 design_1_i/v_axi4s_vid_out_0/inst/COUPLER_INST/generate_async_fifo.FIFO_INST/XPM_FIFO_ASYNC_INST/gnuram_async_fifo.xpm_fifo_base_inst/gen_cdc_pntr.wr_pntr_cdc_dc_inst/src_gray_ff_reg[3]/C
                            (rising edge-triggered cell FDRE clocked by clk_fpga_1  {rise@0.000ns fall@3.500ns period=7.000ns})
  Destination:            design_1_i/v_axi4s_vid_out_0/inst/COUPLER_INST/generate_async_fifo.FIFO_INST/XPM_FIFO_ASYNC_INST/gnuram_async_fifo.xpm_fifo_base_inst/gen_cdc_pntr.wr_pntr_cdc_dc_inst/dest_graysync_ff_reg[0][3]/D
                            (rising edge-triggered cell FDRE clocked by axi_dynclk_0_PXL_CLK_O  {rise@0.000ns fall@4.000ns period=10.000ns})
  Path Group:             axi_dynclk_0_PXL_CLK_O
  Path Type:              Setup (Max at Slow Process Corner)
  Requirement:            7.000ns  (MaxDelay Path 7.000ns)
  Data Path Delay:        1.035ns  (logic 0.419ns (40.484%)  route 0.616ns (59.516%))
  Logic Levels:           0  
  Timing Exception:       MaxDelay Path 7.000ns -datapath_only

    Location             Delay type                Incr(ns)  Path(ns)    Netlist Resource(s)
  -------------------------------------------------------------------    -------------------
    SLICE_X31Y91                                      0.000     0.000 r  design_1_i/v_axi4s_vid_out_0/inst/COUPLER_INST/generate_async_fifo.FIFO_INST/XPM_FIFO_ASYNC_INST/gnuram_async_fifo.xpm_fifo_base_inst/gen_cdc_pntr.wr_pntr_cdc_dc_inst/src_gray_ff_reg[3]/C
    SLICE_X31Y91         FDRE (Prop_fdre_C_Q)         0.419     0.419 r  design_1_i/v_axi4s_vid_out_0/inst/COUPLER_INST/generate_async_fifo.FIFO_INST/XPM_FIFO_ASYNC_INST/gnuram_async_fifo.xpm_fifo_base_inst/gen_cdc_pntr.wr_pntr_cdc_dc_inst/src_gray_ff_reg[3]/Q
                         net (fo=1, routed)           0.616     1.035    design_1_i/v_axi4s_vid_out_0/inst/COUPLER_INST/generate_async_fifo.FIFO_INST/XPM_FIFO_ASYNC_INST/gnuram_async_fifo.xpm_fifo_base_inst/gen_cdc_pntr.wr_pntr_cdc_dc_inst/async_path[3]
    SLICE_X32Y93         FDRE                                         r  design_1_i/v_axi4s_vid_out_0/inst/COUPLER_INST/generate_async_fifo.FIFO_INST/XPM_FIFO_ASYNC_INST/gnuram_async_fifo.xpm_fifo_base_inst/gen_cdc_pntr.wr_pntr_cdc_dc_inst/dest_graysync_ff_reg[0][3]/D
  -------------------------------------------------------------------    -------------------

                         max delay                    7.000     7.000    
    SLICE_X32Y93         FDRE (Setup_fdre_C_D)       -0.219     6.781    design_1_i/v_axi4s_vid_out_0/inst/COUPLER_INST/generate_async_fifo.FIFO_INST/XPM_FIFO_ASYNC_INST/gnuram_async_fifo.xpm_fifo_base_inst/gen_cdc_pntr.wr_pntr_cdc_dc_inst/dest_graysync_ff_reg[0][3]
  -------------------------------------------------------------------
                         required time                          6.781    
                         arrival time                          -1.035    
  -------------------------------------------------------------------
                         slack                                  5.746    

Slack (MET) :             5.758ns  (required time - arrival time)
  Source:                 design_1_i/v_axi4s_vid_out_0/inst/COUPLER_INST/generate_async_fifo.FIFO_INST/XPM_FIFO_ASYNC_INST/gnuram_async_fifo.xpm_fifo_base_inst/gen_cdc_pntr.wr_pntr_cdc_dc_inst/src_gray_ff_reg[1]/C
                            (rising edge-triggered cell FDRE clocked by clk_fpga_1  {rise@0.000ns fall@3.500ns period=7.000ns})
  Destination:            design_1_i/v_axi4s_vid_out_0/inst/COUPLER_INST/generate_async_fifo.FIFO_INST/XPM_FIFO_ASYNC_INST/gnuram_async_fifo.xpm_fifo_base_inst/gen_cdc_pntr.wr_pntr_cdc_dc_inst/dest_graysync_ff_reg[0][1]/D
                            (rising edge-triggered cell FDRE clocked by axi_dynclk_0_PXL_CLK_O  {rise@0.000ns fall@4.000ns period=10.000ns})
  Path Group:             axi_dynclk_0_PXL_CLK_O
  Path Type:              Setup (Max at Slow Process Corner)
  Requirement:            7.000ns  (MaxDelay Path 7.000ns)
  Data Path Delay:        1.020ns  (logic 0.419ns (41.094%)  route 0.601ns (58.906%))
  Logic Levels:           0  
  Timing Exception:       MaxDelay Path 7.000ns -datapath_only

    Location             Delay type                Incr(ns)  Path(ns)    Netlist Resource(s)
  -------------------------------------------------------------------    -------------------
    SLICE_X31Y91                                      0.000     0.000 r  design_1_i/v_axi4s_vid_out_0/inst/COUPLER_INST/generate_async_fifo.FIFO_INST/XPM_FIFO_ASYNC_INST/gnuram_async_fifo.xpm_fifo_base_inst/gen_cdc_pntr.wr_pntr_cdc_dc_inst/src_gray_ff_reg[1]/C
    SLICE_X31Y91         FDRE (Prop_fdre_C_Q)         0.419     0.419 r  design_1_i/v_axi4s_vid_out_0/inst/COUPLER_INST/generate_async_fifo.FIFO_INST/XPM_FIFO_ASYNC_INST/gnuram_async_fifo.xpm_fifo_base_inst/gen_cdc_pntr.wr_pntr_cdc_dc_inst/src_gray_ff_reg[1]/Q
                         net (fo=1, routed)           0.601     1.020    design_1_i/v_axi4s_vid_out_0/inst/COUPLER_INST/generate_async_fifo.FIFO_INST/XPM_FIFO_ASYNC_INST/gnuram_async_fifo.xpm_fifo_base_inst/gen_cdc_pntr.wr_pntr_cdc_dc_inst/async_path[1]
    SLICE_X30Y91         FDRE                                         r  design_1_i/v_axi4s_vid_out_0/inst/COUPLER_INST/generate_async_fifo.FIFO_INST/XPM_FIFO_ASYNC_INST/gnuram_async_fifo.xpm_fifo_base_inst/gen_cdc_pntr.wr_pntr_cdc_dc_inst/dest_graysync_ff_reg[0][1]/D
  -------------------------------------------------------------------    -------------------

                         max delay                    7.000     7.000    
    SLICE_X30Y91         FDRE (Setup_fdre_C_D)       -0.222     6.778    design_1_i/v_axi4s_vid_out_0/inst/COUPLER_INST/generate_async_fifo.FIFO_INST/XPM_FIFO_ASYNC_INST/gnuram_async_fifo.xpm_fifo_base_inst/gen_cdc_pntr.wr_pntr_cdc_dc_inst/dest_graysync_ff_reg[0][1]
  -------------------------------------------------------------------
                         required time                          6.778    
                         arrival time                          -1.020    
  -------------------------------------------------------------------
                         slack                                  5.758    

Slack (MET) :             5.763ns  (required time - arrival time)
  Source:                 design_1_i/v_axi4s_vid_out_0/inst/COUPLER_INST/generate_async_fifo.FIFO_INST/XPM_FIFO_ASYNC_INST/gnuram_async_fifo.xpm_fifo_base_inst/gen_cdc_pntr.wr_pntr_cdc_dc_inst/src_gray_ff_reg[9]/C
                            (rising edge-triggered cell FDRE clocked by clk_fpga_1  {rise@0.000ns fall@3.500ns period=7.000ns})
  Destination:            design_1_i/v_axi4s_vid_out_0/inst/COUPLER_INST/generate_async_fifo.FIFO_INST/XPM_FIFO_ASYNC_INST/gnuram_async_fifo.xpm_fifo_base_inst/gen_cdc_pntr.wr_pntr_cdc_dc_inst/dest_graysync_ff_reg[0][9]/D
                            (rising edge-triggered cell FDRE clocked by axi_dynclk_0_PXL_CLK_O  {rise@0.000ns fall@4.000ns period=10.000ns})
  Path Group:             axi_dynclk_0_PXL_CLK_O
  Path Type:              Setup (Max at Slow Process Corner)
  Requirement:            7.000ns  (MaxDelay Path 7.000ns)
  Data Path Delay:        1.017ns  (logic 0.419ns (41.195%)  route 0.598ns (58.805%))
  Logic Levels:           0  
  Timing Exception:       MaxDelay Path 7.000ns -datapath_only

    Location             Delay type                Incr(ns)  Path(ns)    Netlist Resource(s)
  -------------------------------------------------------------------    -------------------
    SLICE_X27Y95                                      0.000     0.000 r  design_1_i/v_axi4s_vid_out_0/inst/COUPLER_INST/generate_async_fifo.FIFO_INST/XPM_FIFO_ASYNC_INST/gnuram_async_fifo.xpm_fifo_base_inst/gen_cdc_pntr.wr_pntr_cdc_dc_inst/src_gray_ff_reg[9]/C
    SLICE_X27Y95         FDRE (Prop_fdre_C_Q)         0.419     0.419 r  design_1_i/v_axi4s_vid_out_0/inst/COUPLER_INST/generate_async_fifo.FIFO_INST/XPM_FIFO_ASYNC_INST/gnuram_async_fifo.xpm_fifo_base_inst/gen_cdc_pntr.wr_pntr_cdc_dc_inst/src_gray_ff_reg[9]/Q
                         net (fo=1, routed)           0.598     1.017    design_1_i/v_axi4s_vid_out_0/inst/COUPLER_INST/generate_async_fifo.FIFO_INST/XPM_FIFO_ASYNC_INST/gnuram_async_fifo.xpm_fifo_base_inst/gen_cdc_pntr.wr_pntr_cdc_dc_inst/async_path[9]
    SLICE_X28Y95         FDRE                                         r  design_1_i/v_axi4s_vid_out_0/inst/COUPLER_INST/generate_async_fifo.FIFO_INST/XPM_FIFO_ASYNC_INST/gnuram_async_fifo.xpm_fifo_base_inst/gen_cdc_pntr.wr_pntr_cdc_dc_inst/dest_graysync_ff_reg[0][9]/D
  -------------------------------------------------------------------    -------------------

                         max delay                    7.000     7.000    
    SLICE_X28Y95         FDRE (Setup_fdre_C_D)       -0.220     6.780    design_1_i/v_axi4s_vid_out_0/inst/COUPLER_INST/generate_async_fifo.FIFO_INST/XPM_FIFO_ASYNC_INST/gnuram_async_fifo.xpm_fifo_base_inst/gen_cdc_pntr.wr_pntr_cdc_dc_inst/dest_graysync_ff_reg[0][9]
  -------------------------------------------------------------------
                         required time                          6.780    
                         arrival time                          -1.017    
  -------------------------------------------------------------------
                         slack                                  5.763    

Slack (MET) :             5.769ns  (required time - arrival time)
  Source:                 design_1_i/v_axi4s_vid_out_0/inst/COUPLER_INST/generate_async_fifo.FIFO_INST/XPM_FIFO_ASYNC_INST/gnuram_async_fifo.xpm_fifo_base_inst/gen_cdc_pntr.wr_pntr_cdc_inst/src_gray_ff_reg[3]/C
                            (rising edge-triggered cell FDRE clocked by clk_fpga_1  {rise@0.000ns fall@3.500ns period=7.000ns})
  Destination:            design_1_i/v_axi4s_vid_out_0/inst/COUPLER_INST/generate_async_fifo.FIFO_INST/XPM_FIFO_ASYNC_INST/gnuram_async_fifo.xpm_fifo_base_inst/gen_cdc_pntr.wr_pntr_cdc_inst/dest_graysync_ff_reg[0][3]/D
                            (rising edge-triggered cell FDRE clocked by axi_dynclk_0_PXL_CLK_O  {rise@0.000ns fall@4.000ns period=10.000ns})
  Path Group:             axi_dynclk_0_PXL_CLK_O
  Path Type:              Setup (Max at Slow Process Corner)
  Requirement:            7.000ns  (MaxDelay Path 7.000ns)
  Data Path Delay:        1.007ns  (logic 0.478ns (47.462%)  route 0.529ns (52.538%))
  Logic Levels:           0  
  Timing Exception:       MaxDelay Path 7.000ns -datapath_only

    Location             Delay type                Incr(ns)  Path(ns)    Netlist Resource(s)
  -------------------------------------------------------------------    -------------------
    SLICE_X34Y93                                      0.000     0.000 r  design_1_i/v_axi4s_vid_out_0/inst/COUPLER_INST/generate_async_fifo.FIFO_INST/XPM_FIFO_ASYNC_INST/gnuram_async_fifo.xpm_fifo_base_inst/gen_cdc_pntr.wr_pntr_cdc_inst/src_gray_ff_reg[3]/C
    SLICE_X34Y93         FDRE (Prop_fdre_C_Q)         0.478     0.478 r  design_1_i/v_axi4s_vid_out_0/inst/COUPLER_INST/generate_async_fifo.FIFO_INST/XPM_FIFO_ASYNC_INST/gnuram_async_fifo.xpm_fifo_base_inst/gen_cdc_pntr.wr_pntr_cdc_inst/src_gray_ff_reg[3]/Q
                         net (fo=1, routed)           0.529     1.007    design_1_i/v_axi4s_vid_out_0/inst/COUPLER_INST/generate_async_fifo.FIFO_INST/XPM_FIFO_ASYNC_INST/gnuram_async_fifo.xpm_fifo_base_inst/gen_cdc_pntr.wr_pntr_cdc_inst/async_path[3]
    SLICE_X38Y93         FDRE                                         r  design_1_i/v_axi4s_vid_out_0/inst/COUPLER_INST/generate_async_fifo.FIFO_INST/XPM_FIFO_ASYNC_INST/gnuram_async_fifo.xpm_fifo_base_inst/gen_cdc_pntr.wr_pntr_cdc_inst/dest_graysync_ff_reg[0][3]/D
  -------------------------------------------------------------------    -------------------

                         max delay                    7.000     7.000    
    SLICE_X38Y93         FDRE (Setup_fdre_C_D)       -0.224     6.776    design_1_i/v_axi4s_vid_out_0/inst/COUPLER_INST/generate_async_fifo.FIFO_INST/XPM_FIFO_ASYNC_INST/gnuram_async_fifo.xpm_fifo_base_inst/gen_cdc_pntr.wr_pntr_cdc_inst/dest_graysync_ff_reg[0][3]
  -------------------------------------------------------------------
                         required time                          6.776    
                         arrival time                          -1.007    
  -------------------------------------------------------------------
                         slack                                  5.769    





---------------------------------------------------------------------------------------------------
From Clock:  axi_dynclk_0_PXL_CLK_O
  To Clock:  clk_fpga_1

Setup :            0  Failing Endpoints,  Worst Slack        8.582ns,  Total Violation        0.000ns
Hold  :           NA  Failing Endpoints,  Worst Slack           NA  ,  Total Violation           NA
---------------------------------------------------------------------------------------------------


Max Delay Paths
--------------------------------------------------------------------------------------
Slack (MET) :             8.582ns  (required time - arrival time)
  Source:                 design_1_i/v_axi4s_vid_out_0/inst/COUPLER_INST/generate_async_fifo.FIFO_INST/XPM_FIFO_ASYNC_INST/gnuram_async_fifo.xpm_fifo_base_inst/gen_cdc_pntr.rd_pntr_cdc_inst/src_gray_ff_reg[9]/C
                            (rising edge-triggered cell FDRE clocked by axi_dynclk_0_PXL_CLK_O  {rise@0.000ns fall@4.000ns period=10.000ns})
  Destination:            design_1_i/v_axi4s_vid_out_0/inst/COUPLER_INST/generate_async_fifo.FIFO_INST/XPM_FIFO_ASYNC_INST/gnuram_async_fifo.xpm_fifo_base_inst/gen_cdc_pntr.rd_pntr_cdc_inst/dest_graysync_ff_reg[0][9]/D
                            (rising edge-triggered cell FDRE clocked by clk_fpga_1  {rise@0.000ns fall@3.500ns period=7.000ns})
  Path Group:             clk_fpga_1
  Path Type:              Setup (Max at Slow Process Corner)
  Requirement:            10.000ns  (MaxDelay Path 10.000ns)
  Data Path Delay:        1.148ns  (logic 0.419ns (36.487%)  route 0.729ns (63.513%))
  Logic Levels:           0  
  Timing Exception:       MaxDelay Path 10.000ns -datapath_only

    Location             Delay type                Incr(ns)  Path(ns)    Netlist Resource(s)
  -------------------------------------------------------------------    -------------------
    SLICE_X26Y95                                      0.000     0.000 r  design_1_i/v_axi4s_vid_out_0/inst/COUPLER_INST/generate_async_fifo.FIFO_INST/XPM_FIFO_ASYNC_INST/gnuram_async_fifo.xpm_fifo_base_inst/gen_cdc_pntr.rd_pntr_cdc_inst/src_gray_ff_reg[9]/C
    SLICE_X26Y95         FDRE (Prop_fdre_C_Q)         0.419     0.419 r  design_1_i/v_axi4s_vid_out_0/inst/COUPLER_INST/generate_async_fifo.FIFO_INST/XPM_FIFO_ASYNC_INST/gnuram_async_fifo.xpm_fifo_base_inst/gen_cdc_pntr.rd_pntr_cdc_inst/src_gray_ff_reg[9]/Q
                         net (fo=1, routed)           0.729     1.148    design_1_i/v_axi4s_vid_out_0/inst/COUPLER_INST/generate_async_fifo.FIFO_INST/XPM_FIFO_ASYNC_INST/gnuram_async_fifo.xpm_fifo_base_inst/gen_cdc_pntr.rd_pntr_cdc_inst/async_path[9]
    SLICE_X19Y94         FDRE                                         r  design_1_i/v_axi4s_vid_out_0/inst/COUPLER_INST/generate_async_fifo.FIFO_INST/XPM_FIFO_ASYNC_INST/gnuram_async_fifo.xpm_fifo_base_inst/gen_cdc_pntr.rd_pntr_cdc_inst/dest_graysync_ff_reg[0][9]/D
  -------------------------------------------------------------------    -------------------

                         max delay                   10.000    10.000    
    SLICE_X19Y94         FDRE (Setup_fdre_C_D)       -0.270     9.730    design_1_i/v_axi4s_vid_out_0/inst/COUPLER_INST/generate_async_fifo.FIFO_INST/XPM_FIFO_ASYNC_INST/gnuram_async_fifo.xpm_fifo_base_inst/gen_cdc_pntr.rd_pntr_cdc_inst/dest_graysync_ff_reg[0][9]
  -------------------------------------------------------------------
                         required time                          9.730    
                         arrival time                          -1.148    
  -------------------------------------------------------------------
                         slack                                  8.582    

Slack (MET) :             8.615ns  (required time - arrival time)
  Source:                 design_1_i/v_axi4s_vid_out_0/inst/COUPLER_INST/generate_async_fifo.FIFO_INST/XPM_FIFO_ASYNC_INST/gnuram_async_fifo.xpm_fifo_base_inst/gen_cdc_pntr.rd_pntr_cdc_inst/src_gray_ff_reg[3]/C
                            (rising edge-triggered cell FDRE clocked by axi_dynclk_0_PXL_CLK_O  {rise@0.000ns fall@4.000ns period=10.000ns})
  Destination:            design_1_i/v_axi4s_vid_out_0/inst/COUPLER_INST/generate_async_fifo.FIFO_INST/XPM_FIFO_ASYNC_INST/gnuram_async_fifo.xpm_fifo_base_inst/gen_cdc_pntr.rd_pntr_cdc_inst/dest_graysync_ff_reg[0][3]/D
                            (rising edge-triggered cell FDRE clocked by clk_fpga_1  {rise@0.000ns fall@3.500ns period=7.000ns})
  Path Group:             clk_fpga_1
  Path Type:              Setup (Max at Slow Process Corner)
  Requirement:            10.000ns  (MaxDelay Path 10.000ns)
  Data Path Delay:        1.117ns  (logic 0.419ns (37.527%)  route 0.698ns (62.473%))
  Logic Levels:           0  
  Timing Exception:       MaxDelay Path 10.000ns -datapath_only

    Location             Delay type                Incr(ns)  Path(ns)    Netlist Resource(s)
  -------------------------------------------------------------------    -------------------
    SLICE_X26Y94                                      0.000     0.000 r  design_1_i/v_axi4s_vid_out_0/inst/COUPLER_INST/generate_async_fifo.FIFO_INST/XPM_FIFO_ASYNC_INST/gnuram_async_fifo.xpm_fifo_base_inst/gen_cdc_pntr.rd_pntr_cdc_inst/src_gray_ff_reg[3]/C
    SLICE_X26Y94         FDRE (Prop_fdre_C_Q)         0.419     0.419 r  design_1_i/v_axi4s_vid_out_0/inst/COUPLER_INST/generate_async_fifo.FIFO_INST/XPM_FIFO_ASYNC_INST/gnuram_async_fifo.xpm_fifo_base_inst/gen_cdc_pntr.rd_pntr_cdc_inst/src_gray_ff_reg[3]/Q
                         net (fo=1, routed)           0.698     1.117    design_1_i/v_axi4s_vid_out_0/inst/COUPLER_INST/generate_async_fifo.FIFO_INST/XPM_FIFO_ASYNC_INST/gnuram_async_fifo.xpm_fifo_base_inst/gen_cdc_pntr.rd_pntr_cdc_inst/async_path[3]
    SLICE_X21Y92         FDRE                                         r  design_1_i/v_axi4s_vid_out_0/inst/COUPLER_INST/generate_async_fifo.FIFO_INST/XPM_FIFO_ASYNC_INST/gnuram_async_fifo.xpm_fifo_base_inst/gen_cdc_pntr.rd_pntr_cdc_inst/dest_graysync_ff_reg[0][3]/D
  -------------------------------------------------------------------    -------------------

                         max delay                   10.000    10.000    
    SLICE_X21Y92         FDRE (Setup_fdre_C_D)       -0.268     9.732    design_1_i/v_axi4s_vid_out_0/inst/COUPLER_INST/generate_async_fifo.FIFO_INST/XPM_FIFO_ASYNC_INST/gnuram_async_fifo.xpm_fifo_base_inst/gen_cdc_pntr.rd_pntr_cdc_inst/dest_graysync_ff_reg[0][3]
  -------------------------------------------------------------------
                         required time                          9.732    
                         arrival time                          -1.117    
  -------------------------------------------------------------------
                         slack                                  8.615    

Slack (MET) :             8.641ns  (required time - arrival time)
  Source:                 design_1_i/v_axi4s_vid_out_0/inst/COUPLER_INST/generate_async_fifo.FIFO_INST/XPM_FIFO_ASYNC_INST/gnuram_async_fifo.xpm_fifo_base_inst/gen_cdc_pntr.rd_pntr_cdc_inst/src_gray_ff_reg[0]/C
                            (rising edge-triggered cell FDRE clocked by axi_dynclk_0_PXL_CLK_O  {rise@0.000ns fall@4.000ns period=10.000ns})
  Destination:            design_1_i/v_axi4s_vid_out_0/inst/COUPLER_INST/generate_async_fifo.FIFO_INST/XPM_FIFO_ASYNC_INST/gnuram_async_fifo.xpm_fifo_base_inst/gen_cdc_pntr.rd_pntr_cdc_inst/dest_graysync_ff_reg[0][0]/D
                            (rising edge-triggered cell FDRE clocked by clk_fpga_1  {rise@0.000ns fall@3.500ns period=7.000ns})
  Path Group:             clk_fpga_1
  Path Type:              Setup (Max at Slow Process Corner)
  Requirement:            10.000ns  (MaxDelay Path 10.000ns)
  Data Path Delay:        1.264ns  (logic 0.456ns (36.087%)  route 0.808ns (63.913%))
  Logic Levels:           0  
  Timing Exception:       MaxDelay Path 10.000ns -datapath_only

    Location             Delay type                Incr(ns)  Path(ns)    Netlist Resource(s)
  -------------------------------------------------------------------    -------------------
    SLICE_X26Y91                                      0.000     0.000 r  design_1_i/v_axi4s_vid_out_0/inst/COUPLER_INST/generate_async_fifo.FIFO_INST/XPM_FIFO_ASYNC_INST/gnuram_async_fifo.xpm_fifo_base_inst/gen_cdc_pntr.rd_pntr_cdc_inst/src_gray_ff_reg[0]/C
    SLICE_X26Y91         FDRE (Prop_fdre_C_Q)         0.456     0.456 r  design_1_i/v_axi4s_vid_out_0/inst/COUPLER_INST/generate_async_fifo.FIFO_INST/XPM_FIFO_ASYNC_INST/gnuram_async_fifo.xpm_fifo_base_inst/gen_cdc_pntr.rd_pntr_cdc_inst/src_gray_ff_reg[0]/Q
                         net (fo=1, routed)           0.808     1.264    design_1_i/v_axi4s_vid_out_0/inst/COUPLER_INST/generate_async_fifo.FIFO_INST/XPM_FIFO_ASYNC_INST/gnuram_async_fifo.xpm_fifo_base_inst/gen_cdc_pntr.rd_pntr_cdc_inst/async_path[0]
    SLICE_X21Y91         FDRE                                         r  design_1_i/v_axi4s_vid_out_0/inst/COUPLER_INST/generate_async_fifo.FIFO_INST/XPM_FIFO_ASYNC_INST/gnuram_async_fifo.xpm_fifo_base_inst/gen_cdc_pntr.rd_pntr_cdc_inst/dest_graysync_ff_reg[0][0]/D
  -------------------------------------------------------------------    -------------------

                         max delay                   10.000    10.000    
    SLICE_X21Y91         FDRE (Setup_fdre_C_D)       -0.095     9.905    design_1_i/v_axi4s_vid_out_0/inst/COUPLER_INST/generate_async_fifo.FIFO_INST/XPM_FIFO_ASYNC_INST/gnuram_async_fifo.xpm_fifo_base_inst/gen_cdc_pntr.rd_pntr_cdc_inst/dest_graysync_ff_reg[0][0]
  -------------------------------------------------------------------
                         required time                          9.905    
                         arrival time                          -1.264    
  -------------------------------------------------------------------
                         slack                                  8.641    

Slack (MET) :             8.752ns  (required time - arrival time)
  Source:                 design_1_i/v_axi4s_vid_out_0/inst/COUPLER_INST/generate_async_fifo.FIFO_INST/XPM_FIFO_ASYNC_INST/gnuram_async_fifo.xpm_fifo_base_inst/gen_cdc_pntr.rd_pntr_cdc_inst/src_gray_ff_reg[2]/C
                            (rising edge-triggered cell FDRE clocked by axi_dynclk_0_PXL_CLK_O  {rise@0.000ns fall@4.000ns period=10.000ns})
  Destination:            design_1_i/v_axi4s_vid_out_0/inst/COUPLER_INST/generate_async_fifo.FIFO_INST/XPM_FIFO_ASYNC_INST/gnuram_async_fifo.xpm_fifo_base_inst/gen_cdc_pntr.rd_pntr_cdc_inst/dest_graysync_ff_reg[0][2]/D
                            (rising edge-triggered cell FDRE clocked by clk_fpga_1  {rise@0.000ns fall@3.500ns period=7.000ns})
  Path Group:             clk_fpga_1
  Path Type:              Setup (Max at Slow Process Corner)
  Requirement:            10.000ns  (MaxDelay Path 10.000ns)
  Data Path Delay:        1.153ns  (logic 0.456ns (39.554%)  route 0.697ns (60.446%))
  Logic Levels:           0  
  Timing Exception:       MaxDelay Path 10.000ns -datapath_only

    Location             Delay type                Incr(ns)  Path(ns)    Netlist Resource(s)
  -------------------------------------------------------------------    -------------------
    SLICE_X26Y94                                      0.000     0.000 r  design_1_i/v_axi4s_vid_out_0/inst/COUPLER_INST/generate_async_fifo.FIFO_INST/XPM_FIFO_ASYNC_INST/gnuram_async_fifo.xpm_fifo_base_inst/gen_cdc_pntr.rd_pntr_cdc_inst/src_gray_ff_reg[2]/C
    SLICE_X26Y94         FDRE (Prop_fdre_C_Q)         0.456     0.456 r  design_1_i/v_axi4s_vid_out_0/inst/COUPLER_INST/generate_async_fifo.FIFO_INST/XPM_FIFO_ASYNC_INST/gnuram_async_fifo.xpm_fifo_base_inst/gen_cdc_pntr.rd_pntr_cdc_inst/src_gray_ff_reg[2]/Q
                         net (fo=1, routed)           0.697     1.153    design_1_i/v_axi4s_vid_out_0/inst/COUPLER_INST/generate_async_fifo.FIFO_INST/XPM_FIFO_ASYNC_INST/gnuram_async_fifo.xpm_fifo_base_inst/gen_cdc_pntr.rd_pntr_cdc_inst/async_path[2]
    SLICE_X21Y92         FDRE                                         r  design_1_i/v_axi4s_vid_out_0/inst/COUPLER_INST/generate_async_fifo.FIFO_INST/XPM_FIFO_ASYNC_INST/gnuram_async_fifo.xpm_fifo_base_inst/gen_cdc_pntr.rd_pntr_cdc_inst/dest_graysync_ff_reg[0][2]/D
  -------------------------------------------------------------------    -------------------

                         max delay                   10.000    10.000    
    SLICE_X21Y92         FDRE (Setup_fdre_C_D)       -0.095     9.905    design_1_i/v_axi4s_vid_out_0/inst/COUPLER_INST/generate_async_fifo.FIFO_INST/XPM_FIFO_ASYNC_INST/gnuram_async_fifo.xpm_fifo_base_inst/gen_cdc_pntr.rd_pntr_cdc_inst/dest_graysync_ff_reg[0][2]
  -------------------------------------------------------------------
                         required time                          9.905    
                         arrival time                          -1.153    
  -------------------------------------------------------------------
                         slack                                  8.752    

Slack (MET) :             8.762ns  (required time - arrival time)
  Source:                 design_1_i/v_axi4s_vid_out_0/inst/COUPLER_INST/generate_async_fifo.FIFO_INST/XPM_FIFO_ASYNC_INST/gnuram_async_fifo.xpm_fifo_base_inst/gen_cdc_pntr.rd_pntr_cdc_inst/src_gray_ff_reg[4]/C
                            (rising edge-triggered cell FDRE clocked by axi_dynclk_0_PXL_CLK_O  {rise@0.000ns fall@4.000ns period=10.000ns})
  Destination:            design_1_i/v_axi4s_vid_out_0/inst/COUPLER_INST/generate_async_fifo.FIFO_INST/XPM_FIFO_ASYNC_INST/gnuram_async_fifo.xpm_fifo_base_inst/gen_cdc_pntr.rd_pntr_cdc_inst/dest_graysync_ff_reg[0][4]/D
                            (rising edge-triggered cell FDRE clocked by clk_fpga_1  {rise@0.000ns fall@3.500ns period=7.000ns})
  Path Group:             clk_fpga_1
  Path Type:              Setup (Max at Slow Process Corner)
  Requirement:            10.000ns  (MaxDelay Path 10.000ns)
  Data Path Delay:        1.191ns  (logic 0.456ns (38.281%)  route 0.735ns (61.719%))
  Logic Levels:           0  
  Timing Exception:       MaxDelay Path 10.000ns -datapath_only

    Location             Delay type                Incr(ns)  Path(ns)    Netlist Resource(s)
  -------------------------------------------------------------------    -------------------
    SLICE_X26Y91                                      0.000     0.000 r  design_1_i/v_axi4s_vid_out_0/inst/COUPLER_INST/generate_async_fifo.FIFO_INST/XPM_FIFO_ASYNC_INST/gnuram_async_fifo.xpm_fifo_base_inst/gen_cdc_pntr.rd_pntr_cdc_inst/src_gray_ff_reg[4]/C
    SLICE_X26Y91         FDRE (Prop_fdre_C_Q)         0.456     0.456 r  design_1_i/v_axi4s_vid_out_0/inst/COUPLER_INST/generate_async_fifo.FIFO_INST/XPM_FIFO_ASYNC_INST/gnuram_async_fifo.xpm_fifo_base_inst/gen_cdc_pntr.rd_pntr_cdc_inst/src_gray_ff_reg[4]/Q
                         net (fo=1, routed)           0.735     1.191    design_1_i/v_axi4s_vid_out_0/inst/COUPLER_INST/generate_async_fifo.FIFO_INST/XPM_FIFO_ASYNC_INST/gnuram_async_fifo.xpm_fifo_base_inst/gen_cdc_pntr.rd_pntr_cdc_inst/async_path[4]
    SLICE_X20Y91         FDRE                                         r  design_1_i/v_axi4s_vid_out_0/inst/COUPLER_INST/generate_async_fifo.FIFO_INST/XPM_FIFO_ASYNC_INST/gnuram_async_fifo.xpm_fifo_base_inst/gen_cdc_pntr.rd_pntr_cdc_inst/dest_graysync_ff_reg[0][4]/D
  -------------------------------------------------------------------    -------------------

                         max delay                   10.000    10.000    
    SLICE_X20Y91         FDRE (Setup_fdre_C_D)       -0.047     9.953    design_1_i/v_axi4s_vid_out_0/inst/COUPLER_INST/generate_async_fifo.FIFO_INST/XPM_FIFO_ASYNC_INST/gnuram_async_fifo.xpm_fifo_base_inst/gen_cdc_pntr.rd_pntr_cdc_inst/dest_graysync_ff_reg[0][4]
  -------------------------------------------------------------------
                         required time                          9.953    
                         arrival time                          -1.191    
  -------------------------------------------------------------------
                         slack                                  8.762    

Slack (MET) :             8.764ns  (required time - arrival time)
  Source:                 design_1_i/v_axi4s_vid_out_0/inst/COUPLER_INST/generate_async_fifo.FIFO_INST/XPM_FIFO_ASYNC_INST/gnuram_async_fifo.xpm_fifo_base_inst/gen_cdc_pntr.rd_pntr_cdc_inst/src_gray_ff_reg[5]/C
                            (rising edge-triggered cell FDRE clocked by axi_dynclk_0_PXL_CLK_O  {rise@0.000ns fall@4.000ns period=10.000ns})
  Destination:            design_1_i/v_axi4s_vid_out_0/inst/COUPLER_INST/generate_async_fifo.FIFO_INST/XPM_FIFO_ASYNC_INST/gnuram_async_fifo.xpm_fifo_base_inst/gen_cdc_pntr.rd_pntr_cdc_inst/dest_graysync_ff_reg[0][5]/D
                            (rising edge-triggered cell FDRE clocked by clk_fpga_1  {rise@0.000ns fall@3.500ns period=7.000ns})
  Path Group:             clk_fpga_1
  Path Type:              Setup (Max at Slow Process Corner)
  Requirement:            10.000ns  (MaxDelay Path 10.000ns)
  Data Path Delay:        0.971ns  (logic 0.419ns (43.147%)  route 0.552ns (56.853%))
  Logic Levels:           0  
  Timing Exception:       MaxDelay Path 10.000ns -datapath_only

    Location             Delay type                Incr(ns)  Path(ns)    Netlist Resource(s)
  -------------------------------------------------------------------    -------------------
    SLICE_X26Y91                                      0.000     0.000 r  design_1_i/v_axi4s_vid_out_0/inst/COUPLER_INST/generate_async_fifo.FIFO_INST/XPM_FIFO_ASYNC_INST/gnuram_async_fifo.xpm_fifo_base_inst/gen_cdc_pntr.rd_pntr_cdc_inst/src_gray_ff_reg[5]/C
    SLICE_X26Y91         FDRE (Prop_fdre_C_Q)         0.419     0.419 r  design_1_i/v_axi4s_vid_out_0/inst/COUPLER_INST/generate_async_fifo.FIFO_INST/XPM_FIFO_ASYNC_INST/gnuram_async_fifo.xpm_fifo_base_inst/gen_cdc_pntr.rd_pntr_cdc_inst/src_gray_ff_reg[5]/Q
                         net (fo=1, routed)           0.552     0.971    design_1_i/v_axi4s_vid_out_0/inst/COUPLER_INST/generate_async_fifo.FIFO_INST/XPM_FIFO_ASYNC_INST/gnuram_async_fifo.xpm_fifo_base_inst/gen_cdc_pntr.rd_pntr_cdc_inst/async_path[5]
    SLICE_X21Y91         FDRE                                         r  design_1_i/v_axi4s_vid_out_0/inst/COUPLER_INST/generate_async_fifo.FIFO_INST/XPM_FIFO_ASYNC_INST/gnuram_async_fifo.xpm_fifo_base_inst/gen_cdc_pntr.rd_pntr_cdc_inst/dest_graysync_ff_reg[0][5]/D
  -------------------------------------------------------------------    -------------------

                         max delay                   10.000    10.000    
    SLICE_X21Y91         FDRE (Setup_fdre_C_D)       -0.265     9.735    design_1_i/v_axi4s_vid_out_0/inst/COUPLER_INST/generate_async_fifo.FIFO_INST/XPM_FIFO_ASYNC_INST/gnuram_async_fifo.xpm_fifo_base_inst/gen_cdc_pntr.rd_pntr_cdc_inst/dest_graysync_ff_reg[0][5]
  -------------------------------------------------------------------
                         required time                          9.735    
                         arrival time                          -0.971    
  -------------------------------------------------------------------
                         slack                                  8.764    

Slack (MET) :             8.778ns  (required time - arrival time)
  Source:                 design_1_i/v_axi4s_vid_out_0/inst/COUPLER_INST/generate_async_fifo.FIFO_INST/XPM_FIFO_ASYNC_INST/gnuram_async_fifo.xpm_fifo_base_inst/gen_cdc_pntr.rd_pntr_cdc_inst/src_gray_ff_reg[1]/C
                            (rising edge-triggered cell FDRE clocked by axi_dynclk_0_PXL_CLK_O  {rise@0.000ns fall@4.000ns period=10.000ns})
  Destination:            design_1_i/v_axi4s_vid_out_0/inst/COUPLER_INST/generate_async_fifo.FIFO_INST/XPM_FIFO_ASYNC_INST/gnuram_async_fifo.xpm_fifo_base_inst/gen_cdc_pntr.rd_pntr_cdc_inst/dest_graysync_ff_reg[0][1]/D
                            (rising edge-triggered cell FDRE clocked by clk_fpga_1  {rise@0.000ns fall@3.500ns period=7.000ns})
  Path Group:             clk_fpga_1
  Path Type:              Setup (Max at Slow Process Corner)
  Requirement:            10.000ns  (MaxDelay Path 10.000ns)
  Data Path Delay:        1.000ns  (logic 0.419ns (41.915%)  route 0.581ns (58.085%))
  Logic Levels:           0  
  Timing Exception:       MaxDelay Path 10.000ns -datapath_only

    Location             Delay type                Incr(ns)  Path(ns)    Netlist Resource(s)
  -------------------------------------------------------------------    -------------------
    SLICE_X26Y91                                      0.000     0.000 r  design_1_i/v_axi4s_vid_out_0/inst/COUPLER_INST/generate_async_fifo.FIFO_INST/XPM_FIFO_ASYNC_INST/gnuram_async_fifo.xpm_fifo_base_inst/gen_cdc_pntr.rd_pntr_cdc_inst/src_gray_ff_reg[1]/C
    SLICE_X26Y91         FDRE (Prop_fdre_C_Q)         0.419     0.419 r  design_1_i/v_axi4s_vid_out_0/inst/COUPLER_INST/generate_async_fifo.FIFO_INST/XPM_FIFO_ASYNC_INST/gnuram_async_fifo.xpm_fifo_base_inst/gen_cdc_pntr.rd_pntr_cdc_inst/src_gray_ff_reg[1]/Q
                         net (fo=1, routed)           0.581     1.000    design_1_i/v_axi4s_vid_out_0/inst/COUPLER_INST/generate_async_fifo.FIFO_INST/XPM_FIFO_ASYNC_INST/gnuram_async_fifo.xpm_fifo_base_inst/gen_cdc_pntr.rd_pntr_cdc_inst/async_path[1]
    SLICE_X20Y92         FDRE                                         r  design_1_i/v_axi4s_vid_out_0/inst/COUPLER_INST/generate_async_fifo.FIFO_INST/XPM_FIFO_ASYNC_INST/gnuram_async_fifo.xpm_fifo_base_inst/gen_cdc_pntr.rd_pntr_cdc_inst/dest_graysync_ff_reg[0][1]/D
  -------------------------------------------------------------------    -------------------

                         max delay                   10.000    10.000    
    SLICE_X20Y92         FDRE (Setup_fdre_C_D)       -0.222     9.778    design_1_i/v_axi4s_vid_out_0/inst/COUPLER_INST/generate_async_fifo.FIFO_INST/XPM_FIFO_ASYNC_INST/gnuram_async_fifo.xpm_fifo_base_inst/gen_cdc_pntr.rd_pntr_cdc_inst/dest_graysync_ff_reg[0][1]
  -------------------------------------------------------------------
                         required time                          9.778    
                         arrival time                          -1.000    
  -------------------------------------------------------------------
                         slack                                  8.778    

Slack (MET) :             8.800ns  (required time - arrival time)
  Source:                 design_1_i/v_axi4s_vid_out_0/inst/COUPLER_INST/generate_async_fifo.FIFO_INST/XPM_FIFO_ASYNC_INST/gnuram_async_fifo.xpm_fifo_base_inst/gen_cdc_pntr.rd_pntr_cdc_inst/src_gray_ff_reg[7]/C
                            (rising edge-triggered cell FDRE clocked by axi_dynclk_0_PXL_CLK_O  {rise@0.000ns fall@4.000ns period=10.000ns})
  Destination:            design_1_i/v_axi4s_vid_out_0/inst/COUPLER_INST/generate_async_fifo.FIFO_INST/XPM_FIFO_ASYNC_INST/gnuram_async_fifo.xpm_fifo_base_inst/gen_cdc_pntr.rd_pntr_cdc_inst/dest_graysync_ff_reg[0][7]/D
                            (rising edge-triggered cell FDRE clocked by clk_fpga_1  {rise@0.000ns fall@3.500ns period=7.000ns})
  Path Group:             clk_fpga_1
  Path Type:              Setup (Max at Slow Process Corner)
  Requirement:            10.000ns  (MaxDelay Path 10.000ns)
  Data Path Delay:        0.983ns  (logic 0.419ns (42.620%)  route 0.564ns (57.380%))
  Logic Levels:           0  
  Timing Exception:       MaxDelay Path 10.000ns -datapath_only

    Location             Delay type                Incr(ns)  Path(ns)    Netlist Resource(s)
  -------------------------------------------------------------------    -------------------
    SLICE_X26Y94                                      0.000     0.000 r  design_1_i/v_axi4s_vid_out_0/inst/COUPLER_INST/generate_async_fifo.FIFO_INST/XPM_FIFO_ASYNC_INST/gnuram_async_fifo.xpm_fifo_base_inst/gen_cdc_pntr.rd_pntr_cdc_inst/src_gray_ff_reg[7]/C
    SLICE_X26Y94         FDRE (Prop_fdre_C_Q)         0.419     0.419 r  design_1_i/v_axi4s_vid_out_0/inst/COUPLER_INST/generate_async_fifo.FIFO_INST/XPM_FIFO_ASYNC_INST/gnuram_async_fifo.xpm_fifo_base_inst/gen_cdc_pntr.rd_pntr_cdc_inst/src_gray_ff_reg[7]/Q
                         net (fo=1, routed)           0.564     0.983    design_1_i/v_axi4s_vid_out_0/inst/COUPLER_INST/generate_async_fifo.FIFO_INST/XPM_FIFO_ASYNC_INST/gnuram_async_fifo.xpm_fifo_base_inst/gen_cdc_pntr.rd_pntr_cdc_inst/async_path[7]
    SLICE_X20Y94         FDRE                                         r  design_1_i/v_axi4s_vid_out_0/inst/COUPLER_INST/generate_async_fifo.FIFO_INST/XPM_FIFO_ASYNC_INST/gnuram_async_fifo.xpm_fifo_base_inst/gen_cdc_pntr.rd_pntr_cdc_inst/dest_graysync_ff_reg[0][7]/D
  -------------------------------------------------------------------    -------------------

                         max delay                   10.000    10.000    
    SLICE_X20Y94         FDRE (Setup_fdre_C_D)       -0.217     9.783    design_1_i/v_axi4s_vid_out_0/inst/COUPLER_INST/generate_async_fifo.FIFO_INST/XPM_FIFO_ASYNC_INST/gnuram_async_fifo.xpm_fifo_base_inst/gen_cdc_pntr.rd_pntr_cdc_inst/dest_graysync_ff_reg[0][7]
  -------------------------------------------------------------------
                         required time                          9.783    
                         arrival time                          -0.983    
  -------------------------------------------------------------------
                         slack                                  8.800    

Slack (MET) :             8.855ns  (required time - arrival time)
  Source:                 design_1_i/v_axi4s_vid_out_0/inst/COUPLER_INST/generate_async_fifo.FIFO_INST/XPM_FIFO_ASYNC_INST/gnuram_async_fifo.xpm_fifo_base_inst/gen_cdc_pntr.rd_pntr_cdc_inst/src_gray_ff_reg[11]/C
                            (rising edge-triggered cell FDRE clocked by axi_dynclk_0_PXL_CLK_O  {rise@0.000ns fall@4.000ns period=10.000ns})
  Destination:            design_1_i/v_axi4s_vid_out_0/inst/COUPLER_INST/generate_async_fifo.FIFO_INST/XPM_FIFO_ASYNC_INST/gnuram_async_fifo.xpm_fifo_base_inst/gen_cdc_pntr.rd_pntr_cdc_inst/dest_graysync_ff_reg[0][11]/D
                            (rising edge-triggered cell FDRE clocked by clk_fpga_1  {rise@0.000ns fall@3.500ns period=7.000ns})
  Path Group:             clk_fpga_1
  Path Type:              Setup (Max at Slow Process Corner)
  Requirement:            10.000ns  (MaxDelay Path 10.000ns)
  Data Path Delay:        0.877ns  (logic 0.419ns (47.802%)  route 0.458ns (52.198%))
  Logic Levels:           0  
  Timing Exception:       MaxDelay Path 10.000ns -datapath_only

    Location             Delay type                Incr(ns)  Path(ns)    Netlist Resource(s)
  -------------------------------------------------------------------    -------------------
    SLICE_X22Y97                                      0.000     0.000 r  design_1_i/v_axi4s_vid_out_0/inst/COUPLER_INST/generate_async_fifo.FIFO_INST/XPM_FIFO_ASYNC_INST/gnuram_async_fifo.xpm_fifo_base_inst/gen_cdc_pntr.rd_pntr_cdc_inst/src_gray_ff_reg[11]/C
    SLICE_X22Y97         FDRE (Prop_fdre_C_Q)         0.419     0.419 r  design_1_i/v_axi4s_vid_out_0/inst/COUPLER_INST/generate_async_fifo.FIFO_INST/XPM_FIFO_ASYNC_INST/gnuram_async_fifo.xpm_fifo_base_inst/gen_cdc_pntr.rd_pntr_cdc_inst/src_gray_ff_reg[11]/Q
                         net (fo=1, routed)           0.458     0.877    design_1_i/v_axi4s_vid_out_0/inst/COUPLER_INST/generate_async_fifo.FIFO_INST/XPM_FIFO_ASYNC_INST/gnuram_async_fifo.xpm_fifo_base_inst/gen_cdc_pntr.rd_pntr_cdc_inst/async_path[11]
    SLICE_X19Y97         FDRE                                         r  design_1_i/v_axi4s_vid_out_0/inst/COUPLER_INST/generate_async_fifo.FIFO_INST/XPM_FIFO_ASYNC_INST/gnuram_async_fifo.xpm_fifo_base_inst/gen_cdc_pntr.rd_pntr_cdc_inst/dest_graysync_ff_reg[0][11]/D
  -------------------------------------------------------------------    -------------------

                         max delay                   10.000    10.000    
    SLICE_X19Y97         FDRE (Setup_fdre_C_D)       -0.268     9.732    design_1_i/v_axi4s_vid_out_0/inst/COUPLER_INST/generate_async_fifo.FIFO_INST/XPM_FIFO_ASYNC_INST/gnuram_async_fifo.xpm_fifo_base_inst/gen_cdc_pntr.rd_pntr_cdc_inst/dest_graysync_ff_reg[0][11]
  -------------------------------------------------------------------
                         required time                          9.732    
                         arrival time                          -0.877    
  -------------------------------------------------------------------
                         slack                                  8.855    

Slack (MET) :             8.902ns  (required time - arrival time)
  Source:                 design_1_i/v_axi4s_vid_out_0/inst/COUPLER_INST/generate_async_fifo.FIFO_INST/XPM_FIFO_ASYNC_INST/gnuram_async_fifo.xpm_fifo_base_inst/gen_cdc_pntr.rd_pntr_cdc_inst/src_gray_ff_reg[8]/C
                            (rising edge-triggered cell FDRE clocked by axi_dynclk_0_PXL_CLK_O  {rise@0.000ns fall@4.000ns period=10.000ns})
  Destination:            design_1_i/v_axi4s_vid_out_0/inst/COUPLER_INST/generate_async_fifo.FIFO_INST/XPM_FIFO_ASYNC_INST/gnuram_async_fifo.xpm_fifo_base_inst/gen_cdc_pntr.rd_pntr_cdc_inst/dest_graysync_ff_reg[0][8]/D
                            (rising edge-triggered cell FDRE clocked by clk_fpga_1  {rise@0.000ns fall@3.500ns period=7.000ns})
  Path Group:             clk_fpga_1
  Path Type:              Setup (Max at Slow Process Corner)
  Requirement:            10.000ns  (MaxDelay Path 10.000ns)
  Data Path Delay:        1.003ns  (logic 0.456ns (45.472%)  route 0.547ns (54.528%))
  Logic Levels:           0  
  Timing Exception:       MaxDelay Path 10.000ns -datapath_only

    Location             Delay type                Incr(ns)  Path(ns)    Netlist Resource(s)
  -------------------------------------------------------------------    -------------------
    SLICE_X26Y95                                      0.000     0.000 r  design_1_i/v_axi4s_vid_out_0/inst/COUPLER_INST/generate_async_fifo.FIFO_INST/XPM_FIFO_ASYNC_INST/gnuram_async_fifo.xpm_fifo_base_inst/gen_cdc_pntr.rd_pntr_cdc_inst/src_gray_ff_reg[8]/C
    SLICE_X26Y95         FDRE (Prop_fdre_C_Q)         0.456     0.456 r  design_1_i/v_axi4s_vid_out_0/inst/COUPLER_INST/generate_async_fifo.FIFO_INST/XPM_FIFO_ASYNC_INST/gnuram_async_fifo.xpm_fifo_base_inst/gen_cdc_pntr.rd_pntr_cdc_inst/src_gray_ff_reg[8]/Q
                         net (fo=1, routed)           0.547     1.003    design_1_i/v_axi4s_vid_out_0/inst/COUPLER_INST/generate_async_fifo.FIFO_INST/XPM_FIFO_ASYNC_INST/gnuram_async_fifo.xpm_fifo_base_inst/gen_cdc_pntr.rd_pntr_cdc_inst/async_path[8]
    SLICE_X25Y95         FDRE                                         r  design_1_i/v_axi4s_vid_out_0/inst/COUPLER_INST/generate_async_fifo.FIFO_INST/XPM_FIFO_ASYNC_INST/gnuram_async_fifo.xpm_fifo_base_inst/gen_cdc_pntr.rd_pntr_cdc_inst/dest_graysync_ff_reg[0][8]/D
  -------------------------------------------------------------------    -------------------

                         max delay                   10.000    10.000    
    SLICE_X25Y95         FDRE (Setup_fdre_C_D)       -0.095     9.905    design_1_i/v_axi4s_vid_out_0/inst/COUPLER_INST/generate_async_fifo.FIFO_INST/XPM_FIFO_ASYNC_INST/gnuram_async_fifo.xpm_fifo_base_inst/gen_cdc_pntr.rd_pntr_cdc_inst/dest_graysync_ff_reg[0][8]
  -------------------------------------------------------------------
                         required time                          9.905    
                         arrival time                          -1.003    
  -------------------------------------------------------------------
                         slack                                  8.902    





